# hid_inspect dump  2026-10-03 23:15:17
# path:    DevSrvsID:4294990788
# device:  Performance Designed Products - PDP RiffMaster Guitar for PS4 (serial 0000000907006838)
# options: size=64 timeout=1000 diff=False changes_only=True
# columns: elapsed_s  #report  len  bytes(hex, byte 0 first)

    0.0148  #1      len=64   01 80 80 80 80 0f 00 00 00 00 00 00 00 00 00 00 00 00 00 00 00 00 00 00 00 01 00 00 00 00 00 00 00 00 00 80 00 00 00 80 00 00 00 00 00 00 00 00 00 00 00 00 00 00 00 00 00 00 00 00 00 00 00 00
    0.4827  #2      len=64   01 80 80 80 80 0f 00 00 00 00 00 00 00 00 00 00 00 00 00 00 00 00 00 00 00 01 00 00 00 00 00 00 00 00 00 80 00 00 00 80 00 00 00 00 00 15 00 00 00 00 00 00 00 00 00 00 00 00 00 00 00 00 00 00
    0.6827  #3      len=64   01 80 80 80 80 0f 00 00 00 00 00 00 00 00 00 00 00 00 00 00 00 00 00 00 00 01 00 00 00 00 00 00 00 00 00 80 00 00 00 80 00 00 00 00 00 33 00 00 00 00 00 00 00 00 00 00 00 00 00 00 00 00 00 00
    0.8828  #4      len=64   01 80 80 80 80 0f 00 00 00 00 00 00 00 00 00 00 00 00 00 00 00 00 00 00 00 01 00 00 00 00 00 00 00 00 00 80 00 00 00 80 00 00 00 00 00 2a 00 00 00 00 00 00 00 00 00 00 00 00 00 00 00 00 00 00
    1.9508  #5      len=64   01 80 80 80 80 2f 00 00 00 00 00 00 00 00 00 00 00 00 00 00 00 00 00 00 00 01 00 00 00 00 00 00 00 00 00 80 00 00 00 80 00 00 00 00 00 2a 01 00 00 00 00 00 00 00 00 00 00 00 00 00 00 00 00 00
    1.9589  #6      len=64   01 80 80 80 80 af 00 00 00 00 00 00 00 00 00 00 00 00 00 00 00 00 00 00 00 01 00 00 00 00 00 00 00 00 00 80 00 00 00 80 00 00 00 00 00 2a 05 00 00 00 00 00 00 00 00 00 00 00 00 00 00 00 00 00
    3.0827  #7      len=64   01 80 80 80 80 af 00 00 00 00 00 00 00 00 00 00 00 00 00 00 00 00 00 00 00 01 00 00 00 00 00 00 00 00 00 80 00 00 00 80 00 00 00 00 00 22 05 00 00 00 00 00 00 00 00 00 00 00 00 00 00 00 00 00
    3.1587  #8      len=64   01 80 80 80 80 ef 00 00 00 00 00 00 00 00 00 00 00 00 00 00 00 00 00 00 00 01 00 00 00 00 00 00 00 00 00 80 00 00 00 80 00 00 00 00 00 22 07 00 00 00 00 00 00 00 00 00 00 00 00 00 00 00 00 00
    3.7147  #9      len=64   01 80 80 80 80 af 00 00 00 00 00 00 00 00 00 00 00 00 00 00 00 00 00 00 00 01 00 00 00 00 00 00 00 00 00 80 00 00 00 80 00 00 00 00 00 22 05 00 00 00 00 00 00 00 00 00 00 00 00 00 00 00 00 00
    3.8107  #10     len=64   01 80 80 80 80 2f 00 00 00 00 00 00 00 00 00 00 00 00 00 00 00 00 00 00 00 01 00 00 00 00 00 00 00 00 00 80 00 00 00 80 00 00 00 00 00 22 01 00 00 00 00 00 00 00 00 00 00 00 00 00 00 00 00 00
    3.9667  #11     len=64   01 80 80 80 80 af 00 00 00 00 00 00 00 00 00 00 00 00 00 00 00 00 00 00 00 01 00 00 00 00 00 00 00 00 00 80 00 00 00 80 00 00 00 00 00 22 05 00 00 00 00 00 00 00 00 00 00 00 00 00 00 00 00 00
    4.3947  #12     len=64   01 80 80 80 80 2f 00 00 00 00 00 00 00 00 00 00 00 00 00 00 00 00 00 00 00 01 00 00 00 00 00 00 00 00 00 80 00 00 00 80 00 00 00 00 00 22 01 00 00 00 00 00 00 00 00 00 00 00 00 00 00 00 00 00
    4.6787  #13     len=64   01 80 80 80 80 6f 00 00 00 00 00 00 00 00 00 00 00 00 00 00 00 00 00 00 00 01 00 00 00 00 00 00 00 00 00 80 00 00 00 80 00 00 00 00 00 22 03 00 00 00 00 00 00 00 00 00 00 00 00 00 00 00 00 00
    5.1987  #14     len=64   01 80 80 80 80 ef 00 00 00 00 00 00 00 00 00 00 00 00 00 00 00 00 00 00 00 01 00 00 00 00 00 00 00 00 00 80 00 00 00 80 00 00 00 00 00 22 07 00 00 00 00 00 00 00 00 00 00 00 00 00 00 00 00 00
    5.8868  #15     len=64   01 80 80 80 80 ff 00 00 00 00 00 00 00 00 00 00 00 00 00 00 00 00 00 00 00 01 00 00 00 00 00 00 00 00 00 80 00 00 00 80 00 00 00 00 00 22 0f 00 00 00 00 00 00 00 00 00 00 00 00 00 00 00 00 00
    6.4667  #16     len=64   01 80 80 80 80 ef 00 00 00 00 00 00 00 00 00 00 00 00 00 00 00 00 00 00 00 01 00 00 00 00 00 00 00 00 00 80 00 00 00 80 00 00 00 00 00 22 07 00 00 00 00 00 00 00 00 00 00 00 00 00 00 00 00 00
    6.6587  #17     len=64   01 80 80 80 80 ef 01 00 00 00 00 00 00 00 00 00 00 00 00 00 00 00 00 00 00 01 00 00 00 00 00 00 00 00 00 80 00 00 00 80 00 00 00 00 00 22 17 00 00 00 00 00 00 00 00 00 00 00 00 00 00 00 00 00
    6.6828  #18     len=64   01 80 80 80 80 ef 01 00 00 00 00 00 00 00 00 00 00 00 00 00 00 00 00 00 00 01 00 00 00 00 00 00 00 00 00 80 00 00 00 80 00 00 00 00 00 2a 17 00 00 00 00 00 00 00 00 00 00 00 00 00 00 00 00 00
    6.8867  #19     len=64   01 80 80 80 80 ef 01 00 00 00 00 00 00 00 00 00 00 00 00 00 00 00 00 00 00 01 00 00 00 00 00 00 00 00 00 80 00 00 00 80 00 00 00 00 00 22 17 00 00 00 00 00 00 00 00 00 00 00 00 00 00 00 00 00
    6.9587  #20     len=64   01 80 80 80 80 ef 00 00 00 00 00 00 00 00 00 00 00 00 00 00 00 00 00 00 00 01 00 00 00 00 00 00 00 00 00 80 00 00 00 80 00 00 00 00 00 22 07 00 00 00 00 00 00 00 00 00 00 00 00 00 00 00 00 00
    7.0067  #21     len=64   01 80 80 80 80 2f 00 00 00 00 00 00 00 00 00 00 00 00 00 00 00 00 00 00 00 01 00 00 00 00 00 00 00 00 00 80 00 00 00 80 00 00 00 00 00 22 01 00 00 00 00 00 00 00 00 00 00 00 00 00 00 00 00 00
    7.0667  #22     len=64   01 80 80 80 80 0f 00 00 00 00 00 00 00 00 00 00 00 00 00 00 00 00 00 00 00 01 00 00 00 00 00 00 00 00 00 80 00 00 00 80 00 00 00 00 00 22 00 00 00 00 00 00 00 00 00 00 00 00 00 00 00 00 00 00
    7.2027  #23     len=64   01 80 80 80 80 2f 00 00 00 00 00 00 00 00 00 00 00 00 00 00 00 00 00 00 00 01 00 00 00 00 00 00 00 00 00 80 00 00 00 80 00 00 00 00 00 22 01 00 00 00 00 00 00 00 00 00 00 00 00 00 00 00 00 00
    7.5347  #24     len=64   01 80 80 80 80 6f 00 00 00 00 00 00 00 00 00 00 00 00 00 00 00 00 00 00 00 01 00 00 00 00 00 00 00 00 00 80 00 00 00 80 00 00 00 00 00 22 03 00 00 00 00 00 00 00 00 00 00 00 00 00 00 00 00 00
    7.5827  #25     len=64   01 80 80 80 80 4f 00 00 00 00 00 00 00 00 00 00 00 00 00 00 00 00 00 00 00 01 00 00 00 00 00 00 00 00 00 80 00 00 00 80 00 00 00 00 00 22 02 00 00 00 00 00 00 00 00 00 00 00 00 00 00 00 00 00
    7.6827  #26     len=64   01 80 80 80 80 4f 00 00 00 00 00 00 00 00 00 00 00 00 00 00 00 00 00 00 00 01 00 00 00 00 00 00 00 00 00 80 00 00 00 80 00 00 00 00 00 2a 02 00 00 00 00 00 00 00 00 00 00 00 00 00 00 00 00 00
    7.8827  #27     len=64   01 80 80 80 80 4f 00 00 00 00 00 00 00 00 00 00 00 00 00 00 00 00 00 00 00 01 00 00 00 00 00 00 00 00 00 80 00 00 00 80 00 00 00 00 00 22 02 00 00 00 00 00 00 00 00 00 00 00 00 00 00 00 00 00
    7.9787  #28     len=64   01 80 80 80 80 cf 00 00 00 00 00 00 00 00 00 00 00 00 00 00 00 00 00 00 00 01 00 00 00 00 00 00 00 00 00 80 00 00 00 80 00 00 00 00 00 22 06 00 00 00 00 00 00 00 00 00 00 00 00 00 00 00 00 00
    8.0027  #29     len=64   01 80 80 80 80 8f 00 00 00 00 00 00 00 00 00 00 00 00 00 00 00 00 00 00 00 01 00 00 00 00 00 00 00 00 00 80 00 00 00 80 00 00 00 00 00 22 04 00 00 00 00 00 00 00 00 00 00 00 00 00 00 00 00 00
    8.3427  #30     len=64   01 80 80 80 80 9f 00 00 00 00 00 00 00 00 00 00 00 00 00 00 00 00 00 00 00 01 00 00 00 00 00 00 00 00 00 80 00 00 00 80 00 00 00 00 00 22 0c 00 00 00 00 00 00 00 00 00 00 00 00 00 00 00 00 00
    8.5187  #31     len=64   01 80 80 80 80 1f 00 00 00 00 00 00 00 00 00 00 00 00 00 00 00 00 00 00 00 01 00 00 00 00 00 00 00 00 00 80 00 00 00 80 00 00 00 00 00 22 08 00 00 00 00 00 00 00 00 00 00 00 00 00 00 00 00 00
    8.9588  #32     len=64   01 80 80 80 80 0f 00 00 00 00 00 00 00 00 00 00 00 00 00 00 00 00 00 00 00 01 00 00 00 00 00 00 00 00 00 80 00 00 00 80 00 00 00 00 00 22 00 00 00 00 00 00 00 00 00 00 00 00 00 00 00 00 00 00
    9.0708  #33     len=64   01 80 80 80 80 0f 01 00 00 00 00 00 00 00 00 00 00 00 00 00 00 00 00 00 00 01 00 00 00 00 00 00 00 00 00 80 00 00 00 80 00 00 00 00 00 22 10 00 00 00 00 00 00 00 00 00 00 00 00 00 00 00 00 00
    9.8267  #34     len=64   01 80 80 80 80 0f 00 00 00 00 00 00 00 00 00 00 00 00 00 00 00 00 00 00 00 01 00 00 00 00 00 00 00 00 00 80 00 00 00 80 00 00 00 00 00 22 00 00 00 00 00 00 00 00 00 00 00 00 00 00 00 00 00 00
    9.8868  #35     len=64   01 80 80 80 80 0f 00 00 00 00 00 00 00 00 00 00 00 00 00 00 00 00 00 00 00 01 00 00 00 00 00 00 00 00 00 80 00 00 00 80 00 00 00 00 00 19 00 00 00 00 00 00 00 00 00 00 00 00 00 00 00 00 00 00
   10.0827  #36     len=64   01 80 80 80 80 0f 00 00 00 00 00 00 00 00 00 00 00 00 00 00 00 00 00 00 00 01 00 00 00 00 00 00 00 00 00 80 00 00 00 80 00 00 00 00 00 22 00 00 00 00 00 00 00 00 00 00 00 00 00 00 00 00 00 00
   10.0867  #37     len=64   01 80 80 80 80 0f 01 00 00 00 00 00 00 00 00 00 00 00 00 00 00 00 00 00 00 01 00 00 00 00 00 00 00 00 00 80 00 00 00 80 00 00 00 00 00 22 10 00 00 00 00 00 00 00 00 00 00 00 00 00 00 00 00 00
   10.3667  #38     len=64   01 80 80 80 80 0f 00 00 00 00 00 00 00 00 00 00 00 00 00 00 00 00 00 00 00 01 00 00 00 00 00 00 00 00 00 80 00 00 00 80 00 00 00 00 00 22 00 00 00 00 00 00 00 00 00 00 00 00 00 00 00 00 00 00
   10.5388  #39     len=64   01 80 80 80 80 2f 00 00 00 00 00 00 00 00 00 00 00 00 00 00 00 00 00 00 00 01 00 00 00 00 00 00 00 00 00 80 00 00 00 80 00 00 00 00 00 22 01 00 00 00 00 00 00 00 00 00 00 00 00 00 00 00 00 00
   10.8547  #40     len=64   01 80 80 80 80 6f 00 00 00 00 00 00 00 00 00 00 00 00 00 00 00 00 00 00 00 01 00 00 00 00 00 00 00 00 00 80 00 00 00 80 00 00 00 00 00 22 03 00 00 00 00 00 00 00 00 00 00 00 00 00 00 00 00 00
   11.1667  #41     len=64   01 80 80 80 80 ef 00 00 00 00 00 00 00 00 00 00 00 00 00 00 00 00 00 00 00 01 00 00 00 00 00 00 00 00 00 80 00 00 00 80 00 00 00 00 00 22 07 00 00 00 00 00 00 00 00 00 00 00 00 00 00 00 00 00
   11.2187  #42     len=64   01 80 80 80 80 cf 00 00 00 00 00 00 00 00 00 00 00 00 00 00 00 00 00 00 00 01 00 00 00 00 00 00 00 00 00 80 00 00 00 80 00 00 00 00 00 22 06 00 00 00 00 00 00 00 00 00 00 00 00 00 00 00 00 00
   11.3787  #43     len=64   01 80 80 80 80 8f 00 00 00 00 00 00 00 00 00 00 00 00 00 00 00 00 00 00 00 01 00 00 00 00 00 00 00 00 00 80 00 00 00 80 00 00 00 00 00 22 04 00 00 00 00 00 00 00 00 00 00 00 00 00 00 00 00 00
   11.4387  #44     len=64   01 80 80 80 80 0f 00 00 00 00 00 00 00 00 00 00 00 00 00 00 00 00 00 00 00 01 00 00 00 00 00 00 00 00 00 80 00 00 00 80 00 00 00 00 00 22 00 00 00 00 00 00 00 00 00 00 00 00 00 00 00 00 00 00
   11.5307  #45     len=64   01 80 80 80 80 2f 00 00 00 00 00 00 00 00 00 00 00 00 00 00 00 00 00 00 00 01 00 00 00 00 00 00 00 00 00 80 00 00 00 80 00 00 00 00 00 22 01 00 00 00 00 00 00 00 00 00 00 00 00 00 00 00 00 00
   12.2107  #46     len=64   01 80 80 80 80 0f 00 00 00 00 00 00 00 00 00 00 00 00 00 00 00 00 00 00 00 01 00 00 00 00 00 00 00 00 00 80 00 00 00 80 00 00 00 00 00 22 00 00 00 00 00 00 00 00 00 00 00 00 00 00 00 00 00 00
   12.4707  #47     len=64   01 80 80 80 80 2f 00 00 00 00 00 00 00 00 00 00 00 00 00 00 00 00 00 00 00 01 00 00 00 00 00 00 00 00 00 80 00 00 00 80 00 00 00 00 00 22 01 00 00 00 00 00 00 00 00 00 00 00 00 00 00 00 00 00
   12.8827  #48     len=64   01 80 80 80 80 2f 00 00 00 00 00 00 00 00 00 00 00 00 00 00 00 00 00 00 00 01 00 00 00 00 00 00 00 00 00 80 00 00 00 80 00 00 00 00 00 2e 01 00 00 00 00 00 00 00 00 00 00 00 00 00 00 00 00 00
   13.1787  #49     len=64   01 80 80 80 80 0f 00 00 00 00 00 00 00 00 00 00 00 00 00 00 00 00 00 00 00 01 00 00 00 00 00 00 00 00 00 80 00 00 00 80 00 00 00 00 00 2e 00 00 00 00 00 00 00 00 00 00 00 00 00 00 00 00 00 00
   13.2707  #50     len=64   01 80 80 80 80 2f 00 00 00 00 00 00 00 00 00 00 00 00 00 00 00 00 00 00 00 01 00 00 00 00 00 00 00 00 00 80 00 00 00 80 00 00 00 00 00 2e 01 00 00 00 00 00 00 00 00 00 00 00 00 00 00 00 00 00
   13.2869  #51     len=64   01 80 80 80 80 2f 00 00 00 00 00 00 00 00 00 00 00 00 00 00 00 00 00 00 00 01 00 00 00 00 00 00 00 00 00 80 00 00 00 80 00 00 00 00 00 26 01 00 00 00 00 00 00 00 00 00 00 00 00 00 00 00 00 00
   13.4787  #52     len=64   01 80 80 80 80 6f 00 00 00 00 00 00 00 00 00 00 00 00 00 00 00 00 00 00 00 01 00 00 00 00 00 00 00 00 00 80 00 00 00 80 00 00 00 00 00 26 03 00 00 00 00 00 00 00 00 00 00 00 00 00 00 00 00 00
   13.8867  #53     len=64   01 80 80 80 80 6f 00 00 00 00 00 00 00 00 00 00 00 00 00 00 00 00 00 00 00 01 00 00 00 00 00 00 00 00 00 80 00 00 00 80 00 00 00 00 00 2e 03 00 00 00 00 00 00 00 00 00 00 00 00 00 00 00 00 00
   13.9348  #54     len=64   01 80 80 80 80 2f 00 00 00 00 00 00 00 00 00 00 00 00 00 00 00 00 00 00 00 01 00 00 00 00 00 00 00 00 00 80 00 00 00 80 00 00 00 00 00 2e 01 00 00 00 00 00 00 00 00 00 00 00 00 00 00 00 00 00
   14.3387  #55     len=64   01 80 80 80 80 0f 00 00 00 00 00 00 00 00 00 00 00 00 00 00 00 00 00 00 00 01 00 00 00 00 00 00 00 00 00 80 00 00 00 80 00 00 00 00 00 2e 00 00 00 00 00 00 00 00 00 00 00 00 00 00 00 00 00 00
   14.4867  #56     len=64   01 80 80 80 80 0f 00 00 00 00 00 00 00 00 00 00 00 00 00 00 00 00 00 00 00 01 00 00 00 00 00 00 00 00 00 80 00 00 00 80 00 00 00 00 00 44 00 00 00 00 00 00 00 00 00 00 00 00 00 00 00 00 00 00
   14.5107  #57     len=64   01 80 80 80 80 4f 00 00 00 00 00 00 00 00 00 00 00 00 00 00 00 00 00 00 00 01 00 00 00 00 00 00 00 00 00 80 00 00 00 80 00 00 00 00 00 44 02 00 00 00 00 00 00 00 00 00 00 00 00 00 00 00 00 00
   14.6867  #58     len=64   01 80 80 80 80 4f 00 00 00 00 00 00 00 00 00 00 00 00 00 00 00 00 00 00 00 01 00 00 00 00 00 00 00 00 00 80 00 00 00 80 00 00 00 00 00 26 02 00 00 00 00 00 00 00 00 00 00 00 00 00 00 00 00 00
   14.8867  #59     len=64   01 80 80 80 80 4f 00 00 00 00 00 00 00 00 00 00 00 00 00 00 00 00 00 00 00 01 00 00 00 00 00 00 00 00 00 80 00 00 00 80 00 00 00 00 00 33 02 00 00 00 00 00 00 00 00 00 00 00 00 00 00 00 00 00
   15.0307  #60     len=64   01 80 80 80 80 0f 00 00 00 00 00 00 00 00 00 00 00 00 00 00 00 00 00 00 00 01 00 00 00 00 00 00 00 00 00 80 00 00 00 80 00 00 00 00 00 33 00 00 00 00 00 00 00 00 00 00 00 00 00 00 00 00 00 00
   15.0867  #61     len=64   01 80 80 80 80 0f 00 00 00 00 00 00 00 00 00 00 00 00 00 00 00 00 00 00 00 01 00 00 00 00 00 00 00 00 00 80 00 00 00 80 00 00 00 00 00 26 00 00 00 00 00 00 00 00 00 00 00 00 00 00 00 00 00 00
   15.2027  #62     len=64   01 80 80 80 80 2f 00 00 00 00 00 00 00 00 00 00 00 00 00 00 00 00 00 00 00 01 00 00 00 00 00 00 00 00 00 80 00 00 00 80 00 00 00 00 00 26 01 00 00 00 00 00 00 00 00 00 00 00 00 00 00 00 00 00
   15.4867  #63     len=64   01 80 80 80 80 2f 00 00 00 00 00 00 00 00 00 00 00 00 00 00 00 00 00 00 00 01 00 00 00 00 00 00 00 00 00 80 00 00 00 80 00 00 00 00 00 19 01 00 00 00 00 00 00 00 00 00 00 00 00 00 00 00 00 00
   15.6868  #64     len=64   01 80 80 80 80 2f 00 00 00 00 00 00 00 00 00 00 00 00 00 00 00 00 00 00 00 01 00 00 00 00 00 00 00 00 00 80 00 00 00 80 00 00 00 00 00 3b 01 00 00 00 00 00 00 00 00 00 00 00 00 00 00 00 00 00
   15.8787  #65     len=64   01 80 80 80 80 4f 00 00 00 00 00 00 00 00 00 00 00 00 00 00 00 00 00 00 00 01 00 00 00 00 00 00 00 00 00 80 00 00 00 80 00 00 00 00 00 3b 02 00 00 00 00 00 00 00 00 00 00 00 00 00 00 00 00 00
   15.8867  #66     len=64   01 80 80 80 80 4f 00 00 00 00 00 00 00 00 00 00 00 00 00 00 00 00 00 00 00 01 00 00 00 00 00 00 00 00 00 80 00 00 00 80 00 00 00 00 00 2a 02 00 00 00 00 00 00 00 00 00 00 00 00 00 00 00 00 00
   16.0867  #67     len=64   01 80 80 80 80 4f 00 00 00 00 00 00 00 00 00 00 00 00 00 00 00 00 00 00 00 01 00 00 00 00 00 00 00 00 00 80 00 00 00 80 00 00 00 00 00 37 02 00 00 00 00 00 00 00 00 00 00 00 00 00 00 00 00 00
   16.2867  #68     len=64   01 80 80 80 80 4f 00 00 00 00 00 00 00 00 00 00 00 00 00 00 00 00 00 00 00 01 00 00 00 00 00 00 00 00 00 80 00 00 00 80 00 00 00 00 00 2a 02 00 00 00 00 00 00 00 00 00 00 00 00 00 00 00 00 00
   16.5067  #69     len=64   01 80 80 80 80 6f 00 00 00 00 00 00 00 00 00 00 00 00 00 00 00 00 00 00 00 01 00 00 00 00 00 00 00 00 00 80 00 00 00 80 00 00 00 00 00 2a 03 00 00 00 00 00 00 00 00 00 00 00 00 00 00 00 00 00
   17.8507  #70     len=64   01 80 80 80 80 2f 00 00 00 00 00 00 00 00 00 00 00 00 00 00 00 00 00 00 00 01 00 00 00 00 00 00 00 00 00 80 00 00 00 80 00 00 00 00 00 2a 01 00 00 00 00 00 00 00 00 00 00 00 00 00 00 00 00 00
   17.8867  #71     len=64   01 80 80 80 80 2f 00 00 00 00 00 00 00 00 00 00 00 00 00 00 00 00 00 00 00 01 00 00 00 00 00 00 00 00 00 80 00 00 00 80 00 00 00 00 00 33 01 00 00 00 00 00 00 00 00 00 00 00 00 00 00 00 00 00
   17.9867  #72     len=64   01 80 80 80 80 0f 00 00 00 00 00 00 00 00 00 00 00 00 00 00 00 00 00 00 00 01 00 00 00 00 00 00 00 00 00 80 00 00 00 80 00 00 00 00 00 33 00 00 00 00 00 00 00 00 00 00 00 00 00 00 00 00 00 00
   18.1907  #73     len=64   01 80 80 80 80 2f 00 00 00 00 00 00 00 00 00 00 00 00 00 00 00 00 00 00 00 01 00 00 00 00 00 00 00 00 00 80 00 00 00 80 00 00 00 00 00 33 01 00 00 00 00 00 00 00 00 00 00 00 00 00 00 00 00 00
   18.5347  #74     len=64   01 80 80 80 80 af 00 00 00 00 00 00 00 00 00 00 00 00 00 00 00 00 00 00 00 01 00 00 00 00 00 00 00 00 00 80 00 00 00 80 00 00 00 00 00 33 05 00 00 00 00 00 00 00 00 00 00 00 00 00 00 00 00 00
   18.6867  #75     len=64   01 80 80 80 80 af 00 00 00 00 00 00 00 00 00 00 00 00 00 00 00 00 00 00 00 01 00 00 00 00 00 00 00 00 00 80 00 00 00 80 00 00 00 00 00 2a 05 00 00 00 00 00 00 00 00 00 00 00 00 00 00 00 00 00
   18.8867  #76     len=64   01 80 80 80 80 af 00 00 00 00 00 00 00 00 00 00 00 00 00 00 00 00 00 00 00 01 00 00 00 00 00 00 00 00 00 80 00 00 00 80 00 00 00 00 00 33 05 00 00 00 00 00 00 00 00 00 00 00 00 00 00 00 00 00
   19.0187  #77     len=64   01 80 80 80 80 2f 00 00 00 00 00 00 00 00 00 00 00 00 00 00 00 00 00 00 00 01 00 00 00 00 00 00 00 00 00 80 00 00 00 80 00 00 00 00 00 33 01 00 00 00 00 00 00 00 00 00 00 00 00 00 00 00 00 00
   19.0348  #78     len=64   01 80 80 80 80 0f 00 00 00 00 00 00 00 00 00 00 00 00 00 00 00 00 00 00 00 01 00 00 00 00 00 00 00 00 00 80 00 00 00 80 00 00 00 00 00 33 00 00 00 00 00 00 00 00 00 00 00 00 00 00 00 00 00 00
   19.0947  #79     len=64   01 80 80 80 80 2f 00 00 00 00 00 00 00 00 00 00 00 00 00 00 00 00 00 00 00 01 00 00 00 00 00 00 00 00 00 80 00 00 00 80 00 00 00 00 00 33 01 00 00 00 00 00 00 00 00 00 00 00 00 00 00 00 00 00
   19.1987  #80     len=64   01 80 80 80 80 0f 00 00 00 00 00 00 00 00 00 00 00 00 00 00 00 00 00 00 00 01 00 00 00 00 00 00 00 00 00 80 00 00 00 80 00 00 00 00 00 33 00 00 00 00 00 00 00 00 00 00 00 00 00 00 00 00 00 00
   19.2388  #81     len=64   01 80 80 80 80 8f 00 00 00 00 00 00 00 00 00 00 00 00 00 00 00 00 00 00 00 01 00 00 00 00 00 00 00 00 00 80 00 00 00 80 00 00 00 00 00 33 04 00 00 00 00 00 00 00 00 00 00 00 00 00 00 00 00 00
   19.7747  #82     len=64   01 80 80 80 80 af 00 00 00 00 00 00 00 00 00 00 00 00 00 00 00 00 00 00 00 01 00 00 00 00 00 00 00 00 00 80 00 00 00 80 00 00 00 00 00 33 05 00 00 00 00 00 00 00 00 00 00 00 00 00 00 00 00 00
   20.9868  #83     len=64   01 80 80 80 80 2f 00 00 00 00 00 00 00 00 00 00 00 00 00 00 00 00 00 00 00 01 00 00 00 00 00 00 00 00 00 80 00 00 00 80 00 00 00 00 00 33 01 00 00 00 00 00 00 00 00 00 00 00 00 00 00 00 00 00
   21.1507  #84     len=64   01 80 80 80 80 0f 00 00 00 00 00 00 00 00 00 00 00 00 00 00 00 00 00 00 00 01 00 00 00 00 00 00 00 00 00 80 00 00 00 80 00 00 00 00 00 33 00 00 00 00 00 00 00 00 00 00 00 00 00 00 00 00 00 00
   21.5547  #85     len=64   01 80 80 80 80 2f 00 00 00 00 00 00 00 00 00 00 00 00 00 00 00 00 00 00 00 01 00 00 00 00 00 00 00 00 00 80 00 00 00 80 00 00 00 00 00 33 01 00 00 00 00 00 00 00 00 00 00 00 00 00 00 00 00 00
   22.0227  #86     len=64   01 80 80 80 80 0f 00 00 00 00 00 00 00 00 00 00 00 00 00 00 00 00 00 00 00 01 00 00 00 00 00 00 00 00 00 80 00 00 00 80 00 00 00 00 00 33 00 00 00 00 00 00 00 00 00 00 00 00 00 00 00 00 00 00
   22.0867  #87     len=64   01 80 80 80 80 0f 00 00 00 00 00 00 00 00 00 00 00 00 00 00 00 00 00 00 00 01 00 00 00 00 00 00 00 00 00 80 00 00 00 80 00 00 00 00 00 2a 00 00 00 00 00 00 00 00 00 00 00 00 00 00 00 00 00 00
   22.1307  #88     len=64   01 80 80 80 80 1f 00 00 00 00 00 00 00 00 00 00 00 00 00 00 00 00 00 00 00 01 00 00 00 00 00 00 00 00 00 80 00 00 00 80 00 00 00 00 00 2a 08 00 00 00 00 00 00 00 00 00 00 00 00 00 00 00 00 00
   22.4867  #89     len=64   01 80 80 80 80 1f 00 00 00 00 00 00 00 00 00 00 00 00 00 00 00 00 00 00 00 01 00 00 00 00 00 00 00 00 00 80 00 00 00 80 00 00 00 00 00 33 08 00 00 00 00 00 00 00 00 00 00 00 00 00 00 00 00 00
   22.5987  #90     len=64   01 80 80 80 80 0f 00 00 00 00 00 00 00 00 00 00 00 00 00 00 00 00 00 00 00 01 00 00 00 00 00 00 00 00 00 80 00 00 00 80 00 00 00 00 00 33 00 00 00 00 00 00 00 00 00 00 00 00 00 00 00 00 00 00
   22.7747  #91     len=64   01 80 80 80 80 2f 00 00 00 00 00 00 00 00 00 00 00 00 00 00 00 00 00 00 00 01 00 00 00 00 00 00 00 00 00 80 00 00 00 80 00 00 00 00 00 33 01 00 00 00 00 00 00 00 00 00 00 00 00 00 00 00 00 00
   23.1388  #92     len=64   01 80 80 80 80 0f 00 00 00 00 00 00 00 00 00 00 00 00 00 00 00 00 00 00 00 01 00 00 00 00 00 00 00 00 00 80 00 00 00 80 00 00 00 00 00 33 00 00 00 00 00 00 00 00 00 00 00 00 00 00 00 00 00 00
   23.1908  #93     len=64   01 80 80 80 80 1f 00 00 00 00 00 00 00 00 00 00 00 00 00 00 00 00 00 00 00 01 00 00 00 00 00 00 00 00 00 80 00 00 00 80 00 00 00 00 00 33 08 00 00 00 00 00 00 00 00 00 00 00 00 00 00 00 00 00
   23.6187  #94     len=64   01 80 80 80 80 0f 00 00 00 00 00 00 00 00 00 00 00 00 00 00 00 00 00 00 00 01 00 00 00 00 00 00 00 00 00 80 00 00 00 80 00 00 00 00 00 33 00 00 00 00 00 00 00 00 00 00 00 00 00 00 00 00 00 00
   23.7748  #95     len=64   01 80 80 80 80 2f 00 00 00 00 00 00 00 00 00 00 00 00 00 00 00 00 00 00 00 01 00 00 00 00 00 00 00 00 00 80 00 00 00 80 00 00 00 00 00 33 01 00 00 00 00 00 00 00 00 00 00 00 00 00 00 00 00 00
   23.8987  #96     len=64   01 80 80 80 80 3f 00 00 00 00 00 00 00 00 00 00 00 00 00 00 00 00 00 00 00 01 00 00 00 00 00 00 00 00 00 80 00 00 00 80 00 00 00 00 00 33 09 00 00 00 00 00 00 00 00 00 00 00 00 00 00 00 00 00
   25.5307  #97     len=64   01 80 80 80 80 1f 00 00 00 00 00 00 00 00 00 00 00 00 00 00 00 00 00 00 00 01 00 00 00 00 00 00 00 00 00 80 00 00 00 80 00 00 00 00 00 33 08 00 00 00 00 00 00 00 00 00 00 00 00 00 00 00 00 00
   25.5387  #98     len=64   01 80 80 80 80 0f 00 00 00 00 00 00 00 00 00 00 00 00 00 00 00 00 00 00 00 01 00 00 00 00 00 00 00 00 00 80 00 00 00 80 00 00 00 00 00 33 00 00 00 00 00 00 00 00 00 00 00 00 00 00 00 00 00 00
   25.6907  #99     len=64   01 80 80 80 80 2f 00 00 00 00 00 00 00 00 00 00 00 00 00 00 00 00 00 00 00 01 00 00 00 00 00 00 00 00 00 80 00 00 00 80 00 00 00 00 00 33 01 00 00 00 00 00 00 00 00 00 00 00 00 00 00 00 00 00
   26.3067  #100    len=64   01 80 80 80 80 3f 00 00 00 00 00 00 00 00 00 00 00 00 00 00 00 00 00 00 00 01 00 00 00 00 00 00 00 00 00 80 00 00 00 80 00 00 00 00 00 33 09 00 00 00 00 00 00 00 00 00 00 00 00 00 00 00 00 00
   26.7987  #101    len=64   01 80 80 80 80 2f 00 00 00 00 00 00 00 00 00 00 00 00 00 00 00 00 00 00 00 01 00 00 00 00 00 00 00 00 00 80 00 00 00 80 00 00 00 00 00 33 01 00 00 00 00 00 00 00 00 00 00 00 00 00 00 00 00 00
   26.8068  #102    len=64   01 80 80 80 80 0f 00 00 00 00 00 00 00 00 00 00 00 00 00 00 00 00 00 00 00 01 00 00 00 00 00 00 00 00 00 80 00 00 00 80 00 00 00 00 00 33 00 00 00 00 00 00 00 00 00 00 00 00 00 00 00 00 00 00
   27.1948  #103    len=64   01 80 80 80 80 2f 00 00 00 00 00 00 00 00 00 00 00 00 00 00 00 00 00 00 00 01 00 00 00 00 00 00 00 00 00 80 00 00 00 80 00 00 00 00 00 33 01 00 00 00 00 00 00 00 00 00 00 00 00 00 00 00 00 00
   27.4668  #104    len=64   01 80 80 80 80 3f 00 00 00 00 00 00 00 00 00 00 00 00 00 00 00 00 00 00 00 01 00 00 00 00 00 00 00 00 00 80 00 00 00 80 00 00 00 00 00 33 09 00 00 00 00 00 00 00 00 00 00 00 00 00 00 00 00 00
   27.8147  #105    len=64   01 80 80 80 80 1f 00 00 00 00 00 00 00 00 00 00 00 00 00 00 00 00 00 00 00 01 00 00 00 00 00 00 00 00 00 80 00 00 00 80 00 00 00 00 00 33 08 00 00 00 00 00 00 00 00 00 00 00 00 00 00 00 00 00
   27.8348  #106    len=64   01 80 80 80 80 0f 00 00 00 00 00 00 00 00 00 00 00 00 00 00 00 00 00 00 00 01 00 00 00 00 00 00 00 00 00 80 00 00 00 80 00 00 00 00 00 33 00 00 00 00 00 00 00 00 00 00 00 00 00 00 00 00 00 00
   29.8867  #107    len=64   01 80 80 80 80 0f 00 00 00 00 00 00 00 00 00 00 00 00 00 00 00 00 00 00 00 01 00 00 00 00 00 00 00 00 00 80 00 00 00 80 00 00 00 00 00 2a 00 00 00 00 00 00 00 00 00 00 00 00 00 00 00 00 00 00
   32.0867  #108    len=64   01 80 80 80 80 0f 00 00 00 00 00 00 00 00 00 00 00 00 00 00 00 00 00 00 00 01 00 00 00 00 00 00 00 00 00 80 00 00 00 80 00 00 00 00 00 37 00 00 00 00 00 00 00 00 00 00 00 00 00 00 00 00 00 00
   36.9707  #109    len=64   01 80 80 80 80 0f 01 00 00 00 00 00 00 00 00 00 00 00 00 00 00 00 00 00 00 01 00 00 00 00 00 00 00 00 00 80 00 00 00 80 00 00 00 00 00 37 10 00 00 00 00 00 00 00 00 00 00 00 00 00 00 00 00 00
   37.1067  #110    len=64   01 80 80 80 80 1f 01 00 00 00 00 00 00 00 00 00 00 00 00 00 00 00 00 00 00 01 00 00 00 00 00 00 00 00 00 80 00 00 00 80 00 00 00 00 00 37 18 00 00 00 00 00 00 00 00 00 00 00 00 00 00 00 00 00
   37.1747  #111    len=64   01 80 80 80 80 9f 01 00 00 00 00 00 00 00 00 00 00 00 00 00 00 00 00 00 00 01 00 00 00 00 00 00 00 00 00 80 00 00 00 80 00 00 00 00 00 37 1c 00 00 00 00 00 00 00 00 00 00 00 00 00 00 00 00 00
   37.1788  #112    len=64   01 80 80 80 80 9f 00 00 00 00 00 00 00 00 00 00 00 00 00 00 00 00 00 00 00 01 00 00 00 00 00 00 00 00 00 80 00 00 00 80 00 00 00 00 00 37 0c 00 00 00 00 00 00 00 00 00 00 00 00 00 00 00 00 00
   37.2987  #113    len=64   01 80 80 80 80 cf 00 00 00 00 00 00 00 00 00 00 00 00 00 00 00 00 00 00 00 01 00 00 00 00 00 00 00 00 00 80 00 00 00 80 00 00 00 00 00 37 06 00 00 00 00 00 00 00 00 00 00 00 00 00 00 00 00 00
   37.3427  #114    len=64   01 80 80 80 80 4f 00 00 00 00 00 00 00 00 00 00 00 00 00 00 00 00 00 00 00 01 00 00 00 00 00 00 00 00 00 80 00 00 00 80 00 00 00 00 00 37 02 00 00 00 00 00 00 00 00 00 00 00 00 00 00 00 00 00
   37.5988  #115    len=64   01 80 80 80 80 0f 00 00 00 00 00 00 00 00 00 00 00 00 00 00 00 00 00 00 00 01 00 00 00 00 00 00 00 00 00 80 00 00 00 80 00 00 00 00 00 37 00 00 00 00 00 00 00 00 00 00 00 00 00 00 00 00 00 00
   37.7027  #116    len=64   01 80 80 80 80 2f 00 00 00 00 00 00 00 00 00 00 00 00 00 00 00 00 00 00 00 01 00 00 00 00 00 00 00 00 00 80 00 00 00 80 00 00 00 00 00 37 01 00 00 00 00 00 00 00 00 00 00 00 00 00 00 00 00 00
   37.8307  #117    len=64   01 80 80 80 80 6f 00 00 00 00 00 00 00 00 00 00 00 00 00 00 00 00 00 00 00 01 00 00 00 00 00 00 00 00 00 80 00 00 00 80 00 00 00 00 00 37 03 00 00 00 00 00 00 00 00 00 00 00 00 00 00 00 00 00
   37.8668  #118    len=64   01 80 80 80 80 ef 00 00 00 00 00 00 00 00 00 00 00 00 00 00 00 00 00 00 00 01 00 00 00 00 00 00 00 00 00 80 00 00 00 80 00 00 00 00 00 37 07 00 00 00 00 00 00 00 00 00 00 00 00 00 00 00 00 00
   37.9227  #119    len=64   01 80 80 80 80 ff 00 00 00 00 00 00 00 00 00 00 00 00 00 00 00 00 00 00 00 01 00 00 00 00 00 00 00 00 00 80 00 00 00 80 00 00 00 00 00 37 0f 00 00 00 00 00 00 00 00 00 00 00 00 00 00 00 00 00
   37.9267  #120    len=64   01 80 80 80 80 df 00 00 00 00 00 00 00 00 00 00 00 00 00 00 00 00 00 00 00 01 00 00 00 00 00 00 00 00 00 80 00 00 00 80 00 00 00 00 00 37 0e 00 00 00 00 00 00 00 00 00 00 00 00 00 00 00 00 00
   37.9827  #121    len=64   01 80 80 80 80 9f 00 00 00 00 00 00 00 00 00 00 00 00 00 00 00 00 00 00 00 01 00 00 00 00 00 00 00 00 00 80 00 00 00 80 00 00 00 00 00 37 0c 00 00 00 00 00 00 00 00 00 00 00 00 00 00 00 00 00
   38.0307  #122    len=64   01 80 80 80 80 1f 00 00 00 00 00 00 00 00 00 00 00 00 00 00 00 00 00 00 00 01 00 00 00 00 00 00 00 00 00 80 00 00 00 80 00 00 00 00 00 37 08 00 00 00 00 00 00 00 00 00 00 00 00 00 00 00 00 00
   38.0867  #123    len=64   01 80 80 80 80 0f 00 00 00 00 00 00 00 00 00 00 00 00 00 00 00 00 00 00 00 01 00 00 00 00 00 00 00 00 00 80 00 00 00 80 00 00 00 00 00 37 00 00 00 00 00 00 00 00 00 00 00 00 00 00 00 00 00 00
   38.1948  #124    len=64   01 80 80 80 80 0f 01 00 00 00 00 00 00 00 00 00 00 00 00 00 00 00 00 00 00 01 00 00 00 00 00 00 00 00 00 80 00 00 00 80 00 00 00 00 00 37 10 00 00 00 00 00 00 00 00 00 00 00 00 00 00 00 00 00
   38.2628  #125    len=64   01 80 80 80 80 1f 01 00 00 00 00 00 00 00 00 00 00 00 00 00 00 00 00 00 00 01 00 00 00 00 00 00 00 00 00 80 00 00 00 80 00 00 00 00 00 37 18 00 00 00 00 00 00 00 00 00 00 00 00 00 00 00 00 00
   38.2909  #126    len=64   01 80 80 80 80 9f 01 00 00 00 00 00 00 00 00 00 00 00 00 00 00 00 00 00 00 01 00 00 00 00 00 00 00 00 00 80 00 00 00 80 00 00 00 00 00 37 1c 00 00 00 00 00 00 00 00 00 00 00 00 00 00 00 00 00
   38.3547  #127    len=64   01 80 80 80 80 9f 00 00 00 00 00 00 00 00 00 00 00 00 00 00 00 00 00 00 00 01 00 00 00 00 00 00 00 00 00 80 00 00 00 80 00 00 00 00 00 37 0c 00 00 00 00 00 00 00 00 00 00 00 00 00 00 00 00 00
   38.3708  #128    len=64   01 80 80 80 80 df 00 00 00 00 00 00 00 00 00 00 00 00 00 00 00 00 00 00 00 01 00 00 00 00 00 00 00 00 00 80 00 00 00 80 00 00 00 00 00 37 0e 00 00 00 00 00 00 00 00 00 00 00 00 00 00 00 00 00
   38.3869  #129    len=64   01 80 80 80 80 cf 00 00 00 00 00 00 00 00 00 00 00 00 00 00 00 00 00 00 00 01 00 00 00 00 00 00 00 00 00 80 00 00 00 80 00 00 00 00 00 37 06 00 00 00 00 00 00 00 00 00 00 00 00 00 00 00 00 00
   38.4227  #130    len=64   01 80 80 80 80 4f 00 00 00 00 00 00 00 00 00 00 00 00 00 00 00 00 00 00 00 01 00 00 00 00 00 00 00 00 00 80 00 00 00 80 00 00 00 00 00 37 02 00 00 00 00 00 00 00 00 00 00 00 00 00 00 00 00 00
   38.4907  #131    len=64   01 80 80 80 80 0f 00 00 00 00 00 00 00 00 00 00 00 00 00 00 00 00 00 00 00 01 00 00 00 00 00 00 00 00 00 80 00 00 00 80 00 00 00 00 00 37 00 00 00 00 00 00 00 00 00 00 00 00 00 00 00 00 00 00
   38.5987  #132    len=64   01 80 80 80 80 2f 00 00 00 00 00 00 00 00 00 00 00 00 00 00 00 00 00 00 00 01 00 00 00 00 00 00 00 00 00 80 00 00 00 80 00 00 00 00 00 37 01 00 00 00 00 00 00 00 00 00 00 00 00 00 00 00 00 00
   38.6387  #133    len=64   01 80 80 80 80 6f 00 00 00 00 00 00 00 00 00 00 00 00 00 00 00 00 00 00 00 01 00 00 00 00 00 00 00 00 00 80 00 00 00 80 00 00 00 00 00 37 03 00 00 00 00 00 00 00 00 00 00 00 00 00 00 00 00 00
   38.6667  #134    len=64   01 80 80 80 80 ef 00 00 00 00 00 00 00 00 00 00 00 00 00 00 00 00 00 00 00 01 00 00 00 00 00 00 00 00 00 80 00 00 00 80 00 00 00 00 00 37 07 00 00 00 00 00 00 00 00 00 00 00 00 00 00 00 00 00
   38.6748  #135    len=64   01 80 80 80 80 cf 00 00 00 00 00 00 00 00 00 00 00 00 00 00 00 00 00 00 00 01 00 00 00 00 00 00 00 00 00 80 00 00 00 80 00 00 00 00 00 37 06 00 00 00 00 00 00 00 00 00 00 00 00 00 00 00 00 00
   38.7627  #136    len=64   01 80 80 80 80 9f 00 00 00 00 00 00 00 00 00 00 00 00 00 00 00 00 00 00 00 01 00 00 00 00 00 00 00 00 00 80 00 00 00 80 00 00 00 00 00 37 0c 00 00 00 00 00 00 00 00 00 00 00 00 00 00 00 00 00
   38.7907  #137    len=64   01 80 80 80 80 1f 00 00 00 00 00 00 00 00 00 00 00 00 00 00 00 00 00 00 00 01 00 00 00 00 00 00 00 00 00 80 00 00 00 80 00 00 00 00 00 37 08 00 00 00 00 00 00 00 00 00 00 00 00 00 00 00 00 00
   38.8308  #138    len=64   01 80 80 80 80 0f 00 00 00 00 00 00 00 00 00 00 00 00 00 00 00 00 00 00 00 01 00 00 00 00 00 00 00 00 00 80 00 00 00 80 00 00 00 00 00 37 00 00 00 00 00 00 00 00 00 00 00 00 00 00 00 00 00 00
   39.0307  #139    len=64   01 80 80 80 80 0f 01 00 00 00 00 00 00 00 00 00 00 00 00 00 00 00 00 00 00 01 00 00 00 00 00 00 00 00 00 80 00 00 00 80 00 00 00 00 00 37 10 00 00 00 00 00 00 00 00 00 00 00 00 00 00 00 00 00
   39.0947  #140    len=64   01 80 80 80 80 9f 01 00 00 00 00 00 00 00 00 00 00 00 00 00 00 00 00 00 00 01 00 00 00 00 00 00 00 00 00 80 00 00 00 80 00 00 00 00 00 37 1c 00 00 00 00 00 00 00 00 00 00 00 00 00 00 00 00 00
   39.1867  #141    len=64   01 80 80 80 80 9f 00 00 00 00 00 00 00 00 00 00 00 00 00 00 00 00 00 00 00 01 00 00 00 00 00 00 00 00 00 80 00 00 00 80 00 00 00 00 00 37 0c 00 00 00 00 00 00 00 00 00 00 00 00 00 00 00 00 00
   39.1907  #142    len=64   01 80 80 80 80 df 00 00 00 00 00 00 00 00 00 00 00 00 00 00 00 00 00 00 00 01 00 00 00 00 00 00 00 00 00 80 00 00 00 80 00 00 00 00 00 37 0e 00 00 00 00 00 00 00 00 00 00 00 00 00 00 00 00 00
   39.2387  #143    len=64   01 80 80 80 80 cf 00 00 00 00 00 00 00 00 00 00 00 00 00 00 00 00 00 00 00 01 00 00 00 00 00 00 00 00 00 80 00 00 00 80 00 00 00 00 00 37 06 00 00 00 00 00 00 00 00 00 00 00 00 00 00 00 00 00
   39.2628  #144    len=64   01 80 80 80 80 4f 00 00 00 00 00 00 00 00 00 00 00 00 00 00 00 00 00 00 00 01 00 00 00 00 00 00 00 00 00 80 00 00 00 80 00 00 00 00 00 37 02 00 00 00 00 00 00 00 00 00 00 00 00 00 00 00 00 00
   39.3028  #145    len=64   01 80 80 80 80 0f 00 00 00 00 00 00 00 00 00 00 00 00 00 00 00 00 00 00 00 01 00 00 00 00 00 00 00 00 00 80 00 00 00 80 00 00 00 00 00 37 00 00 00 00 00 00 00 00 00 00 00 00 00 00 00 00 00 00
   39.4027  #146    len=64   01 80 80 80 80 2f 00 00 00 00 00 00 00 00 00 00 00 00 00 00 00 00 00 00 00 01 00 00 00 00 00 00 00 00 00 80 00 00 00 80 00 00 00 00 00 37 01 00 00 00 00 00 00 00 00 00 00 00 00 00 00 00 00 00
   39.4707  #147    len=64   01 80 80 80 80 6f 00 00 00 00 00 00 00 00 00 00 00 00 00 00 00 00 00 00 00 01 00 00 00 00 00 00 00 00 00 80 00 00 00 80 00 00 00 00 00 37 03 00 00 00 00 00 00 00 00 00 00 00 00 00 00 00 00 00
   39.5268  #148    len=64   01 80 80 80 80 ef 00 00 00 00 00 00 00 00 00 00 00 00 00 00 00 00 00 00 00 01 00 00 00 00 00 00 00 00 00 80 00 00 00 80 00 00 00 00 00 37 07 00 00 00 00 00 00 00 00 00 00 00 00 00 00 00 00 00
   39.5867  #149    len=64   01 80 80 80 80 cf 00 00 00 00 00 00 00 00 00 00 00 00 00 00 00 00 00 00 00 01 00 00 00 00 00 00 00 00 00 80 00 00 00 80 00 00 00 00 00 37 06 00 00 00 00 00 00 00 00 00 00 00 00 00 00 00 00 00
   39.5907  #150    len=64   01 80 80 80 80 df 00 00 00 00 00 00 00 00 00 00 00 00 00 00 00 00 00 00 00 01 00 00 00 00 00 00 00 00 00 80 00 00 00 80 00 00 00 00 00 37 0e 00 00 00 00 00 00 00 00 00 00 00 00 00 00 00 00 00
   39.6467  #151    len=64   01 80 80 80 80 9f 00 00 00 00 00 00 00 00 00 00 00 00 00 00 00 00 00 00 00 01 00 00 00 00 00 00 00 00 00 80 00 00 00 80 00 00 00 00 00 37 0c 00 00 00 00 00 00 00 00 00 00 00 00 00 00 00 00 00
   39.6867  #152    len=64   01 80 80 80 80 1f 00 00 00 00 00 00 00 00 00 00 00 00 00 00 00 00 00 00 00 01 00 00 00 00 00 00 00 00 00 80 00 00 00 80 00 00 00 00 00 37 08 00 00 00 00 00 00 00 00 00 00 00 00 00 00 00 00 00
   39.7148  #153    len=64   01 80 80 80 80 0f 00 00 00 00 00 00 00 00 00 00 00 00 00 00 00 00 00 00 00 01 00 00 00 00 00 00 00 00 00 80 00 00 00 80 00 00 00 00 00 37 00 00 00 00 00 00 00 00 00 00 00 00 00 00 00 00 00 00
   41.0907  #154    len=64   01 80 80 80 80 4f 00 00 00 00 00 00 00 00 00 00 00 00 00 00 00 00 00 00 00 01 00 00 00 00 00 00 00 00 00 80 00 00 00 80 00 00 00 00 00 37 02 00 00 00 00 00 00 00 00 00 00 00 00 00 00 00 00 00
   41.2267  #155    len=64   01 80 80 80 80 4f 01 00 00 00 00 00 00 00 00 00 00 00 00 00 00 00 00 00 00 01 00 00 00 00 00 00 00 00 00 80 00 00 00 80 00 00 00 00 00 37 12 00 00 00 00 00 00 00 00 00 00 00 00 00 00 00 00 00
   41.2867  #156    len=64   01 80 80 80 80 4f 01 00 00 00 00 00 00 00 00 00 00 00 00 00 00 00 00 00 00 01 00 00 00 00 00 00 00 00 00 80 00 00 00 80 00 00 00 00 00 2e 12 00 00 00 00 00 00 00 00 00 00 00 00 00 00 00 00 00
   41.7827  #157    len=64   01 80 80 80 80 0f 01 00 00 00 00 00 00 00 00 00 00 00 00 00 00 00 00 00 00 01 00 00 00 00 00 00 00 00 00 80 00 00 00 80 00 00 00 00 00 2e 10 00 00 00 00 00 00 00 00 00 00 00 00 00 00 00 00 00
   41.8268  #158    len=64   01 80 80 80 80 0f 00 00 00 00 00 00 00 00 00 00 00 00 00 00 00 00 00 00 00 01 00 00 00 00 00 00 00 00 00 80 00 00 00 80 00 00 00 00 00 2e 00 00 00 00 00 00 00 00 00 00 00 00 00 00 00 00 00 00
   41.9307  #159    len=64   01 80 80 80 80 8f 00 00 00 00 00 00 00 00 00 00 00 00 00 00 00 00 00 00 00 01 00 00 00 00 00 00 00 00 00 80 00 00 00 80 00 00 00 00 00 2e 04 00 00 00 00 00 00 00 00 00 00 00 00 00 00 00 00 00
   41.9907  #160    len=64   01 80 80 80 80 9f 00 00 00 00 00 00 00 00 00 00 00 00 00 00 00 00 00 00 00 01 00 00 00 00 00 00 00 00 00 80 00 00 00 80 00 00 00 00 00 2e 0c 00 00 00 00 00 00 00 00 00 00 00 00 00 00 00 00 00
   42.0867  #161    len=64   01 80 80 80 80 9f 00 00 00 00 00 00 00 00 00 00 00 00 00 00 00 00 00 00 00 01 00 00 00 00 00 00 00 00 00 80 00 00 00 80 00 00 00 00 00 37 0c 00 00 00 00 00 00 00 00 00 00 00 00 00 00 00 00 00
   42.2387  #162    len=64   01 80 80 80 80 0f 00 00 00 00 00 00 00 00 00 00 00 00 00 00 00 00 00 00 00 01 00 00 00 00 00 00 00 00 00 80 00 00 00 80 00 00 00 00 00 37 00 00 00 00 00 00 00 00 00 00 00 00 00 00 00 00 00 00
   42.2868  #163    len=64   01 80 80 80 80 0f 00 00 00 00 00 00 00 00 00 00 00 00 00 00 00 00 00 00 00 01 00 00 00 00 00 00 00 00 00 80 00 00 00 80 00 00 00 00 00 2e 00 00 00 00 00 00 00 00 00 00 00 00 00 00 00 00 00 00
   42.2947  #164    len=64   01 80 80 80 80 2f 00 00 00 00 00 00 00 00 00 00 00 00 00 00 00 00 00 00 00 01 00 00 00 00 00 00 00 00 00 80 00 00 00 80 00 00 00 00 00 2e 01 00 00 00 00 00 00 00 00 00 00 00 00 00 00 00 00 00
   42.3947  #165    len=64   01 80 80 80 80 6f 00 00 00 00 00 00 00 00 00 00 00 00 00 00 00 00 00 00 00 01 00 00 00 00 00 00 00 00 00 80 00 00 00 80 00 00 00 00 00 2e 03 00 00 00 00 00 00 00 00 00 00 00 00 00 00 00 00 00
   42.6947  #166    len=64   01 80 80 80 80 ef 00 00 00 00 00 00 00 00 00 00 00 00 00 00 00 00 00 00 00 01 00 00 00 00 00 00 00 00 00 80 00 00 00 80 00 00 00 00 00 2e 07 00 00 00 00 00 00 00 00 00 00 00 00 00 00 00 00 00
   42.9427  #167    len=64   01 80 80 80 80 af 00 00 00 00 00 00 00 00 00 00 00 00 00 00 00 00 00 00 00 01 00 00 00 00 00 00 00 00 00 80 00 00 00 80 00 00 00 00 00 2e 05 00 00 00 00 00 00 00 00 00 00 00 00 00 00 00 00 00
   43.2507  #168    len=64   01 80 80 80 80 ef 00 00 00 00 00 00 00 00 00 00 00 00 00 00 00 00 00 00 00 01 00 00 00 00 00 00 00 00 00 80 00 00 00 80 00 00 00 00 00 2e 07 00 00 00 00 00 00 00 00 00 00 00 00 00 00 00 00 00
   43.4667  #169    len=64   01 80 80 80 80 6f 00 00 00 00 00 00 00 00 00 00 00 00 00 00 00 00 00 00 00 01 00 00 00 00 00 00 00 00 00 80 00 00 00 80 00 00 00 00 00 2e 03 00 00 00 00 00 00 00 00 00 00 00 00 00 00 00 00 00
   43.4949  #170    len=64   01 80 80 80 80 4f 00 00 00 00 00 00 00 00 00 00 00 00 00 00 00 00 00 00 00 01 00 00 00 00 00 00 00 00 00 80 00 00 00 80 00 00 00 00 00 2e 02 00 00 00 00 00 00 00 00 00 00 00 00 00 00 00 00 00
   43.6427  #171    len=64   01 80 80 80 80 cf 00 00 00 00 00 00 00 00 00 00 00 00 00 00 00 00 00 00 00 01 00 00 00 00 00 00 00 00 00 80 00 00 00 80 00 00 00 00 00 2e 06 00 00 00 00 00 00 00 00 00 00 00 00 00 00 00 00 00
   43.8907  #172    len=64   01 80 80 80 80 ef 00 00 00 00 00 00 00 00 00 00 00 00 00 00 00 00 00 00 00 01 00 00 00 00 00 00 00 00 00 80 00 00 00 80 00 00 00 00 00 2e 07 00 00 00 00 00 00 00 00 00 00 00 00 00 00 00 00 00
   43.9029  #173    len=64   01 80 80 80 80 6f 00 00 00 00 00 00 00 00 00 00 00 00 00 00 00 00 00 00 00 01 00 00 00 00 00 00 00 00 00 80 00 00 00 80 00 00 00 00 00 2e 03 00 00 00 00 00 00 00 00 00 00 00 00 00 00 00 00 00
   43.9707  #174    len=64   01 80 80 80 80 2f 00 00 00 00 00 00 00 00 00 00 00 00 00 00 00 00 00 00 00 01 00 00 00 00 00 00 00 00 00 80 00 00 00 80 00 00 00 00 00 2e 01 00 00 00 00 00 00 00 00 00 00 00 00 00 00 00 00 00
   44.0827  #175    len=64   01 80 80 80 80 0f 00 00 00 00 00 00 00 00 00 00 00 00 00 00 00 00 00 00 00 01 00 00 00 00 00 00 00 00 00 80 00 00 00 80 00 00 00 00 00 2e 00 00 00 00 00 00 00 00 00 00 00 00 00 00 00 00 00 00
   44.0867  #176    len=64   01 80 80 80 80 4f 00 00 00 00 00 00 00 00 00 00 00 00 00 00 00 00 00 00 00 01 00 00 00 00 00 00 00 00 00 80 00 00 00 80 00 00 00 00 00 37 02 00 00 00 00 00 00 00 00 00 00 00 00 00 00 00 00 00
   44.1189  #177    len=64   01 80 80 80 80 cf 00 00 00 00 00 00 00 00 00 00 00 00 00 00 00 00 00 00 00 01 00 00 00 00 00 00 00 00 00 80 00 00 00 80 00 00 00 00 00 37 06 00 00 00 00 00 00 00 00 00 00 00 00 00 00 00 00 00
   44.2867  #178    len=64   01 80 80 80 80 8f 00 00 00 00 00 00 00 00 00 00 00 00 00 00 00 00 00 00 00 01 00 00 00 00 00 00 00 00 00 80 00 00 00 80 00 00 00 00 00 2e 04 00 00 00 00 00 00 00 00 00 00 00 00 00 00 00 00 00
   44.3067  #179    len=64   01 80 80 80 80 0f 00 00 00 00 00 00 00 00 00 00 00 00 00 00 00 00 00 00 00 01 00 00 00 00 00 00 00 00 00 80 00 00 00 80 00 00 00 00 00 2e 00 00 00 00 00 00 00 00 00 00 00 00 00 00 00 00 00 00
   44.6867  #180    len=64   01 80 80 80 80 0f 00 00 00 00 00 00 00 00 00 00 00 00 00 00 00 00 00 00 00 01 00 00 00 00 00 00 00 00 00 80 00 00 00 80 00 00 00 00 00 37 00 00 00 00 00 00 00 00 00 00 00 00 00 00 00 00 00 00
   57.4627  #181    len=64   01 81 80 80 80 0f 00 00 00 00 00 00 00 00 00 00 00 00 00 00 00 00 00 00 00 01 00 00 00 00 00 00 00 00 00 80 00 00 00 80 00 00 00 00 00 37 00 00 00 00 00 00 00 00 00 00 00 00 00 00 00 00 00 00
   57.4707  #182    len=64   01 83 80 80 80 0f 00 00 00 00 00 00 00 00 00 00 00 00 00 00 00 00 00 00 00 01 00 00 00 00 00 00 00 00 00 80 00 00 00 80 00 00 00 00 00 37 00 00 00 00 00 00 00 00 00 00 00 00 00 00 00 00 00 00
   57.4829  #183    len=64   01 85 80 80 80 0f 00 00 00 00 00 00 00 00 00 00 00 00 00 00 00 00 00 00 00 01 00 00 00 00 00 00 00 00 00 80 00 00 00 80 00 00 00 00 00 37 00 00 00 00 00 00 00 00 00 00 00 00 00 00 00 00 00 00
   57.4908  #184    len=64   01 87 80 80 80 0f 00 00 00 00 00 00 00 00 00 00 00 00 00 00 00 00 00 00 00 01 00 00 00 00 00 00 00 00 00 80 00 00 00 80 00 00 00 00 00 37 00 00 00 00 00 00 00 00 00 00 00 00 00 00 00 00 00 00
   57.4989  #185    len=64   01 89 80 80 80 0f 00 00 00 00 00 00 00 00 00 00 00 00 00 00 00 00 00 00 00 01 00 00 00 00 00 00 00 00 00 80 00 00 00 80 00 00 00 00 00 37 00 00 00 00 00 00 00 00 00 00 00 00 00 00 00 00 00 00
   57.5028  #186    len=64   01 8a 80 80 80 0f 00 00 00 00 00 00 00 00 00 00 00 00 00 00 00 00 00 00 00 01 00 00 00 00 00 00 00 00 00 80 00 00 00 80 00 00 00 00 00 37 00 00 00 00 00 00 00 00 00 00 00 00 00 00 00 00 00 00
   57.5148  #187    len=64   01 8e 80 80 80 0f 00 00 00 00 00 00 00 00 00 00 00 00 00 00 00 00 00 00 00 01 00 00 00 00 00 00 00 00 00 80 00 00 00 80 00 00 00 00 00 37 00 00 00 00 00 00 00 00 00 00 00 00 00 00 00 00 00 00
   57.5228  #188    len=64   01 92 80 80 80 0f 00 00 00 00 00 00 00 00 00 00 00 00 00 00 00 00 00 00 00 01 00 00 00 00 00 00 00 00 00 80 00 00 00 80 00 00 00 00 00 37 00 00 00 00 00 00 00 00 00 00 00 00 00 00 00 00 00 00
   57.5268  #189    len=64   01 96 81 80 80 0f 00 00 00 00 00 00 00 00 00 00 00 00 00 00 00 00 00 00 00 01 00 00 00 00 00 00 00 00 00 80 00 00 00 80 00 00 00 00 00 37 00 00 00 00 00 00 00 00 00 00 00 00 00 00 00 00 00 00
   57.5388  #190    len=64   01 9d 81 80 80 0f 00 00 00 00 00 00 00 00 00 00 00 00 00 00 00 00 00 00 00 01 00 00 00 00 00 00 00 00 00 80 00 00 00 80 00 00 00 00 00 37 00 00 00 00 00 00 00 00 00 00 00 00 00 00 00 00 00 00
   57.5428  #191    len=64   01 ac 81 80 80 0f 00 00 00 00 00 00 00 00 00 00 00 00 00 00 00 00 00 00 00 01 00 00 00 00 00 00 00 00 00 80 00 00 00 80 00 00 00 00 00 37 00 00 00 00 00 00 00 00 00 00 00 00 00 00 00 00 00 00
   57.5549  #192    len=64   01 cb 81 80 80 0f 00 00 00 00 00 00 00 00 00 00 00 00 00 00 00 00 00 00 00 01 00 00 00 00 00 00 00 00 00 80 00 00 00 80 00 00 00 00 00 37 00 00 00 00 00 00 00 00 00 00 00 00 00 00 00 00 00 00
   57.5628  #193    len=64   01 fc 81 80 80 0f 00 00 00 00 00 00 00 00 00 00 00 00 00 00 00 00 00 00 00 01 00 00 00 00 00 00 00 00 00 80 00 00 00 80 00 00 00 00 00 37 00 00 00 00 00 00 00 00 00 00 00 00 00 00 00 00 00 00
   57.5667  #194    len=64   01 ff 81 80 80 0f 00 00 00 00 00 00 00 00 00 00 00 00 00 00 00 00 00 00 00 01 00 00 00 00 00 00 00 00 00 80 00 00 00 80 00 00 00 00 00 37 00 00 00 00 00 00 00 00 00 00 00 00 00 00 00 00 00 00
   57.8427  #195    len=64   01 fc 81 80 80 0f 00 00 00 00 00 00 00 00 00 00 00 00 00 00 00 00 00 00 00 01 00 00 00 00 00 00 00 00 00 80 00 00 00 80 00 00 00 00 00 37 00 00 00 00 00 00 00 00 00 00 00 00 00 00 00 00 00 00
   57.8467  #196    len=64   01 ec 81 80 80 0f 00 00 00 00 00 00 00 00 00 00 00 00 00 00 00 00 00 00 00 01 00 00 00 00 00 00 00 00 00 80 00 00 00 80 00 00 00 00 00 37 00 00 00 00 00 00 00 00 00 00 00 00 00 00 00 00 00 00
   57.8588  #197    len=64   01 dd 81 80 80 0f 00 00 00 00 00 00 00 00 00 00 00 00 00 00 00 00 00 00 00 01 00 00 00 00 00 00 00 00 00 80 00 00 00 80 00 00 00 00 00 37 00 00 00 00 00 00 00 00 00 00 00 00 00 00 00 00 00 00
   57.8627  #198    len=64   01 d9 81 80 80 0f 00 00 00 00 00 00 00 00 00 00 00 00 00 00 00 00 00 00 00 01 00 00 00 00 00 00 00 00 00 80 00 00 00 80 00 00 00 00 00 37 00 00 00 00 00 00 00 00 00 00 00 00 00 00 00 00 00 00
   57.8748  #199    len=64   01 d3 81 80 80 0f 00 00 00 00 00 00 00 00 00 00 00 00 00 00 00 00 00 00 00 01 00 00 00 00 00 00 00 00 00 80 00 00 00 80 00 00 00 00 00 37 00 00 00 00 00 00 00 00 00 00 00 00 00 00 00 00 00 00
   57.8827  #200    len=64   01 cd 81 80 80 0f 00 00 00 00 00 00 00 00 00 00 00 00 00 00 00 00 00 00 00 01 00 00 00 00 00 00 00 00 00 80 00 00 00 80 00 00 00 00 00 37 00 00 00 00 00 00 00 00 00 00 00 00 00 00 00 00 00 00
   57.8868  #201    len=64   01 c8 81 80 80 0f 00 00 00 00 00 00 00 00 00 00 00 00 00 00 00 00 00 00 00 01 00 00 00 00 00 00 00 00 00 80 00 00 00 80 00 00 00 00 00 37 00 00 00 00 00 00 00 00 00 00 00 00 00 00 00 00 00 00
   57.8988  #202    len=64   01 c3 81 80 80 0f 00 00 00 00 00 00 00 00 00 00 00 00 00 00 00 00 00 00 00 01 00 00 00 00 00 00 00 00 00 80 00 00 00 80 00 00 00 00 00 37 00 00 00 00 00 00 00 00 00 00 00 00 00 00 00 00 00 00
   57.9028  #203    len=64   01 be 81 80 80 0f 00 00 00 00 00 00 00 00 00 00 00 00 00 00 00 00 00 00 00 01 00 00 00 00 00 00 00 00 00 80 00 00 00 80 00 00 00 00 00 37 00 00 00 00 00 00 00 00 00 00 00 00 00 00 00 00 00 00
   57.9148  #204    len=64   01 ba 81 80 80 0f 00 00 00 00 00 00 00 00 00 00 00 00 00 00 00 00 00 00 00 01 00 00 00 00 00 00 00 00 00 80 00 00 00 80 00 00 00 00 00 37 00 00 00 00 00 00 00 00 00 00 00 00 00 00 00 00 00 00
   57.9228  #205    len=64   01 b6 81 80 80 0f 00 00 00 00 00 00 00 00 00 00 00 00 00 00 00 00 00 00 00 01 00 00 00 00 00 00 00 00 00 80 00 00 00 80 00 00 00 00 00 37 00 00 00 00 00 00 00 00 00 00 00 00 00 00 00 00 00 00
   57.9308  #206    len=64   01 b3 81 80 80 0f 00 00 00 00 00 00 00 00 00 00 00 00 00 00 00 00 00 00 00 01 00 00 00 00 00 00 00 00 00 80 00 00 00 80 00 00 00 00 00 37 00 00 00 00 00 00 00 00 00 00 00 00 00 00 00 00 00 00
   57.9389  #207    len=64   01 ad 81 80 80 0f 00 00 00 00 00 00 00 00 00 00 00 00 00 00 00 00 00 00 00 01 00 00 00 00 00 00 00 00 00 80 00 00 00 80 00 00 00 00 00 37 00 00 00 00 00 00 00 00 00 00 00 00 00 00 00 00 00 00
   57.9428  #208    len=64   01 a3 81 80 80 0f 00 00 00 00 00 00 00 00 00 00 00 00 00 00 00 00 00 00 00 01 00 00 00 00 00 00 00 00 00 80 00 00 00 80 00 00 00 00 00 37 00 00 00 00 00 00 00 00 00 00 00 00 00 00 00 00 00 00
   57.9507  #209    len=64   01 94 81 80 80 0f 00 00 00 00 00 00 00 00 00 00 00 00 00 00 00 00 00 00 00 01 00 00 00 00 00 00 00 00 00 80 00 00 00 80 00 00 00 00 00 37 00 00 00 00 00 00 00 00 00 00 00 00 00 00 00 00 00 00
   57.9628  #210    len=64   01 80 80 80 80 0f 00 00 00 00 00 00 00 00 00 00 00 00 00 00 00 00 00 00 00 01 00 00 00 00 00 00 00 00 00 80 00 00 00 80 00 00 00 00 00 37 00 00 00 00 00 00 00 00 00 00 00 00 00 00 00 00 00 00
   58.4187  #211    len=64   01 7e 70 80 80 0f 00 00 00 00 00 00 00 00 00 00 00 00 00 00 00 00 00 00 00 01 00 00 00 00 00 00 00 00 00 80 00 00 00 80 00 00 00 00 00 37 00 00 00 00 00 00 00 00 00 00 00 00 00 00 00 00 00 00
   58.4227  #212    len=64   01 7f 4d 80 80 0f 00 00 00 00 00 00 00 00 00 00 00 00 00 00 00 00 00 00 00 01 00 00 00 00 00 00 00 00 00 80 00 00 00 80 00 00 00 00 00 37 00 00 00 00 00 00 00 00 00 00 00 00 00 00 00 00 00 00
   58.4307  #213    len=64   01 87 28 80 80 0f 00 00 00 00 00 00 00 00 00 00 00 00 00 00 00 00 00 00 00 01 00 00 00 00 00 00 00 00 00 80 00 00 00 80 00 00 00 00 00 37 00 00 00 00 00 00 00 00 00 00 00 00 00 00 00 00 00 00
   58.4428  #214    len=64   01 8e 08 80 80 0f 00 00 00 00 00 00 00 00 00 00 00 00 00 00 00 00 00 00 00 01 00 00 00 00 00 00 00 00 00 80 00 00 00 80 00 00 00 00 00 37 00 00 00 00 00 00 00 00 00 00 00 00 00 00 00 00 00 00
   58.4508  #215    len=64   01 8f 00 80 80 0f 00 00 00 00 00 00 00 00 00 00 00 00 00 00 00 00 00 00 00 01 00 00 00 00 00 00 00 00 00 80 00 00 00 80 00 00 00 00 00 37 00 00 00 00 00 00 00 00 00 00 00 00 00 00 00 00 00 00
   58.4987  #216    len=64   01 86 00 80 80 0f 00 00 00 00 00 00 00 00 00 00 00 00 00 00 00 00 00 00 00 01 00 00 00 00 00 00 00 00 00 80 00 00 00 80 00 00 00 00 00 37 00 00 00 00 00 00 00 00 00 00 00 00 00 00 00 00 00 00
   58.5027  #217    len=64   01 7e 00 80 80 0f 00 00 00 00 00 00 00 00 00 00 00 00 00 00 00 00 00 00 00 01 00 00 00 00 00 00 00 00 00 80 00 00 00 80 00 00 00 00 00 37 00 00 00 00 00 00 00 00 00 00 00 00 00 00 00 00 00 00
   58.5227  #218    len=64   01 7d 00 80 80 0f 00 00 00 00 00 00 00 00 00 00 00 00 00 00 00 00 00 00 00 01 00 00 00 00 00 00 00 00 00 80 00 00 00 80 00 00 00 00 00 37 00 00 00 00 00 00 00 00 00 00 00 00 00 00 00 00 00 00
   58.5267  #219    len=64   01 76 00 80 80 0f 00 00 00 00 00 00 00 00 00 00 00 00 00 00 00 00 00 00 00 01 00 00 00 00 00 00 00 00 00 80 00 00 00 80 00 00 00 00 00 37 00 00 00 00 00 00 00 00 00 00 00 00 00 00 00 00 00 00
   58.5388  #220    len=64   01 6e 00 80 80 0f 00 00 00 00 00 00 00 00 00 00 00 00 00 00 00 00 00 00 00 01 00 00 00 00 00 00 00 00 00 80 00 00 00 80 00 00 00 00 00 37 00 00 00 00 00 00 00 00 00 00 00 00 00 00 00 00 00 00
   58.5468  #221    len=64   01 69 00 80 80 0f 00 00 00 00 00 00 00 00 00 00 00 00 00 00 00 00 00 00 00 01 00 00 00 00 00 00 00 00 00 80 00 00 00 80 00 00 00 00 00 37 00 00 00 00 00 00 00 00 00 00 00 00 00 00 00 00 00 00
   58.5547  #222    len=64   01 61 00 80 80 0f 00 00 00 00 00 00 00 00 00 00 00 00 00 00 00 00 00 00 00 01 00 00 00 00 00 00 00 00 00 80 00 00 00 80 00 00 00 00 00 37 00 00 00 00 00 00 00 00 00 00 00 00 00 00 00 00 00 00
   58.5628  #223    len=64   01 5a 00 80 80 0f 00 00 00 00 00 00 00 00 00 00 00 00 00 00 00 00 00 00 00 01 00 00 00 00 00 00 00 00 00 80 00 00 00 80 00 00 00 00 00 37 00 00 00 00 00 00 00 00 00 00 00 00 00 00 00 00 00 00
   58.5668  #224    len=64   01 57 00 80 80 0f 00 00 00 00 00 00 00 00 00 00 00 00 00 00 00 00 00 00 00 01 00 00 00 00 00 00 00 00 00 80 00 00 00 80 00 00 00 00 00 37 00 00 00 00 00 00 00 00 00 00 00 00 00 00 00 00 00 00
   58.5788  #225    len=64   01 51 00 80 80 0f 00 00 00 00 00 00 00 00 00 00 00 00 00 00 00 00 00 00 00 01 00 00 00 00 00 00 00 00 00 80 00 00 00 80 00 00 00 00 00 37 00 00 00 00 00 00 00 00 00 00 00 00 00 00 00 00 00 00
   58.5828  #226    len=64   01 46 00 80 80 0f 00 00 00 00 00 00 00 00 00 00 00 00 00 00 00 00 00 00 00 01 00 00 00 00 00 00 00 00 00 80 00 00 00 80 00 00 00 00 00 37 00 00 00 00 00 00 00 00 00 00 00 00 00 00 00 00 00 00
   58.5947  #227    len=64   01 36 00 80 80 0f 00 00 00 00 00 00 00 00 00 00 00 00 00 00 00 00 00 00 00 01 00 00 00 00 00 00 00 00 00 80 00 00 00 80 00 00 00 00 00 37 00 00 00 00 00 00 00 00 00 00 00 00 00 00 00 00 00 00
   58.6028  #228    len=64   01 21 09 80 80 0f 00 00 00 00 00 00 00 00 00 00 00 00 00 00 00 00 00 00 00 01 00 00 00 00 00 00 00 00 00 80 00 00 00 80 00 00 00 00 00 37 00 00 00 00 00 00 00 00 00 00 00 00 00 00 00 00 00 00
   58.6067  #229    len=64   01 17 17 80 80 0f 00 00 00 00 00 00 00 00 00 00 00 00 00 00 00 00 00 00 00 01 00 00 00 00 00 00 00 00 00 80 00 00 00 80 00 00 00 00 00 37 00 00 00 00 00 00 00 00 00 00 00 00 00 00 00 00 00 00
   58.6188  #230    len=64   01 0a 2b 80 80 0f 00 00 00 00 00 00 00 00 00 00 00 00 00 00 00 00 00 00 00 01 00 00 00 00 00 00 00 00 00 80 00 00 00 80 00 00 00 00 00 37 00 00 00 00 00 00 00 00 00 00 00 00 00 00 00 00 00 00
   58.6227  #231    len=64   01 00 48 80 80 0f 00 00 00 00 00 00 00 00 00 00 00 00 00 00 00 00 00 00 00 01 00 00 00 00 00 00 00 00 00 80 00 00 00 80 00 00 00 00 00 37 00 00 00 00 00 00 00 00 00 00 00 00 00 00 00 00 00 00
   58.6348  #232    len=64   01 00 63 80 80 0f 00 00 00 00 00 00 00 00 00 00 00 00 00 00 00 00 00 00 00 01 00 00 00 00 00 00 00 00 00 80 00 00 00 80 00 00 00 00 00 37 00 00 00 00 00 00 00 00 00 00 00 00 00 00 00 00 00 00
   58.6428  #233    len=64   01 00 79 80 80 0f 00 00 00 00 00 00 00 00 00 00 00 00 00 00 00 00 00 00 00 01 00 00 00 00 00 00 00 00 00 80 00 00 00 80 00 00 00 00 00 37 00 00 00 00 00 00 00 00 00 00 00 00 00 00 00 00 00 00
   58.6507  #234    len=64   01 00 81 80 80 0f 00 00 00 00 00 00 00 00 00 00 00 00 00 00 00 00 00 00 00 01 00 00 00 00 00 00 00 00 00 80 00 00 00 80 00 00 00 00 00 37 00 00 00 00 00 00 00 00 00 00 00 00 00 00 00 00 00 00
   58.6628  #235    len=64   01 00 82 80 80 0f 00 00 00 00 00 00 00 00 00 00 00 00 00 00 00 00 00 00 00 01 00 00 00 00 00 00 00 00 00 80 00 00 00 80 00 00 00 00 00 37 00 00 00 00 00 00 00 00 00 00 00 00 00 00 00 00 00 00
   58.6747  #236    len=64   01 00 88 80 80 0f 00 00 00 00 00 00 00 00 00 00 00 00 00 00 00 00 00 00 00 01 00 00 00 00 00 00 00 00 00 80 00 00 00 80 00 00 00 00 00 37 00 00 00 00 00 00 00 00 00 00 00 00 00 00 00 00 00 00
   58.6828  #237    len=64   01 00 9a 80 80 0f 00 00 00 00 00 00 00 00 00 00 00 00 00 00 00 00 00 00 00 01 00 00 00 00 00 00 00 00 00 80 00 00 00 80 00 00 00 00 00 37 00 00 00 00 00 00 00 00 00 00 00 00 00 00 00 00 00 00
   58.6907  #238    len=64   01 00 b0 80 80 0f 00 00 00 00 00 00 00 00 00 00 00 00 00 00 00 00 00 00 00 01 00 00 00 00 00 00 00 00 00 80 00 00 00 80 00 00 00 00 00 37 00 00 00 00 00 00 00 00 00 00 00 00 00 00 00 00 00 00
   58.6988  #239    len=64   01 11 ce 80 80 0f 00 00 00 00 00 00 00 00 00 00 00 00 00 00 00 00 00 00 00 01 00 00 00 00 00 00 00 00 00 80 00 00 00 80 00 00 00 00 00 37 00 00 00 00 00 00 00 00 00 00 00 00 00 00 00 00 00 00
   58.7028  #240    len=64   01 31 e7 80 80 0f 00 00 00 00 00 00 00 00 00 00 00 00 00 00 00 00 00 00 00 01 00 00 00 00 00 00 00 00 00 80 00 00 00 80 00 00 00 00 00 37 00 00 00 00 00 00 00 00 00 00 00 00 00 00 00 00 00 00
   58.7148  #241    len=64   01 4b f8 80 80 0f 00 00 00 00 00 00 00 00 00 00 00 00 00 00 00 00 00 00 00 01 00 00 00 00 00 00 00 00 00 80 00 00 00 80 00 00 00 00 00 37 00 00 00 00 00 00 00 00 00 00 00 00 00 00 00 00 00 00
   58.7228  #242    len=64   01 4f fb 80 80 0f 00 00 00 00 00 00 00 00 00 00 00 00 00 00 00 00 00 00 00 01 00 00 00 00 00 00 00 00 00 80 00 00 00 80 00 00 00 00 00 37 00 00 00 00 00 00 00 00 00 00 00 00 00 00 00 00 00 00
   58.7268  #243    len=64   01 50 fb 80 80 0f 00 00 00 00 00 00 00 00 00 00 00 00 00 00 00 00 00 00 00 01 00 00 00 00 00 00 00 00 00 80 00 00 00 80 00 00 00 00 00 37 00 00 00 00 00 00 00 00 00 00 00 00 00 00 00 00 00 00
   58.7388  #244    len=64   01 56 fe 80 80 0f 00 00 00 00 00 00 00 00 00 00 00 00 00 00 00 00 00 00 00 01 00 00 00 00 00 00 00 00 00 80 00 00 00 80 00 00 00 00 00 37 00 00 00 00 00 00 00 00 00 00 00 00 00 00 00 00 00 00
   58.7428  #245    len=64   01 5e ff 80 80 0f 00 00 00 00 00 00 00 00 00 00 00 00 00 00 00 00 00 00 00 01 00 00 00 00 00 00 00 00 00 80 00 00 00 80 00 00 00 00 00 37 00 00 00 00 00 00 00 00 00 00 00 00 00 00 00 00 00 00
   58.7548  #246    len=64   01 65 ff 80 80 0f 00 00 00 00 00 00 00 00 00 00 00 00 00 00 00 00 00 00 00 01 00 00 00 00 00 00 00 00 00 80 00 00 00 80 00 00 00 00 00 37 00 00 00 00 00 00 00 00 00 00 00 00 00 00 00 00 00 00
   58.7627  #247    len=64   01 69 ff 80 80 0f 00 00 00 00 00 00 00 00 00 00 00 00 00 00 00 00 00 00 00 01 00 00 00 00 00 00 00 00 00 80 00 00 00 80 00 00 00 00 00 37 00 00 00 00 00 00 00 00 00 00 00 00 00 00 00 00 00 00
   58.7667  #248    len=64   01 6d ff 80 80 0f 00 00 00 00 00 00 00 00 00 00 00 00 00 00 00 00 00 00 00 01 00 00 00 00 00 00 00 00 00 80 00 00 00 80 00 00 00 00 00 37 00 00 00 00 00 00 00 00 00 00 00 00 00 00 00 00 00 00
   58.7787  #249    len=64   01 70 ff 80 80 0f 00 00 00 00 00 00 00 00 00 00 00 00 00 00 00 00 00 00 00 01 00 00 00 00 00 00 00 00 00 80 00 00 00 80 00 00 00 00 00 37 00 00 00 00 00 00 00 00 00 00 00 00 00 00 00 00 00 00
   58.7828  #250    len=64   01 73 ff 80 80 0f 00 00 00 00 00 00 00 00 00 00 00 00 00 00 00 00 00 00 00 01 00 00 00 00 00 00 00 00 00 80 00 00 00 80 00 00 00 00 00 37 00 00 00 00 00 00 00 00 00 00 00 00 00 00 00 00 00 00
   58.7907  #251    len=64   01 75 ff 80 80 0f 00 00 00 00 00 00 00 00 00 00 00 00 00 00 00 00 00 00 00 01 00 00 00 00 00 00 00 00 00 80 00 00 00 80 00 00 00 00 00 37 00 00 00 00 00 00 00 00 00 00 00 00 00 00 00 00 00 00
   58.8027  #252    len=64   01 76 ff 80 80 0f 00 00 00 00 00 00 00 00 00 00 00 00 00 00 00 00 00 00 00 01 00 00 00 00 00 00 00 00 00 80 00 00 00 80 00 00 00 00 00 37 00 00 00 00 00 00 00 00 00 00 00 00 00 00 00 00 00 00
   58.8068  #253    len=64   01 7c ff 80 80 0f 00 00 00 00 00 00 00 00 00 00 00 00 00 00 00 00 00 00 00 01 00 00 00 00 00 00 00 00 00 80 00 00 00 80 00 00 00 00 00 37 00 00 00 00 00 00 00 00 00 00 00 00 00 00 00 00 00 00
   58.8188  #254    len=64   01 7e ff 80 80 0f 00 00 00 00 00 00 00 00 00 00 00 00 00 00 00 00 00 00 00 01 00 00 00 00 00 00 00 00 00 80 00 00 00 80 00 00 00 00 00 37 00 00 00 00 00 00 00 00 00 00 00 00 00 00 00 00 00 00
   58.8227  #255    len=64   01 7e f5 80 80 0f 00 00 00 00 00 00 00 00 00 00 00 00 00 00 00 00 00 00 00 01 00 00 00 00 00 00 00 00 00 80 00 00 00 80 00 00 00 00 00 37 00 00 00 00 00 00 00 00 00 00 00 00 00 00 00 00 00 00
   58.8347  #256    len=64   01 7e cc 80 80 0f 00 00 00 00 00 00 00 00 00 00 00 00 00 00 00 00 00 00 00 01 00 00 00 00 00 00 00 00 00 80 00 00 00 80 00 00 00 00 00 37 00 00 00 00 00 00 00 00 00 00 00 00 00 00 00 00 00 00
   58.8428  #257    len=64   01 7f 8e 80 80 0f 00 00 00 00 00 00 00 00 00 00 00 00 00 00 00 00 00 00 00 01 00 00 00 00 00 00 00 00 00 80 00 00 00 80 00 00 00 00 00 37 00 00 00 00 00 00 00 00 00 00 00 00 00 00 00 00 00 00
   58.8467  #258    len=64   01 80 80 80 80 0f 00 00 00 00 00 00 00 00 00 00 00 00 00 00 00 00 00 00 00 01 00 00 00 00 00 00 00 00 00 80 00 00 00 80 00 00 00 00 00 37 00 00 00 00 00 00 00 00 00 00 00 00 00 00 00 00 00 00
   58.8748  #259    len=64   01 95 81 80 80 0f 00 00 00 00 00 00 00 00 00 00 00 00 00 00 00 00 00 00 00 01 00 00 00 00 00 00 00 00 00 80 00 00 00 80 00 00 00 00 00 37 00 00 00 00 00 00 00 00 00 00 00 00 00 00 00 00 00 00
   58.8828  #260    len=64   01 a5 81 80 80 0f 00 00 00 00 00 00 00 00 00 00 00 00 00 00 00 00 00 00 00 01 00 00 00 00 00 00 00 00 00 80 00 00 00 80 00 00 00 00 00 37 00 00 00 00 00 00 00 00 00 00 00 00 00 00 00 00 00 00
   58.8867  #261    len=64   01 a8 81 80 80 0f 00 00 00 00 00 00 00 00 00 00 00 00 00 00 00 00 00 00 00 01 00 00 00 00 00 00 00 00 00 80 00 00 00 80 00 00 00 00 00 37 00 00 00 00 00 00 00 00 00 00 00 00 00 00 00 00 00 00
   58.9027  #262    len=64   01 96 80 80 80 0f 00 00 00 00 00 00 00 00 00 00 00 00 00 00 00 00 00 00 00 01 00 00 00 00 00 00 00 00 00 80 00 00 00 80 00 00 00 00 00 37 00 00 00 00 00 00 00 00 00 00 00 00 00 00 00 00 00 00
   58.9148  #263    len=64   01 95 80 80 80 0f 00 00 00 00 00 00 00 00 00 00 00 00 00 00 00 00 00 00 00 01 00 00 00 00 00 00 00 00 00 80 00 00 00 80 00 00 00 00 00 37 00 00 00 00 00 00 00 00 00 00 00 00 00 00 00 00 00 00
   58.9228  #264    len=64   01 95 7e 80 80 0f 00 00 00 00 00 00 00 00 00 00 00 00 00 00 00 00 00 00 00 01 00 00 00 00 00 00 00 00 00 80 00 00 00 80 00 00 00 00 00 37 00 00 00 00 00 00 00 00 00 00 00 00 00 00 00 00 00 00
   58.9308  #265    len=64   01 97 70 80 80 0f 00 00 00 00 00 00 00 00 00 00 00 00 00 00 00 00 00 00 00 01 00 00 00 00 00 00 00 00 00 80 00 00 00 80 00 00 00 00 00 37 00 00 00 00 00 00 00 00 00 00 00 00 00 00 00 00 00 00
   58.9388  #266    len=64   01 9a 5e 80 80 0f 00 00 00 00 00 00 00 00 00 00 00 00 00 00 00 00 00 00 00 01 00 00 00 00 00 00 00 00 00 80 00 00 00 80 00 00 00 00 00 37 00 00 00 00 00 00 00 00 00 00 00 00 00 00 00 00 00 00
   58.9428  #267    len=64   01 9b 59 80 80 0f 00 00 00 00 00 00 00 00 00 00 00 00 00 00 00 00 00 00 00 01 00 00 00 00 00 00 00 00 00 80 00 00 00 80 00 00 00 00 00 37 00 00 00 00 00 00 00 00 00 00 00 00 00 00 00 00 00 00
   58.9548  #268    len=64   01 9c 4e 80 80 0f 00 00 00 00 00 00 00 00 00 00 00 00 00 00 00 00 00 00 00 01 00 00 00 00 00 00 00 00 00 80 00 00 00 80 00 00 00 00 00 37 00 00 00 00 00 00 00 00 00 00 00 00 00 00 00 00 00 00
   58.9628  #269    len=64   01 9d 38 80 80 0f 00 00 00 00 00 00 00 00 00 00 00 00 00 00 00 00 00 00 00 01 00 00 00 00 00 00 00 00 00 80 00 00 00 80 00 00 00 00 00 37 00 00 00 00 00 00 00 00 00 00 00 00 00 00 00 00 00 00
   58.9668  #270    len=64   01 9a 2c 80 80 0f 00 00 00 00 00 00 00 00 00 00 00 00 00 00 00 00 00 00 00 01 00 00 00 00 00 00 00 00 00 80 00 00 00 80 00 00 00 00 00 37 00 00 00 00 00 00 00 00 00 00 00 00 00 00 00 00 00 00
   58.9789  #271    len=64   01 83 2a 80 80 0f 00 00 00 00 00 00 00 00 00 00 00 00 00 00 00 00 00 00 00 01 00 00 00 00 00 00 00 00 00 80 00 00 00 80 00 00 00 00 00 37 00 00 00 00 00 00 00 00 00 00 00 00 00 00 00 00 00 00
   58.9828  #272    len=64   01 7e 2a 80 80 0f 00 00 00 00 00 00 00 00 00 00 00 00 00 00 00 00 00 00 00 01 00 00 00 00 00 00 00 00 00 80 00 00 00 80 00 00 00 00 00 37 00 00 00 00 00 00 00 00 00 00 00 00 00 00 00 00 00 00
   58.9948  #273    len=64   01 7d 2b 80 80 0f 00 00 00 00 00 00 00 00 00 00 00 00 00 00 00 00 00 00 00 01 00 00 00 00 00 00 00 00 00 80 00 00 00 80 00 00 00 00 00 37 00 00 00 00 00 00 00 00 00 00 00 00 00 00 00 00 00 00
   59.0027  #274    len=64   01 7a 2a 80 80 0f 00 00 00 00 00 00 00 00 00 00 00 00 00 00 00 00 00 00 00 01 00 00 00 00 00 00 00 00 00 80 00 00 00 80 00 00 00 00 00 37 00 00 00 00 00 00 00 00 00 00 00 00 00 00 00 00 00 00
   59.0067  #275    len=64   01 6e 29 80 80 0f 00 00 00 00 00 00 00 00 00 00 00 00 00 00 00 00 00 00 00 01 00 00 00 00 00 00 00 00 00 80 00 00 00 80 00 00 00 00 00 37 00 00 00 00 00 00 00 00 00 00 00 00 00 00 00 00 00 00
   59.0188  #276    len=64   01 5e 28 80 80 0f 00 00 00 00 00 00 00 00 00 00 00 00 00 00 00 00 00 00 00 01 00 00 00 00 00 00 00 00 00 80 00 00 00 80 00 00 00 00 00 37 00 00 00 00 00 00 00 00 00 00 00 00 00 00 00 00 00 00
   59.0268  #277    len=64   01 44 27 80 80 0f 00 00 00 00 00 00 00 00 00 00 00 00 00 00 00 00 00 00 00 01 00 00 00 00 00 00 00 00 00 80 00 00 00 80 00 00 00 00 00 37 00 00 00 00 00 00 00 00 00 00 00 00 00 00 00 00 00 00
   59.0347  #278    len=64   01 2a 27 80 80 0f 00 00 00 00 00 00 00 00 00 00 00 00 00 00 00 00 00 00 00 01 00 00 00 00 00 00 00 00 00 80 00 00 00 80 00 00 00 00 00 37 00 00 00 00 00 00 00 00 00 00 00 00 00 00 00 00 00 00
   59.0428  #279    len=64   01 1c 26 80 80 0f 00 00 00 00 00 00 00 00 00 00 00 00 00 00 00 00 00 00 00 01 00 00 00 00 00 00 00 00 00 80 00 00 00 80 00 00 00 00 00 37 00 00 00 00 00 00 00 00 00 00 00 00 00 00 00 00 00 00
   59.0467  #280    len=64   01 19 26 80 80 0f 00 00 00 00 00 00 00 00 00 00 00 00 00 00 00 00 00 00 00 01 00 00 00 00 00 00 00 00 00 80 00 00 00 80 00 00 00 00 00 37 00 00 00 00 00 00 00 00 00 00 00 00 00 00 00 00 00 00
   59.0588  #281    len=64   01 15 26 80 80 0f 00 00 00 00 00 00 00 00 00 00 00 00 00 00 00 00 00 00 00 01 00 00 00 00 00 00 00 00 00 80 00 00 00 80 00 00 00 00 00 37 00 00 00 00 00 00 00 00 00 00 00 00 00 00 00 00 00 00
   59.0628  #282    len=64   01 11 27 80 80 0f 00 00 00 00 00 00 00 00 00 00 00 00 00 00 00 00 00 00 00 01 00 00 00 00 00 00 00 00 00 80 00 00 00 80 00 00 00 00 00 37 00 00 00 00 00 00 00 00 00 00 00 00 00 00 00 00 00 00
   59.0750  #283    len=64   01 07 37 80 80 0f 00 00 00 00 00 00 00 00 00 00 00 00 00 00 00 00 00 00 00 01 00 00 00 00 00 00 00 00 00 80 00 00 00 80 00 00 00 00 00 37 00 00 00 00 00 00 00 00 00 00 00 00 00 00 00 00 00 00
   59.0828  #284    len=64   01 00 51 80 80 0f 00 00 00 00 00 00 00 00 00 00 00 00 00 00 00 00 00 00 00 01 00 00 00 00 00 00 00 00 00 80 00 00 00 80 00 00 00 00 00 37 00 00 00 00 00 00 00 00 00 00 00 00 00 00 00 00 00 00
   59.0868  #285    len=64   01 00 6a 80 80 0f 00 00 00 00 00 00 00 00 00 00 00 00 00 00 00 00 00 00 00 01 00 00 00 00 00 00 00 00 00 80 00 00 00 80 00 00 00 00 00 37 00 00 00 00 00 00 00 00 00 00 00 00 00 00 00 00 00 00
   59.0988  #286    len=64   01 00 7d 80 80 0f 00 00 00 00 00 00 00 00 00 00 00 00 00 00 00 00 00 00 00 01 00 00 00 00 00 00 00 00 00 80 00 00 00 80 00 00 00 00 00 37 00 00 00 00 00 00 00 00 00 00 00 00 00 00 00 00 00 00
   59.1028  #287    len=64   01 00 81 80 80 0f 00 00 00 00 00 00 00 00 00 00 00 00 00 00 00 00 00 00 00 01 00 00 00 00 00 00 00 00 00 80 00 00 00 80 00 00 00 00 00 37 00 00 00 00 00 00 00 00 00 00 00 00 00 00 00 00 00 00
   59.1228  #288    len=64   01 00 82 80 80 0f 00 00 00 00 00 00 00 00 00 00 00 00 00 00 00 00 00 00 00 01 00 00 00 00 00 00 00 00 00 80 00 00 00 80 00 00 00 00 00 37 00 00 00 00 00 00 00 00 00 00 00 00 00 00 00 00 00 00
   59.1308  #289    len=64   01 00 8d 80 80 0f 00 00 00 00 00 00 00 00 00 00 00 00 00 00 00 00 00 00 00 01 00 00 00 00 00 00 00 00 00 80 00 00 00 80 00 00 00 00 00 37 00 00 00 00 00 00 00 00 00 00 00 00 00 00 00 00 00 00
   59.1388  #290    len=64   01 00 9b 80 80 0f 00 00 00 00 00 00 00 00 00 00 00 00 00 00 00 00 00 00 00 01 00 00 00 00 00 00 00 00 00 80 00 00 00 80 00 00 00 00 00 37 00 00 00 00 00 00 00 00 00 00 00 00 00 00 00 00 00 00
   59.1428  #291    len=64   01 00 aa 80 80 0f 00 00 00 00 00 00 00 00 00 00 00 00 00 00 00 00 00 00 00 01 00 00 00 00 00 00 00 00 00 80 00 00 00 80 00 00 00 00 00 37 00 00 00 00 00 00 00 00 00 00 00 00 00 00 00 00 00 00
   59.1508  #292    len=64   01 00 be 80 80 0f 00 00 00 00 00 00 00 00 00 00 00 00 00 00 00 00 00 00 00 01 00 00 00 00 00 00 00 00 00 80 00 00 00 80 00 00 00 00 00 37 00 00 00 00 00 00 00 00 00 00 00 00 00 00 00 00 00 00
   59.1628  #293    len=64   01 16 d5 80 80 0f 00 00 00 00 00 00 00 00 00 00 00 00 00 00 00 00 00 00 00 01 00 00 00 00 00 00 00 00 00 80 00 00 00 80 00 00 00 00 00 37 00 00 00 00 00 00 00 00 00 00 00 00 00 00 00 00 00 00
   59.1667  #294    len=64   01 2a e5 80 80 0f 00 00 00 00 00 00 00 00 00 00 00 00 00 00 00 00 00 00 00 01 00 00 00 00 00 00 00 00 00 80 00 00 00 80 00 00 00 00 00 37 00 00 00 00 00 00 00 00 00 00 00 00 00 00 00 00 00 00
   59.1787  #295    len=64   01 3f f3 80 80 0f 00 00 00 00 00 00 00 00 00 00 00 00 00 00 00 00 00 00 00 01 00 00 00 00 00 00 00 00 00 80 00 00 00 80 00 00 00 00 00 37 00 00 00 00 00 00 00 00 00 00 00 00 00 00 00 00 00 00
   59.1828  #296    len=64   01 59 ff 80 80 0f 00 00 00 00 00 00 00 00 00 00 00 00 00 00 00 00 00 00 00 01 00 00 00 00 00 00 00 00 00 80 00 00 00 80 00 00 00 00 00 37 00 00 00 00 00 00 00 00 00 00 00 00 00 00 00 00 00 00
   59.1907  #297    len=64   01 71 ff 80 80 0f 00 00 00 00 00 00 00 00 00 00 00 00 00 00 00 00 00 00 00 01 00 00 00 00 00 00 00 00 00 80 00 00 00 80 00 00 00 00 00 37 00 00 00 00 00 00 00 00 00 00 00 00 00 00 00 00 00 00
   59.2029  #298    len=64   01 7b ff 80 80 0f 00 00 00 00 00 00 00 00 00 00 00 00 00 00 00 00 00 00 00 01 00 00 00 00 00 00 00 00 00 80 00 00 00 80 00 00 00 00 00 37 00 00 00 00 00 00 00 00 00 00 00 00 00 00 00 00 00 00
   59.2068  #299    len=64   01 7e ff 80 80 0f 00 00 00 00 00 00 00 00 00 00 00 00 00 00 00 00 00 00 00 01 00 00 00 00 00 00 00 00 00 80 00 00 00 80 00 00 00 00 00 37 00 00 00 00 00 00 00 00 00 00 00 00 00 00 00 00 00 00
   59.2188  #300    len=64   01 7d ff 80 80 0f 00 00 00 00 00 00 00 00 00 00 00 00 00 00 00 00 00 00 00 01 00 00 00 00 00 00 00 00 00 80 00 00 00 80 00 00 00 00 00 37 00 00 00 00 00 00 00 00 00 00 00 00 00 00 00 00 00 00
   59.2227  #301    len=64   01 7e ff 80 80 0f 00 00 00 00 00 00 00 00 00 00 00 00 00 00 00 00 00 00 00 01 00 00 00 00 00 00 00 00 00 80 00 00 00 80 00 00 00 00 00 37 00 00 00 00 00 00 00 00 00 00 00 00 00 00 00 00 00 00
   59.2348  #302    len=64   01 80 ff 80 80 0f 00 00 00 00 00 00 00 00 00 00 00 00 00 00 00 00 00 00 00 01 00 00 00 00 00 00 00 00 00 80 00 00 00 80 00 00 00 00 00 37 00 00 00 00 00 00 00 00 00 00 00 00 00 00 00 00 00 00
   59.2428  #303    len=64   01 94 ff 80 80 0f 00 00 00 00 00 00 00 00 00 00 00 00 00 00 00 00 00 00 00 01 00 00 00 00 00 00 00 00 00 80 00 00 00 80 00 00 00 00 00 37 00 00 00 00 00 00 00 00 00 00 00 00 00 00 00 00 00 00
   59.2467  #304    len=64   01 ab ff 80 80 0f 00 00 00 00 00 00 00 00 00 00 00 00 00 00 00 00 00 00 00 01 00 00 00 00 00 00 00 00 00 80 00 00 00 80 00 00 00 00 00 37 00 00 00 00 00 00 00 00 00 00 00 00 00 00 00 00 00 00
   59.2589  #305    len=64   01 be f6 80 80 0f 00 00 00 00 00 00 00 00 00 00 00 00 00 00 00 00 00 00 00 01 00 00 00 00 00 00 00 00 00 80 00 00 00 80 00 00 00 00 00 37 00 00 00 00 00 00 00 00 00 00 00 00 00 00 00 00 00 00
   59.2668  #306    len=64   01 c4 e0 80 80 0f 00 00 00 00 00 00 00 00 00 00 00 00 00 00 00 00 00 00 00 01 00 00 00 00 00 00 00 00 00 80 00 00 00 80 00 00 00 00 00 37 00 00 00 00 00 00 00 00 00 00 00 00 00 00 00 00 00 00
   59.2748  #307    len=64   01 c3 bc 80 80 0f 00 00 00 00 00 00 00 00 00 00 00 00 00 00 00 00 00 00 00 01 00 00 00 00 00 00 00 00 00 80 00 00 00 80 00 00 00 00 00 37 00 00 00 00 00 00 00 00 00 00 00 00 00 00 00 00 00 00
   59.2828  #308    len=64   01 c0 93 80 80 0f 00 00 00 00 00 00 00 00 00 00 00 00 00 00 00 00 00 00 00 01 00 00 00 00 00 00 00 00 00 80 00 00 00 80 00 00 00 00 00 37 00 00 00 00 00 00 00 00 00 00 00 00 00 00 00 00 00 00
   59.2907  #309    len=64   01 be 82 80 80 0f 00 00 00 00 00 00 00 00 00 00 00 00 00 00 00 00 00 00 00 01 00 00 00 00 00 00 00 00 00 80 00 00 00 80 00 00 00 00 00 37 00 00 00 00 00 00 00 00 00 00 00 00 00 00 00 00 00 00
   59.2987  #310    len=64   01 be 81 80 80 0f 00 00 00 00 00 00 00 00 00 00 00 00 00 00 00 00 00 00 00 01 00 00 00 00 00 00 00 00 00 80 00 00 00 80 00 00 00 00 00 37 00 00 00 00 00 00 00 00 00 00 00 00 00 00 00 00 00 00
   59.3267  #311    len=64   01 be 7e 80 80 0f 00 00 00 00 00 00 00 00 00 00 00 00 00 00 00 00 00 00 00 01 00 00 00 00 00 00 00 00 00 80 00 00 00 80 00 00 00 00 00 37 00 00 00 00 00 00 00 00 00 00 00 00 00 00 00 00 00 00
   59.3387  #312    len=64   01 be 72 80 80 0f 00 00 00 00 00 00 00 00 00 00 00 00 00 00 00 00 00 00 00 01 00 00 00 00 00 00 00 00 00 80 00 00 00 80 00 00 00 00 00 37 00 00 00 00 00 00 00 00 00 00 00 00 00 00 00 00 00 00
   59.3428  #313    len=64   01 bf 62 80 80 0f 00 00 00 00 00 00 00 00 00 00 00 00 00 00 00 00 00 00 00 01 00 00 00 00 00 00 00 00 00 80 00 00 00 80 00 00 00 00 00 37 00 00 00 00 00 00 00 00 00 00 00 00 00 00 00 00 00 00
   59.3548  #314    len=64   01 bf 52 80 80 0f 00 00 00 00 00 00 00 00 00 00 00 00 00 00 00 00 00 00 00 01 00 00 00 00 00 00 00 00 00 80 00 00 00 80 00 00 00 00 00 37 00 00 00 00 00 00 00 00 00 00 00 00 00 00 00 00 00 00
   59.3627  #315    len=64   01 bb 41 80 80 0f 00 00 00 00 00 00 00 00 00 00 00 00 00 00 00 00 00 00 00 01 00 00 00 00 00 00 00 00 00 80 00 00 00 80 00 00 00 00 00 37 00 00 00 00 00 00 00 00 00 00 00 00 00 00 00 00 00 00
   59.3668  #316    len=64   01 ba 34 80 80 0f 00 00 00 00 00 00 00 00 00 00 00 00 00 00 00 00 00 00 00 01 00 00 00 00 00 00 00 00 00 80 00 00 00 80 00 00 00 00 00 37 00 00 00 00 00 00 00 00 00 00 00 00 00 00 00 00 00 00
   59.3788  #317    len=64   01 b9 25 80 80 0f 00 00 00 00 00 00 00 00 00 00 00 00 00 00 00 00 00 00 00 01 00 00 00 00 00 00 00 00 00 80 00 00 00 80 00 00 00 00 00 37 00 00 00 00 00 00 00 00 00 00 00 00 00 00 00 00 00 00
   59.3828  #318    len=64   01 b3 11 80 80 0f 00 00 00 00 00 00 00 00 00 00 00 00 00 00 00 00 00 00 00 01 00 00 00 00 00 00 00 00 00 80 00 00 00 80 00 00 00 00 00 37 00 00 00 00 00 00 00 00 00 00 00 00 00 00 00 00 00 00
   59.3907  #319    len=64   01 a2 02 80 80 0f 00 00 00 00 00 00 00 00 00 00 00 00 00 00 00 00 00 00 00 01 00 00 00 00 00 00 00 00 00 80 00 00 00 80 00 00 00 00 00 37 00 00 00 00 00 00 00 00 00 00 00 00 00 00 00 00 00 00
   59.4028  #320    len=64   01 8e 00 80 80 0f 00 00 00 00 00 00 00 00 00 00 00 00 00 00 00 00 00 00 00 01 00 00 00 00 00 00 00 00 00 80 00 00 00 80 00 00 00 00 00 37 00 00 00 00 00 00 00 00 00 00 00 00 00 00 00 00 00 00
   59.4108  #321    len=64   01 7f 00 80 80 0f 00 00 00 00 00 00 00 00 00 00 00 00 00 00 00 00 00 00 00 01 00 00 00 00 00 00 00 00 00 80 00 00 00 80 00 00 00 00 00 37 00 00 00 00 00 00 00 00 00 00 00 00 00 00 00 00 00 00
   59.4188  #322    len=64   01 7e 00 80 80 0f 00 00 00 00 00 00 00 00 00 00 00 00 00 00 00 00 00 00 00 01 00 00 00 00 00 00 00 00 00 80 00 00 00 80 00 00 00 00 00 37 00 00 00 00 00 00 00 00 00 00 00 00 00 00 00 00 00 00
   59.4348  #323    len=64   01 7d 00 80 80 0f 00 00 00 00 00 00 00 00 00 00 00 00 00 00 00 00 00 00 00 01 00 00 00 00 00 00 00 00 00 80 00 00 00 80 00 00 00 00 00 37 00 00 00 00 00 00 00 00 00 00 00 00 00 00 00 00 00 00
   59.4468  #324    len=64   01 7b 00 80 80 0f 00 00 00 00 00 00 00 00 00 00 00 00 00 00 00 00 00 00 00 01 00 00 00 00 00 00 00 00 00 80 00 00 00 80 00 00 00 00 00 37 00 00 00 00 00 00 00 00 00 00 00 00 00 00 00 00 00 00
   59.4588  #325    len=64   01 73 00 80 80 0f 00 00 00 00 00 00 00 00 00 00 00 00 00 00 00 00 00 00 00 01 00 00 00 00 00 00 00 00 00 80 00 00 00 80 00 00 00 00 00 37 00 00 00 00 00 00 00 00 00 00 00 00 00 00 00 00 00 00
   59.4628  #326    len=64   01 6d 00 80 80 0f 00 00 00 00 00 00 00 00 00 00 00 00 00 00 00 00 00 00 00 01 00 00 00 00 00 00 00 00 00 80 00 00 00 80 00 00 00 00 00 37 00 00 00 00 00 00 00 00 00 00 00 00 00 00 00 00 00 00
   59.4750  #327    len=64   01 5f 00 80 80 0f 00 00 00 00 00 00 00 00 00 00 00 00 00 00 00 00 00 00 00 01 00 00 00 00 00 00 00 00 00 80 00 00 00 80 00 00 00 00 00 37 00 00 00 00 00 00 00 00 00 00 00 00 00 00 00 00 00 00
   59.4828  #328    len=64   01 49 00 80 80 0f 00 00 00 00 00 00 00 00 00 00 00 00 00 00 00 00 00 00 00 01 00 00 00 00 00 00 00 00 00 80 00 00 00 80 00 00 00 00 00 37 00 00 00 00 00 00 00 00 00 00 00 00 00 00 00 00 00 00
   59.4908  #329    len=64   01 30 07 80 80 0f 00 00 00 00 00 00 00 00 00 00 00 00 00 00 00 00 00 00 00 01 00 00 00 00 00 00 00 00 00 80 00 00 00 80 00 00 00 00 00 37 00 00 00 00 00 00 00 00 00 00 00 00 00 00 00 00 00 00
   59.4988  #330    len=64   01 1a 1c 80 80 0f 00 00 00 00 00 00 00 00 00 00 00 00 00 00 00 00 00 00 00 01 00 00 00 00 00 00 00 00 00 80 00 00 00 80 00 00 00 00 00 37 00 00 00 00 00 00 00 00 00 00 00 00 00 00 00 00 00 00
   59.5068  #331    len=64   01 0f 27 80 80 0f 00 00 00 00 00 00 00 00 00 00 00 00 00 00 00 00 00 00 00 01 00 00 00 00 00 00 00 00 00 80 00 00 00 80 00 00 00 00 00 37 00 00 00 00 00 00 00 00 00 00 00 00 00 00 00 00 00 00
   59.5148  #332    len=64   01 03 3f 80 80 0f 00 00 00 00 00 00 00 00 00 00 00 00 00 00 00 00 00 00 00 01 00 00 00 00 00 00 00 00 00 80 00 00 00 80 00 00 00 00 00 37 00 00 00 00 00 00 00 00 00 00 00 00 00 00 00 00 00 00
   59.5228  #333    len=64   01 00 5e 80 80 0f 00 00 00 00 00 00 00 00 00 00 00 00 00 00 00 00 00 00 00 01 00 00 00 00 00 00 00 00 00 80 00 00 00 80 00 00 00 00 00 37 00 00 00 00 00 00 00 00 00 00 00 00 00 00 00 00 00 00
   59.5268  #334    len=64   01 00 7a 80 80 0f 00 00 00 00 00 00 00 00 00 00 00 00 00 00 00 00 00 00 00 01 00 00 00 00 00 00 00 00 00 80 00 00 00 80 00 00 00 00 00 37 00 00 00 00 00 00 00 00 00 00 00 00 00 00 00 00 00 00
   59.5388  #335    len=64   01 00 81 80 80 0f 00 00 00 00 00 00 00 00 00 00 00 00 00 00 00 00 00 00 00 01 00 00 00 00 00 00 00 00 00 80 00 00 00 80 00 00 00 00 00 37 00 00 00 00 00 00 00 00 00 00 00 00 00 00 00 00 00 00
   59.5628  #336    len=64   01 00 84 80 80 0f 00 00 00 00 00 00 00 00 00 00 00 00 00 00 00 00 00 00 00 01 00 00 00 00 00 00 00 00 00 80 00 00 00 80 00 00 00 00 00 37 00 00 00 00 00 00 00 00 00 00 00 00 00 00 00 00 00 00
   59.5667  #337    len=64   01 00 90 80 80 0f 00 00 00 00 00 00 00 00 00 00 00 00 00 00 00 00 00 00 00 01 00 00 00 00 00 00 00 00 00 80 00 00 00 80 00 00 00 00 00 37 00 00 00 00 00 00 00 00 00 00 00 00 00 00 00 00 00 00
   59.5788  #338    len=64   01 00 9c 80 80 0f 00 00 00 00 00 00 00 00 00 00 00 00 00 00 00 00 00 00 00 01 00 00 00 00 00 00 00 00 00 80 00 00 00 80 00 00 00 00 00 37 00 00 00 00 00 00 00 00 00 00 00 00 00 00 00 00 00 00
   59.5828  #339    len=64   01 00 a7 80 80 0f 00 00 00 00 00 00 00 00 00 00 00 00 00 00 00 00 00 00 00 01 00 00 00 00 00 00 00 00 00 80 00 00 00 80 00 00 00 00 00 37 00 00 00 00 00 00 00 00 00 00 00 00 00 00 00 00 00 00
   59.5948  #340    len=64   01 00 b6 80 80 0f 00 00 00 00 00 00 00 00 00 00 00 00 00 00 00 00 00 00 00 01 00 00 00 00 00 00 00 00 00 80 00 00 00 80 00 00 00 00 00 37 00 00 00 00 00 00 00 00 00 00 00 00 00 00 00 00 00 00
   59.6027  #341    len=64   01 07 ca 80 80 0f 00 00 00 00 00 00 00 00 00 00 00 00 00 00 00 00 00 00 00 01 00 00 00 00 00 00 00 00 00 80 00 00 00 80 00 00 00 00 00 37 00 00 00 00 00 00 00 00 00 00 00 00 00 00 00 00 00 00
   59.6068  #342    len=64   01 1a dd 80 80 0f 00 00 00 00 00 00 00 00 00 00 00 00 00 00 00 00 00 00 00 01 00 00 00 00 00 00 00 00 00 80 00 00 00 80 00 00 00 00 00 37 00 00 00 00 00 00 00 00 00 00 00 00 00 00 00 00 00 00
   59.6188  #343    len=64   01 27 e5 80 80 0f 00 00 00 00 00 00 00 00 00 00 00 00 00 00 00 00 00 00 00 01 00 00 00 00 00 00 00 00 00 80 00 00 00 80 00 00 00 00 00 37 00 00 00 00 00 00 00 00 00 00 00 00 00 00 00 00 00 00
   59.6227  #344    len=64   01 29 e6 80 80 0f 00 00 00 00 00 00 00 00 00 00 00 00 00 00 00 00 00 00 00 01 00 00 00 00 00 00 00 00 00 80 00 00 00 80 00 00 00 00 00 37 00 00 00 00 00 00 00 00 00 00 00 00 00 00 00 00 00 00
   59.7467  #345    len=64   01 26 e6 80 80 0f 00 00 00 00 00 00 00 00 00 00 00 00 00 00 00 00 00 00 00 01 00 00 00 00 00 00 00 00 00 80 00 00 00 80 00 00 00 00 00 37 00 00 00 00 00 00 00 00 00 00 00 00 00 00 00 00 00 00
   59.7547  #346    len=64   01 20 e4 80 80 0f 00 00 00 00 00 00 00 00 00 00 00 00 00 00 00 00 00 00 00 01 00 00 00 00 00 00 00 00 00 80 00 00 00 80 00 00 00 00 00 37 00 00 00 00 00 00 00 00 00 00 00 00 00 00 00 00 00 00
   59.7628  #347    len=64   01 1c e1 80 80 0f 00 00 00 00 00 00 00 00 00 00 00 00 00 00 00 00 00 00 00 01 00 00 00 00 00 00 00 00 00 80 00 00 00 80 00 00 00 00 00 37 00 00 00 00 00 00 00 00 00 00 00 00 00 00 00 00 00 00
   59.7667  #348    len=64   01 1b df 80 80 0f 00 00 00 00 00 00 00 00 00 00 00 00 00 00 00 00 00 00 00 01 00 00 00 00 00 00 00 00 00 80 00 00 00 80 00 00 00 00 00 37 00 00 00 00 00 00 00 00 00 00 00 00 00 00 00 00 00 00
   59.7788  #349    len=64   01 1a de 80 80 0f 00 00 00 00 00 00 00 00 00 00 00 00 00 00 00 00 00 00 00 01 00 00 00 00 00 00 00 00 00 80 00 00 00 80 00 00 00 00 00 37 00 00 00 00 00 00 00 00 00 00 00 00 00 00 00 00 00 00
   59.7948  #350    len=64   01 18 dc 80 80 0f 00 00 00 00 00 00 00 00 00 00 00 00 00 00 00 00 00 00 00 01 00 00 00 00 00 00 00 00 00 80 00 00 00 80 00 00 00 00 00 37 00 00 00 00 00 00 00 00 00 00 00 00 00 00 00 00 00 00
   59.8029  #351    len=64   01 17 db 80 80 0f 00 00 00 00 00 00 00 00 00 00 00 00 00 00 00 00 00 00 00 01 00 00 00 00 00 00 00 00 00 80 00 00 00 80 00 00 00 00 00 37 00 00 00 00 00 00 00 00 00 00 00 00 00 00 00 00 00 00
   59.8067  #352    len=64   01 15 d8 80 80 0f 00 00 00 00 00 00 00 00 00 00 00 00 00 00 00 00 00 00 00 01 00 00 00 00 00 00 00 00 00 80 00 00 00 80 00 00 00 00 00 37 00 00 00 00 00 00 00 00 00 00 00 00 00 00 00 00 00 00
   59.8188  #353    len=64   01 13 d4 80 80 0f 00 00 00 00 00 00 00 00 00 00 00 00 00 00 00 00 00 00 00 01 00 00 00 00 00 00 00 00 00 80 00 00 00 80 00 00 00 00 00 37 00 00 00 00 00 00 00 00 00 00 00 00 00 00 00 00 00 00
   59.8227  #354    len=64   01 10 d0 80 80 0f 00 00 00 00 00 00 00 00 00 00 00 00 00 00 00 00 00 00 00 01 00 00 00 00 00 00 00 00 00 80 00 00 00 80 00 00 00 00 00 37 00 00 00 00 00 00 00 00 00 00 00 00 00 00 00 00 00 00
   59.8348  #355    len=64   01 0e cd 80 80 0f 00 00 00 00 00 00 00 00 00 00 00 00 00 00 00 00 00 00 00 01 00 00 00 00 00 00 00 00 00 80 00 00 00 80 00 00 00 00 00 37 00 00 00 00 00 00 00 00 00 00 00 00 00 00 00 00 00 00
   59.8428  #356    len=64   01 0c cb 80 80 0f 00 00 00 00 00 00 00 00 00 00 00 00 00 00 00 00 00 00 00 01 00 00 00 00 00 00 00 00 00 80 00 00 00 80 00 00 00 00 00 37 00 00 00 00 00 00 00 00 00 00 00 00 00 00 00 00 00 00
   59.8467  #357    len=64   01 0c ca 80 80 0f 00 00 00 00 00 00 00 00 00 00 00 00 00 00 00 00 00 00 00 01 00 00 00 00 00 00 00 00 00 80 00 00 00 80 00 00 00 00 00 37 00 00 00 00 00 00 00 00 00 00 00 00 00 00 00 00 00 00
   59.8588  #358    len=64   01 0b c9 80 80 0f 00 00 00 00 00 00 00 00 00 00 00 00 00 00 00 00 00 00 00 01 00 00 00 00 00 00 00 00 00 80 00 00 00 80 00 00 00 00 00 37 00 00 00 00 00 00 00 00 00 00 00 00 00 00 00 00 00 00
   59.8748  #359    len=64   01 0b c8 80 80 0f 00 00 00 00 00 00 00 00 00 00 00 00 00 00 00 00 00 00 00 01 00 00 00 00 00 00 00 00 00 80 00 00 00 80 00 00 00 00 00 37 00 00 00 00 00 00 00 00 00 00 00 00 00 00 00 00 00 00
   59.8907  #360    len=64   01 0a c8 80 80 0f 00 00 00 00 00 00 00 00 00 00 00 00 00 00 00 00 00 00 00 01 00 00 00 00 00 00 00 00 00 80 00 00 00 80 00 00 00 00 00 37 00 00 00 00 00 00 00 00 00 00 00 00 00 00 00 00 00 00
   59.8987  #361    len=64   01 0b c8 80 80 0f 00 00 00 00 00 00 00 00 00 00 00 00 00 00 00 00 00 00 00 01 00 00 00 00 00 00 00 00 00 80 00 00 00 80 00 00 00 00 00 37 00 00 00 00 00 00 00 00 00 00 00 00 00 00 00 00 00 00
   59.9148  #362    len=64   01 0a c8 80 80 0f 00 00 00 00 00 00 00 00 00 00 00 00 00 00 00 00 00 00 00 01 00 00 00 00 00 00 00 00 00 80 00 00 00 80 00 00 00 00 00 37 00 00 00 00 00 00 00 00 00 00 00 00 00 00 00 00 00 00
   59.9228  #363    len=64   01 0b c8 80 80 0f 00 00 00 00 00 00 00 00 00 00 00 00 00 00 00 00 00 00 00 01 00 00 00 00 00 00 00 00 00 80 00 00 00 80 00 00 00 00 00 37 00 00 00 00 00 00 00 00 00 00 00 00 00 00 00 00 00 00
   59.9267  #364    len=64   01 0a c8 80 80 0f 00 00 00 00 00 00 00 00 00 00 00 00 00 00 00 00 00 00 00 01 00 00 00 00 00 00 00 00 00 80 00 00 00 80 00 00 00 00 00 37 00 00 00 00 00 00 00 00 00 00 00 00 00 00 00 00 00 00
   59.9428  #365    len=64   01 0b c8 80 80 0f 00 00 00 00 00 00 00 00 00 00 00 00 00 00 00 00 00 00 00 01 00 00 00 00 00 00 00 00 00 80 00 00 00 80 00 00 00 00 00 37 00 00 00 00 00 00 00 00 00 00 00 00 00 00 00 00 00 00
   59.9548  #366    len=64   01 0a c8 80 80 0f 00 00 00 00 00 00 00 00 00 00 00 00 00 00 00 00 00 00 00 01 00 00 00 00 00 00 00 00 00 80 00 00 00 80 00 00 00 00 00 37 00 00 00 00 00 00 00 00 00 00 00 00 00 00 00 00 00 00
   60.0027  #367    len=64   01 0b c8 80 80 0f 00 00 00 00 00 00 00 00 00 00 00 00 00 00 00 00 00 00 00 01 00 00 00 00 00 00 00 00 00 80 00 00 00 80 00 00 00 00 00 37 00 00 00 00 00 00 00 00 00 00 00 00 00 00 00 00 00 00
   60.0067  #368    len=64   01 0a c8 80 80 0f 00 00 00 00 00 00 00 00 00 00 00 00 00 00 00 00 00 00 00 01 00 00 00 00 00 00 00 00 00 80 00 00 00 80 00 00 00 00 00 37 00 00 00 00 00 00 00 00 00 00 00 00 00 00 00 00 00 00
   60.0427  #369    len=64   01 0b c8 80 80 0f 00 00 00 00 00 00 00 00 00 00 00 00 00 00 00 00 00 00 00 01 00 00 00 00 00 00 00 00 00 80 00 00 00 80 00 00 00 00 00 37 00 00 00 00 00 00 00 00 00 00 00 00 00 00 00 00 00 00
   60.0467  #370    len=64   01 0a c8 80 80 0f 00 00 00 00 00 00 00 00 00 00 00 00 00 00 00 00 00 00 00 01 00 00 00 00 00 00 00 00 00 80 00 00 00 80 00 00 00 00 00 37 00 00 00 00 00 00 00 00 00 00 00 00 00 00 00 00 00 00
   60.0827  #371    len=64   01 0b c8 80 80 0f 00 00 00 00 00 00 00 00 00 00 00 00 00 00 00 00 00 00 00 01 00 00 00 00 00 00 00 00 00 80 00 00 00 80 00 00 00 00 00 37 00 00 00 00 00 00 00 00 00 00 00 00 00 00 00 00 00 00
   60.1307  #372    len=64   01 0b c7 80 80 0f 00 00 00 00 00 00 00 00 00 00 00 00 00 00 00 00 00 00 00 01 00 00 00 00 00 00 00 00 00 80 00 00 00 80 00 00 00 00 00 37 00 00 00 00 00 00 00 00 00 00 00 00 00 00 00 00 00 00
   60.1387  #373    len=64   01 0a bf 80 80 0f 00 00 00 00 00 00 00 00 00 00 00 00 00 00 00 00 00 00 00 01 00 00 00 00 00 00 00 00 00 80 00 00 00 80 00 00 00 00 00 37 00 00 00 00 00 00 00 00 00 00 00 00 00 00 00 00 00 00
   60.1427  #374    len=64   01 0a b2 80 80 0f 00 00 00 00 00 00 00 00 00 00 00 00 00 00 00 00 00 00 00 01 00 00 00 00 00 00 00 00 00 80 00 00 00 80 00 00 00 00 00 37 00 00 00 00 00 00 00 00 00 00 00 00 00 00 00 00 00 00
   60.1548  #375    len=64   01 09 a3 80 80 0f 00 00 00 00 00 00 00 00 00 00 00 00 00 00 00 00 00 00 00 01 00 00 00 00 00 00 00 00 00 80 00 00 00 80 00 00 00 00 00 37 00 00 00 00 00 00 00 00 00 00 00 00 00 00 00 00 00 00
   60.1628  #376    len=64   01 09 97 80 80 0f 00 00 00 00 00 00 00 00 00 00 00 00 00 00 00 00 00 00 00 01 00 00 00 00 00 00 00 00 00 80 00 00 00 80 00 00 00 00 00 37 00 00 00 00 00 00 00 00 00 00 00 00 00 00 00 00 00 00
   60.1667  #377    len=64   01 09 8c 80 80 0f 00 00 00 00 00 00 00 00 00 00 00 00 00 00 00 00 00 00 00 01 00 00 00 00 00 00 00 00 00 80 00 00 00 80 00 00 00 00 00 37 00 00 00 00 00 00 00 00 00 00 00 00 00 00 00 00 00 00
   60.1788  #378    len=64   01 08 82 80 80 0f 00 00 00 00 00 00 00 00 00 00 00 00 00 00 00 00 00 00 00 01 00 00 00 00 00 00 00 00 00 80 00 00 00 80 00 00 00 00 00 37 00 00 00 00 00 00 00 00 00 00 00 00 00 00 00 00 00 00
   60.1828  #379    len=64   01 07 81 80 80 0f 00 00 00 00 00 00 00 00 00 00 00 00 00 00 00 00 00 00 00 01 00 00 00 00 00 00 00 00 00 80 00 00 00 80 00 00 00 00 00 37 00 00 00 00 00 00 00 00 00 00 00 00 00 00 00 00 00 00
   60.1947  #380    len=64   01 06 81 80 80 0f 00 00 00 00 00 00 00 00 00 00 00 00 00 00 00 00 00 00 00 01 00 00 00 00 00 00 00 00 00 80 00 00 00 80 00 00 00 00 00 37 00 00 00 00 00 00 00 00 00 00 00 00 00 00 00 00 00 00
   60.2067  #381    len=64   01 05 81 80 80 0f 00 00 00 00 00 00 00 00 00 00 00 00 00 00 00 00 00 00 00 01 00 00 00 00 00 00 00 00 00 80 00 00 00 80 00 00 00 00 00 37 00 00 00 00 00 00 00 00 00 00 00 00 00 00 00 00 00 00
   60.2188  #382    len=64   01 03 80 80 80 0f 00 00 00 00 00 00 00 00 00 00 00 00 00 00 00 00 00 00 00 01 00 00 00 00 00 00 00 00 00 80 00 00 00 80 00 00 00 00 00 37 00 00 00 00 00 00 00 00 00 00 00 00 00 00 00 00 00 00
   60.2268  #383    len=64   01 01 77 80 80 0f 00 00 00 00 00 00 00 00 00 00 00 00 00 00 00 00 00 00 00 01 00 00 00 00 00 00 00 00 00 80 00 00 00 80 00 00 00 00 00 37 00 00 00 00 00 00 00 00 00 00 00 00 00 00 00 00 00 00
   60.2347  #384    len=64   01 01 69 80 80 0f 00 00 00 00 00 00 00 00 00 00 00 00 00 00 00 00 00 00 00 01 00 00 00 00 00 00 00 00 00 80 00 00 00 80 00 00 00 00 00 37 00 00 00 00 00 00 00 00 00 00 00 00 00 00 00 00 00 00
   60.2428  #385    len=64   01 00 58 80 80 0f 00 00 00 00 00 00 00 00 00 00 00 00 00 00 00 00 00 00 00 01 00 00 00 00 00 00 00 00 00 80 00 00 00 80 00 00 00 00 00 37 00 00 00 00 00 00 00 00 00 00 00 00 00 00 00 00 00 00
   60.2467  #386    len=64   01 00 52 80 80 0f 00 00 00 00 00 00 00 00 00 00 00 00 00 00 00 00 00 00 00 01 00 00 00 00 00 00 00 00 00 80 00 00 00 80 00 00 00 00 00 37 00 00 00 00 00 00 00 00 00 00 00 00 00 00 00 00 00 00
   60.2588  #387    len=64   01 00 4a 80 80 0f 00 00 00 00 00 00 00 00 00 00 00 00 00 00 00 00 00 00 00 01 00 00 00 00 00 00 00 00 00 80 00 00 00 80 00 00 00 00 00 37 00 00 00 00 00 00 00 00 00 00 00 00 00 00 00 00 00 00
   60.2628  #388    len=64   01 00 42 80 80 0f 00 00 00 00 00 00 00 00 00 00 00 00 00 00 00 00 00 00 00 01 00 00 00 00 00 00 00 00 00 80 00 00 00 80 00 00 00 00 00 37 00 00 00 00 00 00 00 00 00 00 00 00 00 00 00 00 00 00
   60.2749  #389    len=64   01 03 3a 80 80 0f 00 00 00 00 00 00 00 00 00 00 00 00 00 00 00 00 00 00 00 01 00 00 00 00 00 00 00 00 00 80 00 00 00 80 00 00 00 00 00 37 00 00 00 00 00 00 00 00 00 00 00 00 00 00 00 00 00 00
   60.2828  #390    len=64   01 06 32 80 80 0f 00 00 00 00 00 00 00 00 00 00 00 00 00 00 00 00 00 00 00 01 00 00 00 00 00 00 00 00 00 80 00 00 00 80 00 00 00 00 00 37 00 00 00 00 00 00 00 00 00 00 00 00 00 00 00 00 00 00
   60.2868  #391    len=64   01 0a 2d 80 80 0f 00 00 00 00 00 00 00 00 00 00 00 00 00 00 00 00 00 00 00 01 00 00 00 00 00 00 00 00 00 80 00 00 00 80 00 00 00 00 00 37 00 00 00 00 00 00 00 00 00 00 00 00 00 00 00 00 00 00
   60.2988  #392    len=64   01 0d 2b 80 80 0f 00 00 00 00 00 00 00 00 00 00 00 00 00 00 00 00 00 00 00 01 00 00 00 00 00 00 00 00 00 80 00 00 00 80 00 00 00 00 00 37 00 00 00 00 00 00 00 00 00 00 00 00 00 00 00 00 00 00
   60.3028  #393    len=64   01 10 29 80 80 0f 00 00 00 00 00 00 00 00 00 00 00 00 00 00 00 00 00 00 00 01 00 00 00 00 00 00 00 00 00 80 00 00 00 80 00 00 00 00 00 37 00 00 00 00 00 00 00 00 00 00 00 00 00 00 00 00 00 00
   60.3148  #394    len=64   01 11 28 80 80 0f 00 00 00 00 00 00 00 00 00 00 00 00 00 00 00 00 00 00 00 01 00 00 00 00 00 00 00 00 00 80 00 00 00 80 00 00 00 00 00 37 00 00 00 00 00 00 00 00 00 00 00 00 00 00 00 00 00 00
   60.3228  #395    len=64   01 11 27 80 80 0f 00 00 00 00 00 00 00 00 00 00 00 00 00 00 00 00 00 00 00 01 00 00 00 00 00 00 00 00 00 80 00 00 00 80 00 00 00 00 00 37 00 00 00 00 00 00 00 00 00 00 00 00 00 00 00 00 00 00
   60.3308  #396    len=64   01 13 26 80 80 0f 00 00 00 00 00 00 00 00 00 00 00 00 00 00 00 00 00 00 00 01 00 00 00 00 00 00 00 00 00 80 00 00 00 80 00 00 00 00 00 37 00 00 00 00 00 00 00 00 00 00 00 00 00 00 00 00 00 00
   60.3388  #397    len=64   01 14 25 80 80 0f 00 00 00 00 00 00 00 00 00 00 00 00 00 00 00 00 00 00 00 01 00 00 00 00 00 00 00 00 00 80 00 00 00 80 00 00 00 00 00 37 00 00 00 00 00 00 00 00 00 00 00 00 00 00 00 00 00 00
   60.3428  #398    len=64   01 15 25 80 80 0f 00 00 00 00 00 00 00 00 00 00 00 00 00 00 00 00 00 00 00 01 00 00 00 00 00 00 00 00 00 80 00 00 00 80 00 00 00 00 00 37 00 00 00 00 00 00 00 00 00 00 00 00 00 00 00 00 00 00
   60.3548  #399    len=64   01 16 24 80 80 0f 00 00 00 00 00 00 00 00 00 00 00 00 00 00 00 00 00 00 00 01 00 00 00 00 00 00 00 00 00 80 00 00 00 80 00 00 00 00 00 37 00 00 00 00 00 00 00 00 00 00 00 00 00 00 00 00 00 00
   60.3628  #400    len=64   01 17 23 80 80 0f 00 00 00 00 00 00 00 00 00 00 00 00 00 00 00 00 00 00 00 01 00 00 00 00 00 00 00 00 00 80 00 00 00 80 00 00 00 00 00 37 00 00 00 00 00 00 00 00 00 00 00 00 00 00 00 00 00 00
   60.3708  #401    len=64   01 1d 1f 80 80 0f 00 00 00 00 00 00 00 00 00 00 00 00 00 00 00 00 00 00 00 01 00 00 00 00 00 00 00 00 00 80 00 00 00 80 00 00 00 00 00 37 00 00 00 00 00 00 00 00 00 00 00 00 00 00 00 00 00 00
   60.3788  #402    len=64   01 28 18 80 80 0f 00 00 00 00 00 00 00 00 00 00 00 00 00 00 00 00 00 00 00 01 00 00 00 00 00 00 00 00 00 80 00 00 00 80 00 00 00 00 00 37 00 00 00 00 00 00 00 00 00 00 00 00 00 00 00 00 00 00
   60.3829  #403    len=64   01 34 0e 80 80 0f 00 00 00 00 00 00 00 00 00 00 00 00 00 00 00 00 00 00 00 01 00 00 00 00 00 00 00 00 00 80 00 00 00 80 00 00 00 00 00 37 00 00 00 00 00 00 00 00 00 00 00 00 00 00 00 00 00 00
   60.3948  #404    len=64   01 3f 07 80 80 0f 00 00 00 00 00 00 00 00 00 00 00 00 00 00 00 00 00 00 00 01 00 00 00 00 00 00 00 00 00 80 00 00 00 80 00 00 00 00 00 37 00 00 00 00 00 00 00 00 00 00 00 00 00 00 00 00 00 00
   60.4028  #405    len=64   01 4d 01 80 80 0f 00 00 00 00 00 00 00 00 00 00 00 00 00 00 00 00 00 00 00 01 00 00 00 00 00 00 00 00 00 80 00 00 00 80 00 00 00 00 00 37 00 00 00 00 00 00 00 00 00 00 00 00 00 00 00 00 00 00
   60.4067  #406    len=64   01 5f 00 80 80 0f 00 00 00 00 00 00 00 00 00 00 00 00 00 00 00 00 00 00 00 01 00 00 00 00 00 00 00 00 00 80 00 00 00 80 00 00 00 00 00 37 00 00 00 00 00 00 00 00 00 00 00 00 00 00 00 00 00 00
   60.4188  #407    len=64   01 70 00 80 80 0f 00 00 00 00 00 00 00 00 00 00 00 00 00 00 00 00 00 00 00 01 00 00 00 00 00 00 00 00 00 80 00 00 00 80 00 00 00 00 00 37 00 00 00 00 00 00 00 00 00 00 00 00 00 00 00 00 00 00
   60.4227  #408    len=64   01 7d 00 80 80 0f 00 00 00 00 00 00 00 00 00 00 00 00 00 00 00 00 00 00 00 01 00 00 00 00 00 00 00 00 00 80 00 00 00 80 00 00 00 00 00 37 00 00 00 00 00 00 00 00 00 00 00 00 00 00 00 00 00 00
   60.4428  #409    len=64   01 7f 00 80 80 0f 00 00 00 00 00 00 00 00 00 00 00 00 00 00 00 00 00 00 00 01 00 00 00 00 00 00 00 00 00 80 00 00 00 80 00 00 00 00 00 37 00 00 00 00 00 00 00 00 00 00 00 00 00 00 00 00 00 00
   60.4467  #410    len=64   01 8f 00 80 80 0f 00 00 00 00 00 00 00 00 00 00 00 00 00 00 00 00 00 00 00 01 00 00 00 00 00 00 00 00 00 80 00 00 00 80 00 00 00 00 00 37 00 00 00 00 00 00 00 00 00 00 00 00 00 00 00 00 00 00
   60.4588  #411    len=64   01 a7 00 80 80 0f 00 00 00 00 00 00 00 00 00 00 00 00 00 00 00 00 00 00 00 01 00 00 00 00 00 00 00 00 00 80 00 00 00 80 00 00 00 00 00 37 00 00 00 00 00 00 00 00 00 00 00 00 00 00 00 00 00 00
   60.4627  #412    len=64   01 be 0b 80 80 0f 00 00 00 00 00 00 00 00 00 00 00 00 00 00 00 00 00 00 00 01 00 00 00 00 00 00 00 00 00 80 00 00 00 80 00 00 00 00 00 37 00 00 00 00 00 00 00 00 00 00 00 00 00 00 00 00 00 00
   60.4707  #413    len=64   01 d2 1d 80 80 0f 00 00 00 00 00 00 00 00 00 00 00 00 00 00 00 00 00 00 00 01 00 00 00 00 00 00 00 00 00 80 00 00 00 80 00 00 00 00 00 37 00 00 00 00 00 00 00 00 00 00 00 00 00 00 00 00 00 00
   60.4829  #414    len=64   01 d4 21 80 80 0f 00 00 00 00 00 00 00 00 00 00 00 00 00 00 00 00 00 00 00 01 00 00 00 00 00 00 00 00 00 80 00 00 00 80 00 00 00 00 00 37 00 00 00 00 00 00 00 00 00 00 00 00 00 00 00 00 00 00
   60.4908  #415    len=64   01 a6 50 80 80 0f 00 00 00 00 00 00 00 00 00 00 00 00 00 00 00 00 00 00 00 01 00 00 00 00 00 00 00 00 00 80 00 00 00 80 00 00 00 00 00 37 00 00 00 00 00 00 00 00 00 00 00 00 00 00 00 00 00 00
   60.4988  #416    len=64   01 80 80 80 80 0f 00 00 00 00 00 00 00 00 00 00 00 00 00 00 00 00 00 00 00 01 00 00 00 00 00 00 00 00 00 80 00 00 00 80 00 00 00 00 00 37 00 00 00 00 00 00 00 00 00 00 00 00 00 00 00 00 00 00
   60.5427  #417    len=64   01 8b 80 80 80 0f 00 00 00 00 00 00 00 00 00 00 00 00 00 00 00 00 00 00 00 01 00 00 00 00 00 00 00 00 00 80 00 00 00 80 00 00 00 00 00 37 00 00 00 00 00 00 00 00 00 00 00 00 00 00 00 00 00 00
   60.5547  #418    len=64   01 94 81 80 80 0f 00 00 00 00 00 00 00 00 00 00 00 00 00 00 00 00 00 00 00 01 00 00 00 00 00 00 00 00 00 80 00 00 00 80 00 00 00 00 00 37 00 00 00 00 00 00 00 00 00 00 00 00 00 00 00 00 00 00
   60.5627  #419    len=64   01 92 81 80 80 0f 00 00 00 00 00 00 00 00 00 00 00 00 00 00 00 00 00 00 00 01 00 00 00 00 00 00 00 00 00 80 00 00 00 80 00 00 00 00 00 37 00 00 00 00 00 00 00 00 00 00 00 00 00 00 00 00 00 00
   60.5668  #420    len=64   01 81 80 80 80 0f 00 00 00 00 00 00 00 00 00 00 00 00 00 00 00 00 00 00 00 01 00 00 00 00 00 00 00 00 00 80 00 00 00 80 00 00 00 00 00 37 00 00 00 00 00 00 00 00 00 00 00 00 00 00 00 00 00 00
   60.5788  #421    len=64   01 80 80 80 80 0f 00 00 00 00 00 00 00 00 00 00 00 00 00 00 00 00 00 00 00 01 00 00 00 00 00 00 00 00 00 80 00 00 00 80 00 00 00 00 00 37 00 00 00 00 00 00 00 00 00 00 00 00 00 00 00 00 00 00
   60.6188  #422    len=64   01 7f 83 80 80 0f 00 00 00 00 00 00 00 00 00 00 00 00 00 00 00 00 00 00 00 01 00 00 00 00 00 00 00 00 00 80 00 00 00 80 00 00 00 00 00 37 00 00 00 00 00 00 00 00 00 00 00 00 00 00 00 00 00 00
   60.6227  #423    len=64   01 7e 8e 80 80 0f 00 00 00 00 00 00 00 00 00 00 00 00 00 00 00 00 00 00 00 01 00 00 00 00 00 00 00 00 00 80 00 00 00 80 00 00 00 00 00 37 00 00 00 00 00 00 00 00 00 00 00 00 00 00 00 00 00 00
   60.6348  #424    len=64   01 7e 9f 80 80 0f 00 00 00 00 00 00 00 00 00 00 00 00 00 00 00 00 00 00 00 01 00 00 00 00 00 00 00 00 00 80 00 00 00 80 00 00 00 00 00 37 00 00 00 00 00 00 00 00 00 00 00 00 00 00 00 00 00 00
   60.6428  #425    len=64   01 7e b1 80 80 0f 00 00 00 00 00 00 00 00 00 00 00 00 00 00 00 00 00 00 00 01 00 00 00 00 00 00 00 00 00 80 00 00 00 80 00 00 00 00 00 37 00 00 00 00 00 00 00 00 00 00 00 00 00 00 00 00 00 00
   60.6467  #426    len=64   01 7e c8 80 80 0f 00 00 00 00 00 00 00 00 00 00 00 00 00 00 00 00 00 00 00 01 00 00 00 00 00 00 00 00 00 80 00 00 00 80 00 00 00 00 00 37 00 00 00 00 00 00 00 00 00 00 00 00 00 00 00 00 00 00
   60.6588  #427    len=64   01 7e e0 80 80 0f 00 00 00 00 00 00 00 00 00 00 00 00 00 00 00 00 00 00 00 01 00 00 00 00 00 00 00 00 00 80 00 00 00 80 00 00 00 00 00 37 00 00 00 00 00 00 00 00 00 00 00 00 00 00 00 00 00 00
   60.6628  #428    len=64   01 7e f4 80 80 0f 00 00 00 00 00 00 00 00 00 00 00 00 00 00 00 00 00 00 00 01 00 00 00 00 00 00 00 00 00 80 00 00 00 80 00 00 00 00 00 37 00 00 00 00 00 00 00 00 00 00 00 00 00 00 00 00 00 00
   60.6750  #429    len=64   01 7e ff 80 80 0f 00 00 00 00 00 00 00 00 00 00 00 00 00 00 00 00 00 00 00 01 00 00 00 00 00 00 00 00 00 80 00 00 00 80 00 00 00 00 00 37 00 00 00 00 00 00 00 00 00 00 00 00 00 00 00 00 00 00
   60.7427  #430    len=64   01 7d ff 80 80 0f 00 00 00 00 00 00 00 00 00 00 00 00 00 00 00 00 00 00 00 01 00 00 00 00 00 00 00 00 00 80 00 00 00 80 00 00 00 00 00 37 00 00 00 00 00 00 00 00 00 00 00 00 00 00 00 00 00 00
   60.7547  #431    len=64   01 7e ff 80 80 0f 00 00 00 00 00 00 00 00 00 00 00 00 00 00 00 00 00 00 00 01 00 00 00 00 00 00 00 00 00 80 00 00 00 80 00 00 00 00 00 37 00 00 00 00 00 00 00 00 00 00 00 00 00 00 00 00 00 00
   60.7628  #432    len=64   01 7d ff 80 80 0f 00 00 00 00 00 00 00 00 00 00 00 00 00 00 00 00 00 00 00 01 00 00 00 00 00 00 00 00 00 80 00 00 00 80 00 00 00 00 00 37 00 00 00 00 00 00 00 00 00 00 00 00 00 00 00 00 00 00
   60.7667  #433    len=64   01 7e ff 80 80 0f 00 00 00 00 00 00 00 00 00 00 00 00 00 00 00 00 00 00 00 01 00 00 00 00 00 00 00 00 00 80 00 00 00 80 00 00 00 00 00 37 00 00 00 00 00 00 00 00 00 00 00 00 00 00 00 00 00 00
   60.7948  #434    len=64   01 7d ff 80 80 0f 00 00 00 00 00 00 00 00 00 00 00 00 00 00 00 00 00 00 00 01 00 00 00 00 00 00 00 00 00 80 00 00 00 80 00 00 00 00 00 37 00 00 00 00 00 00 00 00 00 00 00 00 00 00 00 00 00 00
   60.8108  #435    len=64   01 7c ff 80 80 0f 00 00 00 00 00 00 00 00 00 00 00 00 00 00 00 00 00 00 00 01 00 00 00 00 00 00 00 00 00 80 00 00 00 80 00 00 00 00 00 37 00 00 00 00 00 00 00 00 00 00 00 00 00 00 00 00 00 00
   60.8188  #436    len=64   01 73 ff 80 80 0f 00 00 00 00 00 00 00 00 00 00 00 00 00 00 00 00 00 00 00 01 00 00 00 00 00 00 00 00 00 80 00 00 00 80 00 00 00 00 00 37 00 00 00 00 00 00 00 00 00 00 00 00 00 00 00 00 00 00
   60.8228  #437    len=64   01 6d ff 80 80 0f 00 00 00 00 00 00 00 00 00 00 00 00 00 00 00 00 00 00 00 01 00 00 00 00 00 00 00 00 00 80 00 00 00 80 00 00 00 00 00 37 00 00 00 00 00 00 00 00 00 00 00 00 00 00 00 00 00 00
   60.8348  #438    len=64   01 6b ff 80 80 0f 00 00 00 00 00 00 00 00 00 00 00 00 00 00 00 00 00 00 00 01 00 00 00 00 00 00 00 00 00 80 00 00 00 80 00 00 00 00 00 37 00 00 00 00 00 00 00 00 00 00 00 00 00 00 00 00 00 00
   60.8428  #439    len=64   01 6a ff 80 80 0f 00 00 00 00 00 00 00 00 00 00 00 00 00 00 00 00 00 00 00 01 00 00 00 00 00 00 00 00 00 80 00 00 00 80 00 00 00 00 00 37 00 00 00 00 00 00 00 00 00 00 00 00 00 00 00 00 00 00
   60.8507  #440    len=64   01 69 ff 80 80 0f 00 00 00 00 00 00 00 00 00 00 00 00 00 00 00 00 00 00 00 01 00 00 00 00 00 00 00 00 00 80 00 00 00 80 00 00 00 00 00 37 00 00 00 00 00 00 00 00 00 00 00 00 00 00 00 00 00 00
   60.8588  #441    len=64   01 67 ff 80 80 0f 00 00 00 00 00 00 00 00 00 00 00 00 00 00 00 00 00 00 00 01 00 00 00 00 00 00 00 00 00 80 00 00 00 80 00 00 00 00 00 37 00 00 00 00 00 00 00 00 00 00 00 00 00 00 00 00 00 00
   60.8627  #442    len=64   01 61 ff 80 80 0f 00 00 00 00 00 00 00 00 00 00 00 00 00 00 00 00 00 00 00 01 00 00 00 00 00 00 00 00 00 80 00 00 00 80 00 00 00 00 00 37 00 00 00 00 00 00 00 00 00 00 00 00 00 00 00 00 00 00
   60.8708  #443    len=64   01 55 ff 80 80 0f 00 00 00 00 00 00 00 00 00 00 00 00 00 00 00 00 00 00 00 01 00 00 00 00 00 00 00 00 00 80 00 00 00 80 00 00 00 00 00 37 00 00 00 00 00 00 00 00 00 00 00 00 00 00 00 00 00 00
   60.8829  #444    len=64   01 4c ff 80 80 0f 00 00 00 00 00 00 00 00 00 00 00 00 00 00 00 00 00 00 00 01 00 00 00 00 00 00 00 00 00 80 00 00 00 80 00 00 00 00 00 37 00 00 00 00 00 00 00 00 00 00 00 00 00 00 00 00 00 00
   60.8868  #445    len=64   01 47 ff 80 80 0f 00 00 00 00 00 00 00 00 00 00 00 00 00 00 00 00 00 00 00 01 00 00 00 00 00 00 00 00 00 80 00 00 00 80 00 00 00 00 00 37 00 00 00 00 00 00 00 00 00 00 00 00 00 00 00 00 00 00
   60.8988  #446    len=64   01 42 ff 80 80 0f 00 00 00 00 00 00 00 00 00 00 00 00 00 00 00 00 00 00 00 01 00 00 00 00 00 00 00 00 00 80 00 00 00 80 00 00 00 00 00 37 00 00 00 00 00 00 00 00 00 00 00 00 00 00 00 00 00 00
   60.9028  #447    len=64   01 3d fe 80 80 0f 00 00 00 00 00 00 00 00 00 00 00 00 00 00 00 00 00 00 00 01 00 00 00 00 00 00 00 00 00 80 00 00 00 80 00 00 00 00 00 37 00 00 00 00 00 00 00 00 00 00 00 00 00 00 00 00 00 00
   60.9149  #448    len=64   01 32 f5 80 80 0f 00 00 00 00 00 00 00 00 00 00 00 00 00 00 00 00 00 00 00 01 00 00 00 00 00 00 00 00 00 80 00 00 00 80 00 00 00 00 00 37 00 00 00 00 00 00 00 00 00 00 00 00 00 00 00 00 00 00
   60.9227  #449    len=64   01 29 ef 80 80 0f 00 00 00 00 00 00 00 00 00 00 00 00 00 00 00 00 00 00 00 01 00 00 00 00 00 00 00 00 00 80 00 00 00 80 00 00 00 00 00 37 00 00 00 00 00 00 00 00 00 00 00 00 00 00 00 00 00 00
   60.9268  #450    len=64   01 28 ee 80 80 0f 00 00 00 00 00 00 00 00 00 00 00 00 00 00 00 00 00 00 00 01 00 00 00 00 00 00 00 00 00 80 00 00 00 80 00 00 00 00 00 37 00 00 00 00 00 00 00 00 00 00 00 00 00 00 00 00 00 00
   60.9388  #451    len=64   01 25 ec 80 80 0f 00 00 00 00 00 00 00 00 00 00 00 00 00 00 00 00 00 00 00 01 00 00 00 00 00 00 00 00 00 80 00 00 00 80 00 00 00 00 00 37 00 00 00 00 00 00 00 00 00 00 00 00 00 00 00 00 00 00
   60.9468  #452    len=64   01 1f e5 80 80 0f 00 00 00 00 00 00 00 00 00 00 00 00 00 00 00 00 00 00 00 01 00 00 00 00 00 00 00 00 00 80 00 00 00 80 00 00 00 00 00 37 00 00 00 00 00 00 00 00 00 00 00 00 00 00 00 00 00 00
   60.9547  #453    len=64   01 15 d9 80 80 0f 00 00 00 00 00 00 00 00 00 00 00 00 00 00 00 00 00 00 00 01 00 00 00 00 00 00 00 00 00 80 00 00 00 80 00 00 00 00 00 37 00 00 00 00 00 00 00 00 00 00 00 00 00 00 00 00 00 00
   60.9628  #454    len=64   01 0d cd 80 80 0f 00 00 00 00 00 00 00 00 00 00 00 00 00 00 00 00 00 00 00 01 00 00 00 00 00 00 00 00 00 80 00 00 00 80 00 00 00 00 00 37 00 00 00 00 00 00 00 00 00 00 00 00 00 00 00 00 00 00
   60.9667  #455    len=64   01 07 c3 80 80 0f 00 00 00 00 00 00 00 00 00 00 00 00 00 00 00 00 00 00 00 01 00 00 00 00 00 00 00 00 00 80 00 00 00 80 00 00 00 00 00 37 00 00 00 00 00 00 00 00 00 00 00 00 00 00 00 00 00 00
   60.9788  #456    len=64   01 01 b7 80 80 0f 00 00 00 00 00 00 00 00 00 00 00 00 00 00 00 00 00 00 00 01 00 00 00 00 00 00 00 00 00 80 00 00 00 80 00 00 00 00 00 37 00 00 00 00 00 00 00 00 00 00 00 00 00 00 00 00 00 00
   60.9828  #457    len=64   01 00 a7 80 80 0f 00 00 00 00 00 00 00 00 00 00 00 00 00 00 00 00 00 00 00 01 00 00 00 00 00 00 00 00 00 80 00 00 00 80 00 00 00 00 00 37 00 00 00 00 00 00 00 00 00 00 00 00 00 00 00 00 00 00
   60.9947  #458    len=64   01 00 96 80 80 0f 00 00 00 00 00 00 00 00 00 00 00 00 00 00 00 00 00 00 00 01 00 00 00 00 00 00 00 00 00 80 00 00 00 80 00 00 00 00 00 37 00 00 00 00 00 00 00 00 00 00 00 00 00 00 00 00 00 00
   61.0028  #459    len=64   01 06 88 80 80 0f 00 00 00 00 00 00 00 00 00 00 00 00 00 00 00 00 00 00 00 01 00 00 00 00 00 00 00 00 00 80 00 00 00 80 00 00 00 00 00 37 00 00 00 00 00 00 00 00 00 00 00 00 00 00 00 00 00 00
   61.0067  #460    len=64   01 5f 82 80 80 0f 00 00 00 00 00 00 00 00 00 00 00 00 00 00 00 00 00 00 00 01 00 00 00 00 00 00 00 00 00 80 00 00 00 80 00 00 00 00 00 37 00 00 00 00 00 00 00 00 00 00 00 00 00 00 00 00 00 00
   61.0188  #461    len=64   01 80 80 80 80 0f 00 00 00 00 00 00 00 00 00 00 00 00 00 00 00 00 00 00 00 01 00 00 00 00 00 00 00 00 00 80 00 00 00 80 00 00 00 00 00 37 00 00 00 00 00 00 00 00 00 00 00 00 00 00 00 00 00 00
   62.2227  #462    len=64   01 80 80 80 80 2f 00 00 00 00 00 00 00 00 00 00 00 00 00 00 00 00 00 00 00 01 00 00 00 00 00 00 00 00 00 80 00 00 00 80 00 00 00 00 00 37 01 00 00 00 00 00 00 00 00 00 00 00 00 00 00 00 00 00
   62.5947  #463    len=64   01 80 80 80 80 6f 00 00 00 00 00 00 00 00 00 00 00 00 00 00 00 00 00 00 00 01 00 00 00 00 00 00 00 00 00 80 00 00 00 80 00 00 00 00 00 37 03 00 00 00 00 00 00 00 00 00 00 00 00 00 00 00 00 00
   62.6148  #464    len=64   01 80 80 80 80 ef 00 00 00 00 00 00 00 00 00 00 00 00 00 00 00 00 00 00 00 01 00 00 00 00 00 00 00 00 00 80 00 00 00 80 00 00 00 00 00 37 07 00 00 00 00 00 00 00 00 00 00 00 00 00 00 00 00 00
   62.6787  #465    len=64   01 80 80 80 80 ff 00 00 00 00 00 00 00 00 00 00 00 00 00 00 00 00 00 00 00 01 00 00 00 00 00 00 00 00 00 80 00 00 00 80 00 00 00 00 00 37 0f 00 00 00 00 00 00 00 00 00 00 00 00 00 00 00 00 00
   62.7227  #466    len=64   01 80 80 80 80 df 00 00 00 00 00 00 00 00 00 00 00 00 00 00 00 00 00 00 00 01 00 00 00 00 00 00 00 00 00 80 00 00 00 80 00 00 00 00 00 37 0e 00 00 00 00 00 00 00 00 00 00 00 00 00 00 00 00 00
   62.9147  #467    len=64   01 80 80 80 80 cf 00 00 00 00 00 00 00 00 00 00 00 00 00 00 00 00 00 00 00 01 00 00 00 00 00 00 00 00 00 80 00 00 00 80 00 00 00 00 00 37 06 00 00 00 00 00 00 00 00 00 00 00 00 00 00 00 00 00
   62.9307  #468    len=64   01 80 80 80 80 8f 00 00 00 00 00 00 00 00 00 00 00 00 00 00 00 00 00 00 00 01 00 00 00 00 00 00 00 00 00 80 00 00 00 80 00 00 00 00 00 37 04 00 00 00 00 00 00 00 00 00 00 00 00 00 00 00 00 00
   62.9387  #469    len=64   01 80 80 80 80 0f 00 00 00 00 00 00 00 00 00 00 00 00 00 00 00 00 00 00 00 01 00 00 00 00 00 00 00 00 00 80 00 00 00 80 00 00 00 00 00 37 00 00 00 00 00 00 00 00 00 00 00 00 00 00 00 00 00 00
   63.8867  #470    len=64   01 80 80 80 80 0f 00 00 00 00 00 00 00 00 00 00 00 00 00 00 00 00 00 00 00 01 00 00 00 00 00 00 00 00 00 80 00 00 00 80 00 00 00 00 08 37 00 00 00 00 00 00 00 00 00 00 00 00 00 00 00 00 00 00
   63.8987  #471    len=64   01 80 80 80 80 0f 00 00 00 00 00 00 00 00 00 00 00 00 00 00 00 00 00 00 00 01 00 00 00 00 00 00 00 00 00 80 00 00 00 80 00 00 00 00 11 37 00 00 00 00 00 00 00 00 00 00 00 00 00 00 00 00 00 00
   63.9027  #472    len=64   01 80 80 80 80 0f 00 00 00 00 00 00 00 00 00 00 00 00 00 00 00 00 00 00 00 01 00 00 00 00 00 00 00 00 00 80 00 00 00 80 00 00 00 00 16 37 00 00 00 00 00 00 00 00 00 00 00 00 00 00 00 00 00 00
   63.9147  #473    len=64   01 80 80 80 80 0f 00 00 00 00 00 00 00 00 00 00 00 00 00 00 00 00 00 00 00 01 00 00 00 00 00 00 00 00 00 80 00 00 00 80 00 00 00 00 1a 37 00 00 00 00 00 00 00 00 00 00 00 00 00 00 00 00 00 00
   63.9227  #474    len=64   01 80 80 80 80 0f 00 00 00 00 00 00 00 00 00 00 00 00 00 00 00 00 00 00 00 01 00 00 00 00 00 00 00 00 00 80 00 00 00 80 00 00 00 00 1e 37 00 00 00 00 00 00 00 00 00 00 00 00 00 00 00 00 00 00
   63.9308  #475    len=64   01 80 80 80 80 0f 00 00 00 00 00 00 00 00 00 00 00 00 00 00 00 00 00 00 00 01 00 00 00 00 00 00 00 00 00 80 00 00 00 80 00 00 00 00 22 37 00 00 00 00 00 00 00 00 00 00 00 00 00 00 00 00 00 00
   63.9388  #476    len=64   01 80 80 80 80 0f 00 00 00 00 00 00 00 00 00 00 00 00 00 00 00 00 00 00 00 01 00 00 00 00 00 00 00 00 00 80 00 00 00 80 00 00 00 00 26 37 00 00 00 00 00 00 00 00 00 00 00 00 00 00 00 00 00 00
   63.9428  #477    len=64   01 80 80 80 80 0f 00 00 00 00 00 00 00 00 00 00 00 00 00 00 00 00 00 00 00 01 00 00 00 00 00 00 00 00 00 80 00 00 00 80 00 00 00 00 29 37 00 00 00 00 00 00 00 00 00 00 00 00 00 00 00 00 00 00
   63.9548  #478    len=64   01 80 80 80 80 0f 00 00 00 00 00 00 00 00 00 00 00 00 00 00 00 00 00 00 00 01 00 00 00 00 00 00 00 00 00 80 00 00 00 80 00 00 00 00 2c 37 00 00 00 00 00 00 00 00 00 00 00 00 00 00 00 00 00 00
   63.9628  #479    len=64   01 80 80 80 80 0f 00 00 00 00 00 00 00 00 00 00 00 00 00 00 00 00 00 00 00 01 00 00 00 00 00 00 00 00 00 80 00 00 00 80 00 00 00 00 30 37 00 00 00 00 00 00 00 00 00 00 00 00 00 00 00 00 00 00
   63.9708  #480    len=64   01 80 80 80 80 0f 00 00 00 00 00 00 00 00 00 00 00 00 00 00 00 00 00 00 00 01 00 00 00 00 00 00 00 00 00 80 00 00 00 80 00 00 00 00 33 37 00 00 00 00 00 00 00 00 00 00 00 00 00 00 00 00 00 00
   63.9788  #481    len=64   01 80 80 80 80 0f 00 00 00 00 00 00 00 00 00 00 00 00 00 00 00 00 00 00 00 01 00 00 00 00 00 00 00 00 00 80 00 00 00 80 00 00 00 00 36 37 00 00 00 00 00 00 00 00 00 00 00 00 00 00 00 00 00 00
   63.9828  #482    len=64   01 80 80 80 80 0f 00 00 00 00 00 00 00 00 00 00 00 00 00 00 00 00 00 00 00 01 00 00 00 00 00 00 00 00 00 80 00 00 00 80 00 00 00 00 38 37 00 00 00 00 00 00 00 00 00 00 00 00 00 00 00 00 00 00
   63.9948  #483    len=64   01 80 80 80 80 0f 00 00 00 00 00 00 00 00 00 00 00 00 00 00 00 00 00 00 00 01 00 00 00 00 00 00 00 00 00 80 00 00 00 80 00 00 00 00 3a 37 00 00 00 00 00 00 00 00 00 00 00 00 00 00 00 00 00 00
   64.0028  #484    len=64   01 80 80 80 80 0f 00 00 00 00 00 00 00 00 00 00 00 00 00 00 00 00 00 00 00 01 00 00 00 00 00 00 00 00 00 80 00 00 00 80 00 00 00 00 3b 37 00 00 00 00 00 00 00 00 00 00 00 00 00 00 00 00 00 00
   64.0348  #485    len=64   01 80 80 80 80 0f 00 00 00 00 00 00 00 00 00 00 00 00 00 00 00 00 00 00 00 01 00 00 00 00 00 00 00 00 00 80 00 00 00 80 00 00 00 00 3c 37 00 00 00 00 00 00 00 00 00 00 00 00 00 00 00 00 00 00
   64.0587  #486    len=64   01 80 80 80 80 0f 00 00 00 00 00 00 00 00 00 00 00 00 00 00 00 00 00 00 00 01 00 00 00 00 00 00 00 00 00 80 00 00 00 80 00 00 00 00 3d 37 00 00 00 00 00 00 00 00 00 00 00 00 00 00 00 00 00 00
   64.0668  #487    len=64   01 80 80 80 80 0f 00 00 00 00 00 00 00 00 00 00 00 00 00 00 00 00 00 00 00 01 00 00 00 00 00 00 00 00 00 80 00 00 00 80 00 00 00 00 3f 37 00 00 00 00 00 00 00 00 00 00 00 00 00 00 00 00 00 00
   64.0748  #488    len=64   01 80 80 80 80 0f 00 00 00 00 00 00 00 00 00 00 00 00 00 00 00 00 00 00 00 01 00 00 00 00 00 00 00 00 00 80 00 00 00 80 00 00 00 00 41 37 00 00 00 00 00 00 00 00 00 00 00 00 00 00 00 00 00 00
   64.0828  #489    len=64   01 80 80 80 80 0f 00 00 00 00 00 00 00 00 00 00 00 00 00 00 00 00 00 00 00 01 00 00 00 00 00 00 00 00 00 80 00 00 00 80 00 00 00 00 44 37 00 00 00 00 00 00 00 00 00 00 00 00 00 00 00 00 00 00
   64.0908  #490    len=64   01 80 80 80 80 0f 00 00 00 00 00 00 00 00 00 00 00 00 00 00 00 00 00 00 00 01 00 00 00 00 00 00 00 00 00 80 00 00 00 80 00 00 00 00 49 37 00 00 00 00 00 00 00 00 00 00 00 00 00 00 00 00 00 00
   64.0988  #491    len=64   01 80 80 80 80 0f 00 00 00 00 00 00 00 00 00 00 00 00 00 00 00 00 00 00 00 01 00 00 00 00 00 00 00 00 00 80 00 00 00 80 00 00 00 00 4f 37 00 00 00 00 00 00 00 00 00 00 00 00 00 00 00 00 00 00
   64.1027  #492    len=64   01 80 80 80 80 0f 00 00 00 00 00 00 00 00 00 00 00 00 00 00 00 00 00 00 00 01 00 00 00 00 00 00 00 00 00 80 00 00 00 80 00 00 00 00 55 37 00 00 00 00 00 00 00 00 00 00 00 00 00 00 00 00 00 00
   64.1148  #493    len=64   01 80 80 80 80 0f 00 00 00 00 00 00 00 00 00 00 00 00 00 00 00 00 00 00 00 01 00 00 00 00 00 00 00 00 00 80 00 00 00 80 00 00 00 00 5b 37 00 00 00 00 00 00 00 00 00 00 00 00 00 00 00 00 00 00
   64.1228  #494    len=64   01 80 80 80 80 0f 00 00 00 00 00 00 00 00 00 00 00 00 00 00 00 00 00 00 00 01 00 00 00 00 00 00 00 00 00 80 00 00 00 80 00 00 00 00 61 37 00 00 00 00 00 00 00 00 00 00 00 00 00 00 00 00 00 00
   64.1268  #495    len=64   01 80 80 80 80 0f 00 00 00 00 00 00 00 00 00 00 00 00 00 00 00 00 00 00 00 01 00 00 00 00 00 00 00 00 00 80 00 00 00 80 00 00 00 00 67 37 00 00 00 00 00 00 00 00 00 00 00 00 00 00 00 00 00 00
   64.1388  #496    len=64   01 80 80 80 80 0f 00 00 00 00 00 00 00 00 00 00 00 00 00 00 00 00 00 00 00 01 00 00 00 00 00 00 00 00 00 80 00 00 00 80 00 00 00 00 6d 37 00 00 00 00 00 00 00 00 00 00 00 00 00 00 00 00 00 00
   64.1428  #497    len=64   01 80 80 80 80 0f 00 00 00 00 00 00 00 00 00 00 00 00 00 00 00 00 00 00 00 01 00 00 00 00 00 00 00 00 00 80 00 00 00 80 00 00 00 00 72 37 00 00 00 00 00 00 00 00 00 00 00 00 00 00 00 00 00 00
   64.1548  #498    len=64   01 80 80 80 80 0f 00 00 00 00 00 00 00 00 00 00 00 00 00 00 00 00 00 00 00 01 00 00 00 00 00 00 00 00 00 80 00 00 00 80 00 00 00 00 77 37 00 00 00 00 00 00 00 00 00 00 00 00 00 00 00 00 00 00
   64.1627  #499    len=64   01 80 80 80 80 0f 00 00 00 00 00 00 00 00 00 00 00 00 00 00 00 00 00 00 00 01 00 00 00 00 00 00 00 00 00 80 00 00 00 80 00 00 00 00 7d 37 00 00 00 00 00 00 00 00 00 00 00 00 00 00 00 00 00 00
   64.1668  #500    len=64   01 80 80 80 80 0f 00 00 00 00 00 00 00 00 00 00 00 00 00 00 00 00 00 00 00 01 00 00 00 00 00 00 00 00 00 80 00 00 00 80 00 00 00 00 82 37 00 00 00 00 00 00 00 00 00 00 00 00 00 00 00 00 00 00
   64.1788  #501    len=64   01 80 80 80 80 0f 00 00 00 00 00 00 00 00 00 00 00 00 00 00 00 00 00 00 00 01 00 00 00 00 00 00 00 00 00 80 00 00 00 80 00 00 00 00 88 37 00 00 00 00 00 00 00 00 00 00 00 00 00 00 00 00 00 00
   64.1828  #502    len=64   01 80 80 80 80 0f 00 00 00 00 00 00 00 00 00 00 00 00 00 00 00 00 00 00 00 01 00 00 00 00 00 00 00 00 00 80 00 00 00 80 00 00 00 00 8e 37 00 00 00 00 00 00 00 00 00 00 00 00 00 00 00 00 00 00
   64.1907  #503    len=64   01 80 80 80 80 0f 00 00 00 00 00 00 00 00 00 00 00 00 00 00 00 00 00 00 00 01 00 00 00 00 00 00 00 00 00 80 00 00 00 80 00 00 00 00 92 37 00 00 00 00 00 00 00 00 00 00 00 00 00 00 00 00 00 00
   64.2028  #504    len=64   01 80 80 80 80 0f 00 00 00 00 00 00 00 00 00 00 00 00 00 00 00 00 00 00 00 01 00 00 00 00 00 00 00 00 00 80 00 00 00 80 00 00 00 00 96 37 00 00 00 00 00 00 00 00 00 00 00 00 00 00 00 00 00 00
   64.2108  #505    len=64   01 80 80 80 80 0f 00 00 00 00 00 00 00 00 00 00 00 00 00 00 00 00 00 00 00 01 00 00 00 00 00 00 00 00 00 80 00 00 00 80 00 00 00 00 98 37 00 00 00 00 00 00 00 00 00 00 00 00 00 00 00 00 00 00
   64.2188  #506    len=64   01 80 80 80 80 0f 00 00 00 00 00 00 00 00 00 00 00 00 00 00 00 00 00 00 00 01 00 00 00 00 00 00 00 00 00 80 00 00 00 80 00 00 00 00 9a 37 00 00 00 00 00 00 00 00 00 00 00 00 00 00 00 00 00 00
   64.2228  #507    len=64   01 80 80 80 80 0f 00 00 00 00 00 00 00 00 00 00 00 00 00 00 00 00 00 00 00 01 00 00 00 00 00 00 00 00 00 80 00 00 00 80 00 00 00 00 9b 37 00 00 00 00 00 00 00 00 00 00 00 00 00 00 00 00 00 00
   64.2348  #508    len=64   01 80 80 80 80 0f 00 00 00 00 00 00 00 00 00 00 00 00 00 00 00 00 00 00 00 01 00 00 00 00 00 00 00 00 00 80 00 00 00 80 00 00 00 00 9d 37 00 00 00 00 00 00 00 00 00 00 00 00 00 00 00 00 00 00
   64.2428  #509    len=64   01 80 80 80 80 0f 00 00 00 00 00 00 00 00 00 00 00 00 00 00 00 00 00 00 00 01 00 00 00 00 00 00 00 00 00 80 00 00 00 80 00 00 00 00 9e 37 00 00 00 00 00 00 00 00 00 00 00 00 00 00 00 00 00 00
   64.2468  #510    len=64   01 80 80 80 80 0f 00 00 00 00 00 00 00 00 00 00 00 00 00 00 00 00 00 00 00 01 00 00 00 00 00 00 00 00 00 80 00 00 00 80 00 00 00 00 9f 37 00 00 00 00 00 00 00 00 00 00 00 00 00 00 00 00 00 00
   64.2588  #511    len=64   01 80 80 80 80 0f 00 00 00 00 00 00 00 00 00 00 00 00 00 00 00 00 00 00 00 01 00 00 00 00 00 00 00 00 00 80 00 00 00 80 00 00 00 00 a1 37 00 00 00 00 00 00 00 00 00 00 00 00 00 00 00 00 00 00
   64.2628  #512    len=64   01 80 80 80 80 0f 00 00 00 00 00 00 00 00 00 00 00 00 00 00 00 00 00 00 00 01 00 00 00 00 00 00 00 00 00 80 00 00 00 80 00 00 00 00 a2 37 00 00 00 00 00 00 00 00 00 00 00 00 00 00 00 00 00 00
   64.2750  #513    len=64   01 80 80 80 80 0f 00 00 00 00 00 00 00 00 00 00 00 00 00 00 00 00 00 00 00 01 00 00 00 00 00 00 00 00 00 80 00 00 00 80 00 00 00 00 a3 37 00 00 00 00 00 00 00 00 00 00 00 00 00 00 00 00 00 00
   64.2987  #514    len=64   01 80 80 80 80 0f 00 00 00 00 00 00 00 00 00 00 00 00 00 00 00 00 00 00 00 01 00 00 00 00 00 00 00 00 00 80 00 00 00 80 00 00 00 00 a4 37 00 00 00 00 00 00 00 00 00 00 00 00 00 00 00 00 00 00
   64.3387  #515    len=64   01 80 80 80 80 0f 00 00 00 00 00 00 00 00 00 00 00 00 00 00 00 00 00 00 00 01 00 00 00 00 00 00 00 00 00 80 00 00 00 80 00 00 00 00 a5 37 00 00 00 00 00 00 00 00 00 00 00 00 00 00 00 00 00 00
   64.3667  #516    len=64   01 80 80 80 80 0f 00 00 00 00 00 00 00 00 00 00 00 00 00 00 00 00 00 00 00 01 00 00 00 00 00 00 00 00 00 80 00 00 00 80 00 00 00 00 a4 37 00 00 00 00 00 00 00 00 00 00 00 00 00 00 00 00 00 00
   64.4427  #517    len=64   01 80 80 80 80 0f 00 00 00 00 00 00 00 00 00 00 00 00 00 00 00 00 00 00 00 01 00 00 00 00 00 00 00 00 00 80 00 00 00 80 00 00 00 00 9f 37 00 00 00 00 00 00 00 00 00 00 00 00 00 00 00 00 00 00
   64.4507  #518    len=64   01 80 80 80 80 0f 00 00 00 00 00 00 00 00 00 00 00 00 00 00 00 00 00 00 00 01 00 00 00 00 00 00 00 00 00 80 00 00 00 80 00 00 00 00 98 37 00 00 00 00 00 00 00 00 00 00 00 00 00 00 00 00 00 00
   64.4588  #519    len=64   01 80 80 80 80 0f 00 00 00 00 00 00 00 00 00 00 00 00 00 00 00 00 00 00 00 01 00 00 00 00 00 00 00 00 00 80 00 00 00 80 00 00 00 00 92 37 00 00 00 00 00 00 00 00 00 00 00 00 00 00 00 00 00 00
   64.4667  #520    len=64   01 80 80 80 80 0f 00 00 00 00 00 00 00 00 00 00 00 00 00 00 00 00 00 00 00 01 00 00 00 00 00 00 00 00 00 80 00 00 00 80 00 00 00 00 8b 37 00 00 00 00 00 00 00 00 00 00 00 00 00 00 00 00 00 00
   64.4748  #521    len=64   01 80 80 80 80 0f 00 00 00 00 00 00 00 00 00 00 00 00 00 00 00 00 00 00 00 01 00 00 00 00 00 00 00 00 00 80 00 00 00 80 00 00 00 00 80 37 00 00 00 00 00 00 00 00 00 00 00 00 00 00 00 00 00 00
   64.4828  #522    len=64   01 80 80 80 80 0f 00 00 00 00 00 00 00 00 00 00 00 00 00 00 00 00 00 00 00 01 00 00 00 00 00 00 00 00 00 80 00 00 00 80 00 00 00 00 77 37 00 00 00 00 00 00 00 00 00 00 00 00 00 00 00 00 00 00
   64.4909  #523    len=64   01 80 80 80 80 0f 00 00 00 00 00 00 00 00 00 00 00 00 00 00 00 00 00 00 00 01 00 00 00 00 00 00 00 00 00 80 00 00 00 80 00 00 00 00 6e 2e 00 00 00 00 00 00 00 00 00 00 00 00 00 00 00 00 00 00
   64.4988  #524    len=64   01 80 80 80 80 0f 00 00 00 00 00 00 00 00 00 00 00 00 00 00 00 00 00 00 00 01 00 00 00 00 00 00 00 00 00 80 00 00 00 80 00 00 00 00 64 2e 00 00 00 00 00 00 00 00 00 00 00 00 00 00 00 00 00 00
   64.5028  #525    len=64   01 80 80 80 80 0f 00 00 00 00 00 00 00 00 00 00 00 00 00 00 00 00 00 00 00 01 00 00 00 00 00 00 00 00 00 80 00 00 00 80 00 00 00 00 5b 2e 00 00 00 00 00 00 00 00 00 00 00 00 00 00 00 00 00 00
   64.5148  #526    len=64   01 80 80 80 80 0f 00 00 00 00 00 00 00 00 00 00 00 00 00 00 00 00 00 00 00 01 00 00 00 00 00 00 00 00 00 80 00 00 00 80 00 00 00 00 50 2e 00 00 00 00 00 00 00 00 00 00 00 00 00 00 00 00 00 00
   64.5227  #527    len=64   01 80 80 80 80 0f 00 00 00 00 00 00 00 00 00 00 00 00 00 00 00 00 00 00 00 01 00 00 00 00 00 00 00 00 00 80 00 00 00 80 00 00 00 00 43 2e 00 00 00 00 00 00 00 00 00 00 00 00 00 00 00 00 00 00
   64.5268  #528    len=64   01 80 80 80 80 0f 00 00 00 00 00 00 00 00 00 00 00 00 00 00 00 00 00 00 00 01 00 00 00 00 00 00 00 00 00 80 00 00 00 80 00 00 00 00 38 2e 00 00 00 00 00 00 00 00 00 00 00 00 00 00 00 00 00 00
   64.5388  #529    len=64   01 80 80 80 80 0f 00 00 00 00 00 00 00 00 00 00 00 00 00 00 00 00 00 00 00 01 00 00 00 00 00 00 00 00 00 80 00 00 00 80 00 00 00 00 2e 2e 00 00 00 00 00 00 00 00 00 00 00 00 00 00 00 00 00 00
   64.5468  #530    len=64   01 80 80 80 80 0f 00 00 00 00 00 00 00 00 00 00 00 00 00 00 00 00 00 00 00 01 00 00 00 00 00 00 00 00 00 80 00 00 00 80 00 00 00 00 22 2e 00 00 00 00 00 00 00 00 00 00 00 00 00 00 00 00 00 00
   64.5547  #531    len=64   01 80 80 80 80 0f 00 00 00 00 00 00 00 00 00 00 00 00 00 00 00 00 00 00 00 01 00 00 00 00 00 00 00 00 00 80 00 00 00 80 00 00 00 00 13 2e 00 00 00 00 00 00 00 00 00 00 00 00 00 00 00 00 00 00
   64.5628  #532    len=64   01 80 80 80 80 0f 00 00 00 00 00 00 00 00 00 00 00 00 00 00 00 00 00 00 00 01 00 00 00 00 00 00 00 00 00 80 00 00 00 80 00 00 00 00 05 2e 00 00 00 00 00 00 00 00 00 00 00 00 00 00 00 00 00 00
   64.5668  #533    len=64   01 80 80 80 80 0f 00 00 00 00 00 00 00 00 00 00 00 00 00 00 00 00 00 00 00 01 00 00 00 00 00 00 00 00 00 80 00 00 00 80 00 00 00 00 00 2e 00 00 00 00 00 00 00 00 00 00 00 00 00 00 00 00 00 00
   64.6907  #534    len=64   01 80 80 80 80 0f 00 00 00 00 00 00 00 00 00 00 00 00 00 00 00 00 00 00 00 01 00 00 00 00 00 00 00 00 00 80 00 00 00 80 00 00 00 00 00 37 00 00 00 00 00 00 00 00 00 00 00 00 00 00 00 00 00 00
   64.8947  #535    len=64   01 80 80 80 80 2f 00 00 00 00 00 00 00 00 00 00 00 00 00 00 00 00 00 00 00 01 00 00 00 00 00 00 00 00 00 80 00 00 00 80 00 00 00 00 00 37 01 00 00 00 00 00 00 00 00 00 00 00 00 00 00 00 00 00
   65.0867  #536    len=64   01 80 80 80 80 2f 00 00 00 00 00 00 00 00 00 00 00 00 00 00 00 00 00 00 00 01 00 00 00 00 00 00 00 00 00 80 00 00 00 80 00 00 00 00 00 2e 01 00 00 00 00 00 00 00 00 00 00 00 00 00 00 00 00 00
   65.4467  #537    len=64   01 80 80 80 80 6f 00 00 00 00 00 00 00 00 00 00 00 00 00 00 00 00 00 00 00 01 00 00 00 00 00 00 00 00 00 80 00 00 00 80 00 00 00 00 00 2e 03 00 00 00 00 00 00 00 00 00 00 00 00 00 00 00 00 00
   65.7947  #538    len=64   01 80 80 80 80 ef 00 00 00 00 00 00 00 00 00 00 00 00 00 00 00 00 00 00 00 01 00 00 00 00 00 00 00 00 00 80 00 00 00 80 00 00 00 00 00 2e 07 00 00 00 00 00 00 00 00 00 00 00 00 00 00 00 00 00
   66.3147  #539    len=64   01 80 80 80 80 2f 00 00 00 00 00 00 00 00 00 00 00 00 00 00 00 00 00 00 00 01 00 00 00 00 00 00 00 00 00 80 00 00 00 80 00 00 00 00 00 2e 01 00 00 00 00 00 00 00 00 00 00 00 00 00 00 00 00 00
   66.3348  #540    len=64   01 80 80 80 80 0f 00 00 00 00 00 00 00 00 00 00 00 00 00 00 00 00 00 00 00 01 00 00 00 00 00 00 00 00 00 80 00 00 00 80 00 00 00 00 00 2e 00 00 00 00 00 00 00 00 00 00 00 00 00 00 00 00 00 00
   66.6667  #541    len=64   01 80 80 80 80 4f 00 00 00 00 00 00 00 00 00 00 00 00 00 00 00 00 00 00 00 01 00 00 00 00 00 00 00 00 00 80 00 00 00 80 00 00 00 00 00 2e 02 00 00 00 00 00 00 00 00 00 00 00 00 00 00 00 00 00
   67.1787  #542    len=64   01 80 80 80 80 cf 00 00 00 00 00 00 00 00 00 00 00 00 00 00 00 00 00 00 00 01 00 00 00 00 00 00 00 00 00 80 00 00 00 80 00 00 00 00 00 2e 06 00 00 00 00 00 00 00 00 00 00 00 00 00 00 00 00 00
   67.2467  #543    len=64   01 80 80 80 80 8f 00 00 00 00 00 00 00 00 00 00 00 00 00 00 00 00 00 00 00 01 00 00 00 00 00 00 00 00 00 80 00 00 00 80 00 00 00 00 00 2e 04 00 00 00 00 00 00 00 00 00 00 00 00 00 00 00 00 00
   67.5747  #544    len=64   01 80 80 80 80 0f 00 00 00 00 00 00 00 00 00 00 00 00 00 00 00 00 00 00 00 01 00 00 00 00 00 00 00 00 00 80 00 00 00 80 00 00 00 00 00 2e 00 00 00 00 00 00 00 00 00 00 00 00 00 00 00 00 00 00
   67.6667  #545    len=64   01 80 80 80 80 8f 00 00 00 00 00 00 00 00 00 00 00 00 00 00 00 00 00 00 00 01 00 00 00 00 00 00 00 00 00 80 00 00 00 80 00 00 00 00 00 2e 04 00 00 00 00 00 00 00 00 00 00 00 00 00 00 00 00 00
   68.2307  #546    len=64   01 80 80 80 80 0f 00 00 00 00 00 00 00 00 00 00 00 00 00 00 00 00 00 00 00 01 00 00 00 00 00 00 00 00 00 80 00 00 00 80 00 00 00 00 00 2e 00 00 00 00 00 00 00 00 00 00 00 00 00 00 00 00 00 00
   68.4947  #547    len=64   01 80 80 80 80 4f 00 00 00 00 00 00 00 00 00 00 00 00 00 00 00 00 00 00 00 01 00 00 00 00 00 00 00 00 00 80 00 00 00 80 00 00 00 00 00 2e 02 00 00 00 00 00 00 00 00 00 00 00 00 00 00 00 00 00
   68.9467  #548    len=64   01 80 80 80 80 0f 00 00 00 00 00 00 00 00 00 00 00 00 00 00 00 00 00 00 00 01 00 00 00 00 00 00 00 00 00 80 00 00 00 80 00 00 00 00 00 2e 00 00 00 00 00 00 00 00 00 00 00 00 00 00 00 00 00 00
   69.1387  #549    len=64   01 80 80 80 80 2f 00 00 00 00 00 00 00 00 00 00 00 00 00 00 00 00 00 00 00 01 00 00 00 00 00 00 00 00 00 80 00 00 00 80 00 00 00 00 00 2e 01 00 00 00 00 00 00 00 00 00 00 00 00 00 00 00 00 00
   69.5267  #550    len=64   01 80 80 80 80 6f 00 00 00 00 00 00 00 00 00 00 00 00 00 00 00 00 00 00 00 01 00 00 00 00 00 00 00 00 00 80 00 00 00 80 00 00 00 00 00 2e 03 00 00 00 00 00 00 00 00 00 00 00 00 00 00 00 00 00
   70.3707  #551    len=64   01 80 80 80 80 ef 00 00 00 00 00 00 00 00 00 00 00 00 00 00 00 00 00 00 00 01 00 00 00 00 00 00 00 00 00 80 00 00 00 80 00 00 00 00 00 2e 07 00 00 00 00 00 00 00 00 00 00 00 00 00 00 00 00 00
   71.1587  #552    len=64   01 80 80 80 80 6f 00 00 00 00 00 00 00 00 00 00 00 00 00 00 00 00 00 00 00 01 00 00 00 00 00 00 00 00 00 80 00 00 00 80 00 00 00 00 00 2e 03 00 00 00 00 00 00 00 00 00 00 00 00 00 00 00 00 00
   71.2267  #553    len=64   01 80 80 80 80 2f 00 00 00 00 00 00 00 00 00 00 00 00 00 00 00 00 00 00 00 01 00 00 00 00 00 00 00 00 00 80 00 00 00 80 00 00 00 00 00 2e 01 00 00 00 00 00 00 00 00 00 00 00 00 00 00 00 00 00
   71.2428  #554    len=64   01 80 80 80 80 af 00 00 00 00 00 00 00 00 00 00 00 00 00 00 00 00 00 00 00 01 00 00 00 00 00 00 00 00 00 80 00 00 00 80 00 00 00 00 00 2e 05 00 00 00 00 00 00 00 00 00 00 00 00 00 00 00 00 00
   71.3747  #555    len=64   01 80 80 80 80 2f 00 00 00 00 00 00 00 00 00 00 00 00 00 00 00 00 00 00 00 01 00 00 00 00 00 00 00 00 00 80 00 00 00 80 00 00 00 00 00 2e 01 00 00 00 00 00 00 00 00 00 00 00 00 00 00 00 00 00
   71.3987  #556    len=64   01 80 80 80 80 0f 00 00 00 00 00 00 00 00 00 00 00 00 00 00 00 00 00 00 00 01 00 00 00 00 00 00 00 00 00 80 00 00 00 80 00 00 00 00 00 2e 00 00 00 00 00 00 00 00 00 00 00 00 00 00 00 00 00 00
   71.4348  #557    len=64   01 80 80 80 80 8f 00 00 00 00 00 00 00 00 00 00 00 00 00 00 00 00 00 00 00 01 00 00 00 00 00 00 00 00 00 80 00 00 00 80 00 00 00 00 00 2e 04 00 00 00 00 00 00 00 00 00 00 00 00 00 00 00 00 00
   71.7387  #558    len=64   01 80 80 80 80 4f 00 00 00 00 00 00 00 00 00 00 00 00 00 00 00 00 00 00 00 01 00 00 00 00 00 00 00 00 00 80 00 00 00 80 00 00 00 00 00 2e 02 00 00 00 00 00 00 00 00 00 00 00 00 00 00 00 00 00
   71.9587  #559    len=64   01 80 80 80 80 cf 00 00 00 00 00 00 00 00 00 00 00 00 00 00 00 00 00 00 00 01 00 00 00 00 00 00 00 00 00 80 00 00 00 80 00 00 00 00 00 2e 06 00 00 00 00 00 00 00 00 00 00 00 00 00 00 00 00 00
   72.0147  #560    len=64   01 80 80 80 80 8f 00 00 00 00 00 00 00 00 00 00 00 00 00 00 00 00 00 00 00 01 00 00 00 00 00 00 00 00 00 80 00 00 00 80 00 00 00 00 00 2e 04 00 00 00 00 00 00 00 00 00 00 00 00 00 00 00 00 00
   72.3547  #561    len=64   01 80 80 80 80 9f 00 00 00 00 00 00 00 00 00 00 00 00 00 00 00 00 00 00 00 01 00 00 00 00 00 00 00 00 00 80 00 00 00 80 00 00 00 00 00 2e 0c 00 00 00 00 00 00 00 00 00 00 00 00 00 00 00 00 00
   72.5147  #562    len=64   01 80 80 80 80 1f 00 00 00 00 00 00 00 00 00 00 00 00 00 00 00 00 00 00 00 01 00 00 00 00 00 00 00 00 00 80 00 00 00 80 00 00 00 00 00 2e 08 00 00 00 00 00 00 00 00 00 00 00 00 00 00 00 00 00
   72.7067  #563    len=64   01 80 80 80 80 1f 01 00 00 00 00 00 00 00 00 00 00 00 00 00 00 00 00 00 00 01 00 00 00 00 00 00 00 00 00 80 00 00 00 80 00 00 00 00 00 2e 18 00 00 00 00 00 00 00 00 00 00 00 00 00 00 00 00 00
   72.7107  #564    len=64   01 80 80 80 80 0f 01 00 00 00 00 00 00 00 00 00 00 00 00 00 00 00 00 00 00 01 00 00 00 00 00 00 00 00 00 80 00 00 00 80 00 00 00 00 00 2e 10 00 00 00 00 00 00 00 00 00 00 00 00 00 00 00 00 00
   73.1667  #565    len=64   01 80 80 80 80 0f 00 00 00 00 00 00 00 00 00 00 00 00 00 00 00 00 00 00 00 01 00 00 00 00 00 00 00 00 00 80 00 00 00 80 00 00 00 00 00 2e 00 00 00 00 00 00 00 00 00 00 00 00 00 00 00 00 00 00
   73.8827  #566    len=64   01 80 80 80 80 2f 40 00 00 00 00 00 00 00 00 00 00 00 00 00 00 00 00 00 00 01 00 00 00 00 00 00 00 00 00 80 00 00 00 80 00 00 00 00 00 2e 00 01 00 00 00 00 00 00 00 00 00 00 00 00 00 00 00 00
   74.2027  #567    len=64   01 80 80 80 80 6f 40 00 00 00 00 00 00 00 00 00 00 00 00 00 00 00 00 00 00 01 00 00 00 00 00 00 00 00 00 80 00 00 00 80 00 00 00 00 00 2e 00 03 00 00 00 00 00 00 00 00 00 00 00 00 00 00 00 00
   74.6267  #568    len=64   01 80 80 80 80 4f 40 00 00 00 00 00 00 00 00 00 00 00 00 00 00 00 00 00 00 01 00 00 00 00 00 00 00 00 00 80 00 00 00 80 00 00 00 00 00 2e 00 02 00 00 00 00 00 00 00 00 00 00 00 00 00 00 00 00
   74.6307  #569    len=64   01 80 80 80 80 0f 00 00 00 00 00 00 00 00 00 00 00 00 00 00 00 00 00 00 00 01 00 00 00 00 00 00 00 00 00 80 00 00 00 80 00 00 00 00 00 2e 00 00 00 00 00 00 00 00 00 00 00 00 00 00 00 00 00 00
   74.9987  #570    len=64   01 80 80 80 80 2f 40 00 00 00 00 00 00 00 00 00 00 00 00 00 00 00 00 00 00 01 00 00 00 00 00 00 00 00 00 80 00 00 00 80 00 00 00 00 00 2e 00 01 00 00 00 00 00 00 00 00 00 00 00 00 00 00 00 00
   75.3547  #571    len=64   01 80 80 80 80 6f 40 00 00 00 00 00 00 00 00 00 00 00 00 00 00 00 00 00 00 01 00 00 00 00 00 00 00 00 00 80 00 00 00 80 00 00 00 00 00 2e 00 03 00 00 00 00 00 00 00 00 00 00 00 00 00 00 00 00
   75.7107  #572    len=64   01 80 80 80 80 2f 40 00 00 00 00 00 00 00 00 00 00 00 00 00 00 00 00 00 00 01 00 00 00 00 00 00 00 00 00 80 00 00 00 80 00 00 00 00 00 2e 00 01 00 00 00 00 00 00 00 00 00 00 00 00 00 00 00 00
   75.7147  #573    len=64   01 80 80 80 80 0f 00 00 00 00 00 00 00 00 00 00 00 00 00 00 00 00 00 00 00 01 00 00 00 00 00 00 00 00 00 80 00 00 00 80 00 00 00 00 00 2e 00 00 00 00 00 00 00 00 00 00 00 00 00 00 00 00 00 00
   76.0707  #574    len=64   01 80 80 80 80 2f 40 00 00 00 00 00 00 00 00 00 00 00 00 00 00 00 00 00 00 01 00 00 00 00 00 00 00 00 00 80 00 00 00 80 00 00 00 00 00 2e 00 01 00 00 00 00 00 00 00 00 00 00 00 00 00 00 00 00
   76.3347  #575    len=64   01 80 80 80 80 6f 40 00 00 00 00 00 00 00 00 00 00 00 00 00 00 00 00 00 00 01 00 00 00 00 00 00 00 00 00 80 00 00 00 80 00 00 00 00 00 2e 00 03 00 00 00 00 00 00 00 00 00 00 00 00 00 00 00 00
   76.3668  #576    len=64   01 80 80 80 80 4f 40 00 00 00 00 00 00 00 00 00 00 00 00 00 00 00 00 00 00 01 00 00 00 00 00 00 00 00 00 80 00 00 00 80 00 00 00 00 00 2e 00 02 00 00 00 00 00 00 00 00 00 00 00 00 00 00 00 00
   76.7107  #577    len=64   01 80 80 80 80 0f 00 00 00 00 00 00 00 00 00 00 00 00 00 00 00 00 00 00 00 01 00 00 00 00 00 00 00 00 00 80 00 00 00 80 00 00 00 00 00 2e 00 00 00 00 00 00 00 00 00 00 00 00 00 00 00 00 00 00
   77.0907  #578    len=64   01 80 80 80 80 2f 40 00 00 00 00 00 00 00 00 00 00 00 00 00 00 00 00 00 00 01 00 00 00 00 00 00 00 00 00 80 00 00 00 80 00 00 00 00 00 2e 00 01 00 00 00 00 00 00 00 00 00 00 00 00 00 00 00 00
   77.2427  #579    len=64   01 80 80 80 80 6f 40 00 00 00 00 00 00 00 00 00 00 00 00 00 00 00 00 00 00 01 00 00 00 00 00 00 00 00 00 80 00 00 00 80 00 00 00 00 00 2e 00 03 00 00 00 00 00 00 00 00 00 00 00 00 00 00 00 00
   77.3587  #580    len=64   01 80 80 80 80 4f 40 00 00 00 00 00 00 00 00 00 00 00 00 00 00 00 00 00 00 01 00 00 00 00 00 00 00 00 00 80 00 00 00 80 00 00 00 00 00 2e 00 02 00 00 00 00 00 00 00 00 00 00 00 00 00 00 00 00
   77.5588  #581    len=64   01 80 80 80 80 0f 00 00 00 00 00 00 00 00 00 00 00 00 00 00 00 00 00 00 00 01 00 00 00 00 00 00 00 00 00 80 00 00 00 80 00 00 00 00 00 2e 00 00 00 00 00 00 00 00 00 00 00 00 00 00 00 00 00 00
   78.1708  #582    len=64   01 80 80 80 80 2f 40 00 00 00 00 00 00 00 00 00 00 00 00 00 00 00 00 00 00 01 00 00 00 00 00 00 00 00 00 80 00 00 00 80 00 00 00 00 00 2e 00 01 00 00 00 00 00 00 00 00 00 00 00 00 00 00 00 00
   78.3907  #583    len=64   01 80 80 80 80 6f 40 00 00 00 00 00 00 00 00 00 00 00 00 00 00 00 00 00 00 01 00 00 00 00 00 00 00 00 00 80 00 00 00 80 00 00 00 00 00 2e 00 03 00 00 00 00 00 00 00 00 00 00 00 00 00 00 00 00
   78.4907  #584    len=64   01 80 80 80 80 6f 40 00 00 00 00 00 00 00 00 00 00 00 00 00 00 00 00 00 00 01 00 00 00 00 00 00 00 00 00 80 00 00 00 80 00 00 00 00 00 26 00 03 00 00 00 00 00 00 00 00 00 00 00 00 00 00 00 00
   79.0347  #585    len=64   01 80 80 80 80 ef 40 00 00 00 00 00 00 00 00 00 00 00 00 00 00 00 00 00 00 01 00 00 00 00 00 00 00 00 00 80 00 00 00 80 00 00 00 00 00 26 00 07 00 00 00 00 00 00 00 00 00 00 00 00 00 00 00 00
   79.5547  #586    len=64   01 80 80 80 80 6f 40 00 00 00 00 00 00 00 00 00 00 00 00 00 00 00 00 00 00 01 00 00 00 00 00 00 00 00 00 80 00 00 00 80 00 00 00 00 00 26 00 03 00 00 00 00 00 00 00 00 00 00 00 00 00 00 00 00
   79.5748  #587    len=64   01 80 80 80 80 2f 40 00 00 00 00 00 00 00 00 00 00 00 00 00 00 00 00 00 00 01 00 00 00 00 00 00 00 00 00 80 00 00 00 80 00 00 00 00 00 26 00 01 00 00 00 00 00 00 00 00 00 00 00 00 00 00 00 00
   79.6747  #588    len=64   01 80 80 80 80 6f 40 00 00 00 00 00 00 00 00 00 00 00 00 00 00 00 00 00 00 01 00 00 00 00 00 00 00 00 00 80 00 00 00 80 00 00 00 00 00 26 00 03 00 00 00 00 00 00 00 00 00 00 00 00 00 00 00 00
   79.7308  #589    len=64   01 80 80 80 80 7f 40 00 00 00 00 00 00 00 00 00 00 00 00 00 00 00 00 00 00 01 00 00 00 00 00 00 00 00 00 80 00 00 00 80 00 00 00 00 00 26 00 0b 00 00 00 00 00 00 00 00 00 00 00 00 00 00 00 00
   79.7347  #590    len=64   01 80 80 80 80 ff 40 00 00 00 00 00 00 00 00 00 00 00 00 00 00 00 00 00 00 01 00 00 00 00 00 00 00 00 00 80 00 00 00 80 00 00 00 00 00 26 00 0f 00 00 00 00 00 00 00 00 00 00 00 00 00 00 00 00
   80.0107  #591    len=64   01 80 80 80 80 bf 40 00 00 00 00 00 00 00 00 00 00 00 00 00 00 00 00 00 00 01 00 00 00 00 00 00 00 00 00 80 00 00 00 80 00 00 00 00 00 26 00 0d 00 00 00 00 00 00 00 00 00 00 00 00 00 00 00 00
   80.0387  #592    len=64   01 80 80 80 80 3f 40 00 00 00 00 00 00 00 00 00 00 00 00 00 00 00 00 00 00 01 00 00 00 00 00 00 00 00 00 80 00 00 00 80 00 00 00 00 00 26 00 09 00 00 00 00 00 00 00 00 00 00 00 00 00 00 00 00
   80.1227  #593    len=64   01 80 80 80 80 bf 40 00 00 00 00 00 00 00 00 00 00 00 00 00 00 00 00 00 00 01 00 00 00 00 00 00 00 00 00 80 00 00 00 80 00 00 00 00 00 26 00 0d 00 00 00 00 00 00 00 00 00 00 00 00 00 00 00 00
   80.1787  #594    len=64   01 80 80 80 80 ff 40 00 00 00 00 00 00 00 00 00 00 00 00 00 00 00 00 00 00 01 00 00 00 00 00 00 00 00 00 80 00 00 00 80 00 00 00 00 00 26 00 0f 00 00 00 00 00 00 00 00 00 00 00 00 00 00 00 00
   80.3347  #595    len=64   01 80 80 80 80 df 40 00 00 00 00 00 00 00 00 00 00 00 00 00 00 00 00 00 00 01 00 00 00 00 00 00 00 00 00 80 00 00 00 80 00 00 00 00 00 26 00 0e 00 00 00 00 00 00 00 00 00 00 00 00 00 00 00 00
   80.5187  #596    len=64   01 80 80 80 80 ff 40 00 00 00 00 00 00 00 00 00 00 00 00 00 00 00 00 00 00 01 00 00 00 00 00 00 00 00 00 80 00 00 00 80 00 00 00 00 00 26 00 0f 00 00 00 00 00 00 00 00 00 00 00 00 00 00 00 00
   80.6667  #597    len=64   01 80 80 80 80 df 40 00 00 00 00 00 00 00 00 00 00 00 00 00 00 00 00 00 00 01 00 00 00 00 00 00 00 00 00 80 00 00 00 80 00 00 00 00 00 26 00 0e 00 00 00 00 00 00 00 00 00 00 00 00 00 00 00 00
   80.6908  #598    len=64   01 80 80 80 80 df 40 00 00 00 00 00 00 00 00 00 00 00 00 00 00 00 00 00 00 01 00 00 00 00 00 00 00 00 00 80 00 00 00 80 00 00 00 00 00 2e 00 0e 00 00 00 00 00 00 00 00 00 00 00 00 00 00 00 00
   80.7587  #599    len=64   01 80 80 80 80 9f 40 00 00 00 00 00 00 00 00 00 00 00 00 00 00 00 00 00 00 01 00 00 00 00 00 00 00 00 00 80 00 00 00 80 00 00 00 00 00 2e 00 0c 00 00 00 00 00 00 00 00 00 00 00 00 00 00 00 00
   80.9147  #600    len=64   01 80 80 80 80 df 40 00 00 00 00 00 00 00 00 00 00 00 00 00 00 00 00 00 00 01 00 00 00 00 00 00 00 00 00 80 00 00 00 80 00 00 00 00 00 2e 00 0e 00 00 00 00 00 00 00 00 00 00 00 00 00 00 00 00
   81.2107  #601    len=64   01 80 80 80 80 df 41 00 00 00 00 00 00 00 00 00 00 00 00 00 00 00 00 00 00 01 00 00 00 00 00 00 00 00 00 80 00 00 00 80 00 00 00 00 00 2e 00 1e 00 00 00 00 00 00 00 00 00 00 00 00 00 00 00 00
   81.2347  #602    len=64   01 80 80 80 80 9f 41 00 00 00 00 00 00 00 00 00 00 00 00 00 00 00 00 00 00 01 00 00 00 00 00 00 00 00 00 80 00 00 00 80 00 00 00 00 00 2e 00 1c 00 00 00 00 00 00 00 00 00 00 00 00 00 00 00 00
   81.4987  #603    len=64   01 80 80 80 80 9f 40 00 00 00 00 00 00 00 00 00 00 00 00 00 00 00 00 00 00 01 00 00 00 00 00 00 00 00 00 80 00 00 00 80 00 00 00 00 00 2e 00 0c 00 00 00 00 00 00 00 00 00 00 00 00 00 00 00 00
   81.5148  #604    len=64   01 80 80 80 80 1f 40 00 00 00 00 00 00 00 00 00 00 00 00 00 00 00 00 00 00 01 00 00 00 00 00 00 00 00 00 80 00 00 00 80 00 00 00 00 00 2e 00 08 00 00 00 00 00 00 00 00 00 00 00 00 00 00 00 00
   81.5309  #605    len=64   01 80 80 80 80 0f 00 00 00 00 00 00 00 00 00 00 00 00 00 00 00 00 00 00 00 01 00 00 00 00 00 00 00 00 00 80 00 00 00 80 00 00 00 00 00 2e 00 00 00 00 00 00 00 00 00 00 00 00 00 00 00 00 00 00
   82.6667  #606    len=64   01 80 80 80 80 2f 00 00 00 00 00 00 00 00 00 00 00 00 00 00 00 00 00 00 00 01 00 00 00 00 00 00 00 00 00 80 00 00 00 80 00 00 00 00 00 2e 01 00 00 00 00 00 00 00 00 00 00 00 00 00 00 00 00 00
   82.6908  #607    len=64   01 80 80 80 80 2f 00 00 00 00 00 00 00 00 00 00 00 00 00 00 00 00 00 00 00 01 00 00 00 00 00 00 00 00 00 80 00 00 00 80 00 00 00 00 00 26 01 00 00 00 00 00 00 00 00 00 00 00 00 00 00 00 00 00
   83.5107  #608    len=64   01 80 80 80 80 0f 00 00 00 00 00 00 00 00 00 00 00 00 00 00 00 00 00 00 00 01 00 00 00 00 00 00 00 00 00 80 00 00 00 80 00 00 00 00 00 26 00 00 00 00 00 00 00 00 00 00 00 00 00 00 00 00 00 00
   83.7227  #609    len=64   01 80 80 80 80 2f 00 00 00 00 00 00 00 00 00 00 00 00 00 00 00 00 00 00 00 01 00 00 00 00 00 00 00 00 00 80 00 00 00 80 00 00 00 00 00 26 01 00 00 00 00 00 00 00 00 00 00 00 00 00 00 00 00 00
   83.8707  #610    len=64   01 80 80 80 80 0f 00 00 00 00 00 00 00 00 00 00 00 00 00 00 00 00 00 00 00 01 00 00 00 00 00 00 00 00 00 80 00 00 00 80 00 00 00 00 00 26 00 00 00 00 00 00 00 00 00 00 00 00 00 00 00 00 00 00
   84.0947  #611    len=64   01 80 80 80 80 2f 00 00 00 00 00 00 00 00 00 00 00 00 00 00 00 00 00 00 00 01 00 00 00 00 00 00 00 00 00 80 00 00 00 80 00 00 00 00 00 26 01 00 00 00 00 00 00 00 00 00 00 00 00 00 00 00 00 00
   84.3307  #612    len=64   01 80 80 80 80 0f 00 00 00 00 00 00 00 00 00 00 00 00 00 00 00 00 00 00 00 01 00 00 00 00 00 00 00 00 00 80 00 00 00 80 00 00 00 00 00 26 00 00 00 00 00 00 00 00 00 00 00 00 00 00 00 00 00 00
   84.4907  #613    len=64   01 80 80 80 80 0f 00 00 00 00 00 00 00 00 00 00 00 00 00 00 00 00 00 00 00 01 00 00 00 00 00 00 00 00 00 80 00 00 00 80 00 00 00 00 00 2e 00 00 00 00 00 00 00 00 00 00 00 00 00 00 00 00 00 00
   85.2947  #614    len=64   01 80 80 80 80 2f 40 00 00 00 00 00 00 00 00 00 00 00 00 00 00 00 00 00 00 01 00 00 00 00 00 00 00 00 00 80 00 00 00 80 00 00 00 00 00 2e 00 01 00 00 00 00 00 00 00 00 00 00 00 00 00 00 00 00
   85.8587  #615    len=64   01 80 80 80 80 0f 00 00 00 00 00 00 00 00 00 00 00 00 00 00 00 00 00 00 00 01 00 00 00 00 00 00 00 00 00 80 00 00 00 80 00 00 00 00 00 2e 00 00 00 00 00 00 00 00 00 00 00 00 00 00 00 00 00 00
   86.1187  #616    len=64   01 80 80 80 80 2f 40 00 00 00 00 00 00 00 00 00 00 00 00 00 00 00 00 00 00 01 00 00 00 00 00 00 00 00 00 80 00 00 00 80 00 00 00 00 00 2e 00 01 00 00 00 00 00 00 00 00 00 00 00 00 00 00 00 00
   86.2067  #617    len=64   01 80 80 80 80 0f 00 00 00 00 00 00 00 00 00 00 00 00 00 00 00 00 00 00 00 01 00 00 00 00 00 00 00 00 00 80 00 00 00 80 00 00 00 00 00 2e 00 00 00 00 00 00 00 00 00 00 00 00 00 00 00 00 00 00
   86.2707  #618    len=64   01 80 80 80 80 4f 40 00 00 00 00 00 00 00 00 00 00 00 00 00 00 00 00 00 00 01 00 00 00 00 00 00 00 00 00 80 00 00 00 80 00 00 00 00 00 2e 00 02 00 00 00 00 00 00 00 00 00 00 00 00 00 00 00 00
   86.7867  #619    len=64   01 80 80 80 80 0f 00 00 00 00 00 00 00 00 00 00 00 00 00 00 00 00 00 00 00 01 00 00 00 00 00 00 00 00 00 80 00 00 00 80 00 00 00 00 00 2e 00 00 00 00 00 00 00 00 00 00 00 00 00 00 00 00 00 00
   87.0147  #620    len=64   01 80 80 80 80 8f 40 00 00 00 00 00 00 00 00 00 00 00 00 00 00 00 00 00 00 01 00 00 00 00 00 00 00 00 00 80 00 00 00 80 00 00 00 00 00 2e 00 04 00 00 00 00 00 00 00 00 00 00 00 00 00 00 00 00
   87.3467  #621    len=64   01 80 80 80 80 0f 00 00 00 00 00 00 00 00 00 00 00 00 00 00 00 00 00 00 00 01 00 00 00 00 00 00 00 00 00 80 00 00 00 80 00 00 00 00 00 2e 00 00 00 00 00 00 00 00 00 00 00 00 00 00 00 00 00 00
   87.4707  #622    len=64   01 80 80 80 80 1f 40 00 00 00 00 00 00 00 00 00 00 00 00 00 00 00 00 00 00 01 00 00 00 00 00 00 00 00 00 80 00 00 00 80 00 00 00 00 00 2e 00 08 00 00 00 00 00 00 00 00 00 00 00 00 00 00 00 00
   87.7347  #623    len=64   01 80 80 80 80 0f 00 00 00 00 00 00 00 00 00 00 00 00 00 00 00 00 00 00 00 01 00 00 00 00 00 00 00 00 00 80 00 00 00 80 00 00 00 00 00 2e 00 00 00 00 00 00 00 00 00 00 00 00 00 00 00 00 00 00
   87.8347  #624    len=64   01 80 80 80 80 0f 41 00 00 00 00 00 00 00 00 00 00 00 00 00 00 00 00 00 00 01 00 00 00 00 00 00 00 00 00 80 00 00 00 80 00 00 00 00 00 2e 00 10 00 00 00 00 00 00 00 00 00 00 00 00 00 00 00 00
   88.6107  #625    len=64   01 80 80 80 80 0f 00 00 00 00 00 00 00 00 00 00 00 00 00 00 00 00 00 00 00 01 00 00 00 00 00 00 00 00 00 80 00 00 00 80 00 00 00 00 00 2e 00 00 00 00 00 00 00 00 00 00 00 00 00 00 00 00 00 00
   88.7707  #626    len=64   01 80 80 80 80 0f 41 00 00 00 00 00 00 00 00 00 00 00 00 00 00 00 00 00 00 01 00 00 00 00 00 00 00 00 00 80 00 00 00 80 00 00 00 00 00 2e 00 10 00 00 00 00 00 00 00 00 00 00 00 00 00 00 00 00
   89.0787  #627    len=64   01 80 80 80 80 0f 00 00 00 00 00 00 00 00 00 00 00 00 00 00 00 00 00 00 00 01 00 00 00 00 00 00 00 00 00 80 00 00 00 80 00 00 00 00 00 2e 00 00 00 00 00 00 00 00 00 00 00 00 00 00 00 00 00 00
   89.1987  #628    len=64   01 80 80 80 80 0f 41 00 00 00 00 00 00 00 00 00 00 00 00 00 00 00 00 00 00 01 00 00 00 00 00 00 00 00 00 80 00 00 00 80 00 00 00 00 00 2e 00 10 00 00 00 00 00 00 00 00 00 00 00 00 00 00 00 00
   89.3987  #629    len=64   01 80 80 80 80 0f 00 00 00 00 00 00 00 00 00 00 00 00 00 00 00 00 00 00 00 01 00 00 00 00 00 00 00 00 00 80 00 00 00 80 00 00 00 00 00 2e 00 00 00 00 00 00 00 00 00 00 00 00 00 00 00 00 00 00
   89.4827  #630    len=64   01 80 80 80 80 0f 41 00 00 00 00 00 00 00 00 00 00 00 00 00 00 00 00 00 00 01 00 00 00 00 00 00 00 00 00 80 00 00 00 80 00 00 00 00 00 2e 00 10 00 00 00 00 00 00 00 00 00 00 00 00 00 00 00 00
   89.8427  #631    len=64   01 80 80 80 80 0f 00 00 00 00 00 00 00 00 00 00 00 00 00 00 00 00 00 00 00 01 00 00 00 00 00 00 00 00 00 80 00 00 00 80 00 00 00 00 00 2e 00 00 00 00 00 00 00 00 00 00 00 00 00 00 00 00 00 00
   89.9947  #632    len=64   01 80 80 80 80 1f 40 00 00 00 00 00 00 00 00 00 00 00 00 00 00 00 00 00 00 01 00 00 00 00 00 00 00 00 00 80 00 00 00 80 00 00 00 00 00 2e 00 08 00 00 00 00 00 00 00 00 00 00 00 00 00 00 00 00
   90.2907  #633    len=64   01 80 80 80 80 1f 41 00 00 00 00 00 00 00 00 00 00 00 00 00 00 00 00 00 00 01 00 00 00 00 00 00 00 00 00 80 00 00 00 80 00 00 00 00 00 2e 00 18 00 00 00 00 00 00 00 00 00 00 00 00 00 00 00 00
   90.3467  #634    len=64   01 80 80 80 80 0f 41 00 00 00 00 00 00 00 00 00 00 00 00 00 00 00 00 00 00 01 00 00 00 00 00 00 00 00 00 80 00 00 00 80 00 00 00 00 00 2e 00 10 00 00 00 00 00 00 00 00 00 00 00 00 00 00 00 00
   90.4707  #635    len=64   01 80 80 80 80 1f 41 00 00 00 00 00 00 00 00 00 00 00 00 00 00 00 00 00 00 01 00 00 00 00 00 00 00 00 00 80 00 00 00 80 00 00 00 00 00 2e 00 18 00 00 00 00 00 00 00 00 00 00 00 00 00 00 00 00
   90.5267  #636    len=64   01 80 80 80 80 1f 40 00 00 00 00 00 00 00 00 00 00 00 00 00 00 00 00 00 00 01 00 00 00 00 00 00 00 00 00 80 00 00 00 80 00 00 00 00 00 2e 00 08 00 00 00 00 00 00 00 00 00 00 00 00 00 00 00 00
   90.6427  #637    len=64   01 80 80 80 80 1f 41 00 00 00 00 00 00 00 00 00 00 00 00 00 00 00 00 00 00 01 00 00 00 00 00 00 00 00 00 80 00 00 00 80 00 00 00 00 00 2e 00 18 00 00 00 00 00 00 00 00 00 00 00 00 00 00 00 00
   90.6588  #638    len=64   01 80 80 80 80 0f 41 00 00 00 00 00 00 00 00 00 00 00 00 00 00 00 00 00 00 01 00 00 00 00 00 00 00 00 00 80 00 00 00 80 00 00 00 00 00 2e 00 10 00 00 00 00 00 00 00 00 00 00 00 00 00 00 00 00
   90.6907  #639    len=64   01 80 80 80 80 0f 41 00 00 00 00 00 00 00 00 00 00 00 00 00 00 00 00 00 00 01 00 00 00 00 00 00 00 00 00 80 00 00 00 80 00 00 00 00 00 26 00 10 00 00 00 00 00 00 00 00 00 00 00 00 00 00 00 00
   90.7667  #640    len=64   01 80 80 80 80 1f 41 00 00 00 00 00 00 00 00 00 00 00 00 00 00 00 00 00 00 01 00 00 00 00 00 00 00 00 00 80 00 00 00 80 00 00 00 00 00 26 00 18 00 00 00 00 00 00 00 00 00 00 00 00 00 00 00 00
   90.8107  #641    len=64   01 80 80 80 80 1f 40 00 00 00 00 00 00 00 00 00 00 00 00 00 00 00 00 00 00 01 00 00 00 00 00 00 00 00 00 80 00 00 00 80 00 00 00 00 00 26 00 08 00 00 00 00 00 00 00 00 00 00 00 00 00 00 00 00
   90.8907  #642    len=64   01 80 80 80 80 1f 40 00 00 00 00 00 00 00 00 00 00 00 00 00 00 00 00 00 00 01 00 00 00 00 00 00 00 00 00 80 00 00 00 80 00 00 00 00 00 33 00 08 00 00 00 00 00 00 00 00 00 00 00 00 00 00 00 00
   90.8947  #643    len=64   01 80 80 80 80 1f 41 00 00 00 00 00 00 00 00 00 00 00 00 00 00 00 00 00 00 01 00 00 00 00 00 00 00 00 00 80 00 00 00 80 00 00 00 00 00 33 00 18 00 00 00 00 00 00 00 00 00 00 00 00 00 00 00 00
   90.9108  #644    len=64   01 80 80 80 80 0f 41 00 00 00 00 00 00 00 00 00 00 00 00 00 00 00 00 00 00 01 00 00 00 00 00 00 00 00 00 80 00 00 00 80 00 00 00 00 00 33 00 10 00 00 00 00 00 00 00 00 00 00 00 00 00 00 00 00
   91.0507  #645    len=64   01 80 80 80 80 0f 00 00 00 00 00 00 00 00 00 00 00 00 00 00 00 00 00 00 00 01 00 00 00 00 00 00 00 00 00 80 00 00 00 80 00 00 00 00 00 33 00 00 00 00 00 00 00 00 00 00 00 00 00 00 00 00 00 00
   91.6907  #646    len=64   01 80 80 80 80 0f 00 00 00 00 00 00 00 00 00 00 00 00 00 00 00 00 00 00 00 01 00 00 00 00 00 00 00 00 00 80 00 00 00 80 00 00 00 00 00 2a 00 00 00 00 00 00 00 00 00 00 00 00 00 00 00 00 00 00
   91.7827  #647    len=64   01 80 80 80 80 0f 01 00 00 00 00 00 00 00 00 00 00 00 00 00 00 00 00 00 00 01 00 00 00 00 00 00 00 00 00 80 00 00 00 80 00 00 00 00 00 2a 10 00 00 00 00 00 00 00 00 00 00 00 00 00 00 00 00 00
   91.8907  #648    len=64   01 80 80 80 80 0f 01 00 00 00 00 00 00 00 00 00 00 00 00 00 00 00 00 00 00 01 00 00 00 00 00 00 00 00 00 80 00 00 00 80 00 00 00 00 00 33 10 00 00 00 00 00 00 00 00 00 00 00 00 00 00 00 00 00
   92.7067  #649    len=64   01 80 80 80 80 2f 01 00 00 00 00 00 00 00 00 00 00 00 00 00 00 00 00 00 00 01 00 00 00 00 00 00 00 00 00 80 00 00 00 80 00 00 00 00 00 33 11 00 00 00 00 00 00 00 00 00 00 00 00 00 00 00 00 00
   93.1107  #650    len=64   01 80 80 80 80 2f 00 00 00 00 00 00 00 00 00 00 00 00 00 00 00 00 00 00 00 01 00 00 00 00 00 00 00 00 00 80 00 00 00 80 00 00 00 00 00 33 01 00 00 00 00 00 00 00 00 00 00 00 00 00 00 00 00 00
   93.1507  #651    len=64   01 80 80 80 80 6f 00 00 00 00 00 00 00 00 00 00 00 00 00 00 00 00 00 00 00 01 00 00 00 00 00 00 00 00 00 80 00 00 00 80 00 00 00 00 00 33 03 00 00 00 00 00 00 00 00 00 00 00 00 00 00 00 00 00
   93.3107  #652    len=64   01 80 80 80 80 ef 00 00 00 00 00 00 00 00 00 00 00 00 00 00 00 00 00 00 00 01 00 00 00 00 00 00 00 00 00 80 00 00 00 80 00 00 00 00 00 33 07 00 00 00 00 00 00 00 00 00 00 00 00 00 00 00 00 00
   93.3747  #653    len=64   01 80 80 80 80 cf 00 00 00 00 00 00 00 00 00 00 00 00 00 00 00 00 00 00 00 01 00 00 00 00 00 00 00 00 00 80 00 00 00 80 00 00 00 00 00 33 06 00 00 00 00 00 00 00 00 00 00 00 00 00 00 00 00 00
   93.4029  #654    len=64   01 80 80 80 80 df 00 00 00 00 00 00 00 00 00 00 00 00 00 00 00 00 00 00 00 01 00 00 00 00 00 00 00 00 00 80 00 00 00 80 00 00 00 00 00 33 0e 00 00 00 00 00 00 00 00 00 00 00 00 00 00 00 00 00
   93.4667  #655    len=64   01 80 80 80 80 9f 00 00 00 00 00 00 00 00 00 00 00 00 00 00 00 00 00 00 00 01 00 00 00 00 00 00 00 00 00 80 00 00 00 80 00 00 00 00 00 33 0c 00 00 00 00 00 00 00 00 00 00 00 00 00 00 00 00 00
   93.4948  #656    len=64   01 80 80 80 80 9f 00 00 00 00 00 00 00 00 00 00 00 00 00 00 00 00 00 00 00 01 00 00 00 00 00 00 00 00 00 80 00 00 00 80 00 00 00 00 00 2a 0c 00 00 00 00 00 00 00 00 00 00 00 00 00 00 00 00 00
   93.5147  #657    len=64   01 80 80 80 80 1f 00 00 00 00 00 00 00 00 00 00 00 00 00 00 00 00 00 00 00 01 00 00 00 00 00 00 00 00 00 80 00 00 00 80 00 00 00 00 00 2a 08 00 00 00 00 00 00 00 00 00 00 00 00 00 00 00 00 00
   93.5747  #658    len=64   01 80 80 80 80 1f 01 00 00 00 00 00 00 00 00 00 00 00 00 00 00 00 00 00 00 01 00 00 00 00 00 00 00 00 00 80 00 00 00 80 00 00 00 00 00 2a 18 00 00 00 00 00 00 00 00 00 00 00 00 00 00 00 00 00
   93.5827  #659    len=64   01 80 80 80 80 0f 01 00 00 00 00 00 00 00 00 00 00 00 00 00 00 00 00 00 00 01 00 00 00 00 00 00 00 00 00 80 00 00 00 80 00 00 00 00 00 2a 10 00 00 00 00 00 00 00 00 00 00 00 00 00 00 00 00 00
   93.6707  #660    len=64   01 80 80 80 80 1f 01 00 00 00 00 00 00 00 00 00 00 00 00 00 00 00 00 00 00 01 00 00 00 00 00 00 00 00 00 80 00 00 00 80 00 00 00 00 00 2a 18 00 00 00 00 00 00 00 00 00 00 00 00 00 00 00 00 00
   93.7347  #661    len=64   01 80 80 80 80 9f 01 00 00 00 00 00 00 00 00 00 00 00 00 00 00 00 00 00 00 01 00 00 00 00 00 00 00 00 00 80 00 00 00 80 00 00 00 00 00 2a 1c 00 00 00 00 00 00 00 00 00 00 00 00 00 00 00 00 00
   93.8227  #662    len=64   01 80 80 80 80 df 01 00 00 00 00 00 00 00 00 00 00 00 00 00 00 00 00 00 00 01 00 00 00 00 00 00 00 00 00 80 00 00 00 80 00 00 00 00 00 2a 1e 00 00 00 00 00 00 00 00 00 00 00 00 00 00 00 00 00
   93.8307  #663    len=64   01 80 80 80 80 df 00 00 00 00 00 00 00 00 00 00 00 00 00 00 00 00 00 00 00 01 00 00 00 00 00 00 00 00 00 80 00 00 00 80 00 00 00 00 00 2a 0e 00 00 00 00 00 00 00 00 00 00 00 00 00 00 00 00 00
   93.8549  #664    len=64   01 80 80 80 80 cf 00 00 00 00 00 00 00 00 00 00 00 00 00 00 00 00 00 00 00 01 00 00 00 00 00 00 00 00 00 80 00 00 00 80 00 00 00 00 00 2a 06 00 00 00 00 00 00 00 00 00 00 00 00 00 00 00 00 00
   93.8909  #665    len=64   01 80 80 80 80 cf 00 00 00 00 00 00 00 00 00 00 00 00 00 00 00 00 00 00 00 01 00 00 00 00 00 00 00 00 00 80 00 00 00 80 00 00 00 00 00 37 06 00 00 00 00 00 00 00 00 00 00 00 00 00 00 00 00 00
   93.9029  #666    len=64   01 80 80 80 80 4f 00 00 00 00 00 00 00 00 00 00 00 00 00 00 00 00 00 00 00 01 00 00 00 00 00 00 00 00 00 80 00 00 00 80 00 00 00 00 00 37 02 00 00 00 00 00 00 00 00 00 00 00 00 00 00 00 00 00
   93.9427  #667    len=64   01 80 80 80 80 6f 00 00 00 00 00 00 00 00 00 00 00 00 00 00 00 00 00 00 00 01 00 00 00 00 00 00 00 00 00 80 00 00 00 80 00 00 00 00 00 37 03 00 00 00 00 00 00 00 00 00 00 00 00 00 00 00 00 00
   93.9467  #668    len=64   01 80 80 80 80 2f 00 00 00 00 00 00 00 00 00 00 00 00 00 00 00 00 00 00 00 01 00 00 00 00 00 00 00 00 00 80 00 00 00 80 00 00 00 00 00 37 01 00 00 00 00 00 00 00 00 00 00 00 00 00 00 00 00 00
   94.0947  #669    len=64   01 80 80 80 80 6f 00 00 00 00 00 00 00 00 00 00 00 00 00 00 00 00 00 00 00 01 00 00 00 00 00 00 00 00 00 80 00 00 00 80 00 00 00 00 00 37 03 00 00 00 00 00 00 00 00 00 00 00 00 00 00 00 00 00
   94.1587  #670    len=64   01 80 80 80 80 ef 00 00 00 00 00 00 00 00 00 00 00 00 00 00 00 00 00 00 00 01 00 00 00 00 00 00 00 00 00 80 00 00 00 80 00 00 00 00 00 37 07 00 00 00 00 00 00 00 00 00 00 00 00 00 00 00 00 00
   94.1909  #671    len=64   01 80 80 80 80 cf 00 00 00 00 00 00 00 00 00 00 00 00 00 00 00 00 00 00 00 01 00 00 00 00 00 00 00 00 00 80 00 00 00 80 00 00 00 00 00 37 06 00 00 00 00 00 00 00 00 00 00 00 00 00 00 00 00 00
   94.2267  #672    len=64   01 80 80 80 80 df 00 00 00 00 00 00 00 00 00 00 00 00 00 00 00 00 00 00 00 01 00 00 00 00 00 00 00 00 00 80 00 00 00 80 00 00 00 00 00 37 0e 00 00 00 00 00 00 00 00 00 00 00 00 00 00 00 00 00
   94.2547  #673    len=64   01 80 80 80 80 9f 00 00 00 00 00 00 00 00 00 00 00 00 00 00 00 00 00 00 00 01 00 00 00 00 00 00 00 00 00 80 00 00 00 80 00 00 00 00 00 37 0c 00 00 00 00 00 00 00 00 00 00 00 00 00 00 00 00 00
   94.2907  #674    len=64   01 80 80 80 80 9f 00 00 00 00 00 00 00 00 00 00 00 00 00 00 00 00 00 00 00 01 00 00 00 00 00 00 00 00 00 80 00 00 00 80 00 00 00 00 00 2a 0c 00 00 00 00 00 00 00 00 00 00 00 00 00 00 00 00 00
   94.3187  #675    len=64   01 80 80 80 80 1f 00 00 00 00 00 00 00 00 00 00 00 00 00 00 00 00 00 00 00 01 00 00 00 00 00 00 00 00 00 80 00 00 00 80 00 00 00 00 00 2a 08 00 00 00 00 00 00 00 00 00 00 00 00 00 00 00 00 00
   94.3667  #676    len=64   01 80 80 80 80 1f 01 00 00 00 00 00 00 00 00 00 00 00 00 00 00 00 00 00 00 01 00 00 00 00 00 00 00 00 00 80 00 00 00 80 00 00 00 00 00 2a 18 00 00 00 00 00 00 00 00 00 00 00 00 00 00 00 00 00
   94.3707  #677    len=64   01 80 80 80 80 0f 01 00 00 00 00 00 00 00 00 00 00 00 00 00 00 00 00 00 00 01 00 00 00 00 00 00 00 00 00 80 00 00 00 80 00 00 00 00 00 2a 10 00 00 00 00 00 00 00 00 00 00 00 00 00 00 00 00 00
   94.4747  #678    len=64   01 80 80 80 80 1f 01 00 00 00 00 00 00 00 00 00 00 00 00 00 00 00 00 00 00 01 00 00 00 00 00 00 00 00 00 80 00 00 00 80 00 00 00 00 00 2a 18 00 00 00 00 00 00 00 00 00 00 00 00 00 00 00 00 00
   94.4908  #679    len=64   01 80 80 80 80 1f 01 00 00 00 00 00 00 00 00 00 00 00 00 00 00 00 00 00 00 01 00 00 00 00 00 00 00 00 00 80 00 00 00 80 00 00 00 00 00 33 18 00 00 00 00 00 00 00 00 00 00 00 00 00 00 00 00 00
   94.5547  #680    len=64   01 80 80 80 80 9f 01 00 00 00 00 00 00 00 00 00 00 00 00 00 00 00 00 00 00 01 00 00 00 00 00 00 00 00 00 80 00 00 00 80 00 00 00 00 00 33 1c 00 00 00 00 00 00 00 00 00 00 00 00 00 00 00 00 00
   94.6348  #681    len=64   01 80 80 80 80 9f 00 00 00 00 00 00 00 00 00 00 00 00 00 00 00 00 00 00 00 01 00 00 00 00 00 00 00 00 00 80 00 00 00 80 00 00 00 00 00 33 0c 00 00 00 00 00 00 00 00 00 00 00 00 00 00 00 00 00
   94.6629  #682    len=64   01 80 80 80 80 df 00 00 00 00 00 00 00 00 00 00 00 00 00 00 00 00 00 00 00 01 00 00 00 00 00 00 00 00 00 80 00 00 00 80 00 00 00 00 00 33 0e 00 00 00 00 00 00 00 00 00 00 00 00 00 00 00 00 00
   94.6988  #683    len=64   01 80 80 80 80 cf 00 00 00 00 00 00 00 00 00 00 00 00 00 00 00 00 00 00 00 01 00 00 00 00 00 00 00 00 00 80 00 00 00 80 00 00 00 00 00 33 06 00 00 00 00 00 00 00 00 00 00 00 00 00 00 00 00 00
   94.8187  #684    len=64   01 80 80 80 80 4f 00 00 00 00 00 00 00 00 00 00 00 00 00 00 00 00 00 00 00 01 00 00 00 00 00 00 00 00 00 80 00 00 00 80 00 00 00 00 00 33 02 00 00 00 00 00 00 00 00 00 00 00 00 00 00 00 00 00
   95.0667  #685    len=64   01 80 80 80 80 6f 00 00 00 00 00 00 00 00 00 00 00 00 00 00 00 00 00 00 00 01 00 00 00 00 00 00 00 00 00 80 00 00 00 80 00 00 00 00 00 33 03 00 00 00 00 00 00 00 00 00 00 00 00 00 00 00 00 00
   95.0707  #686    len=64   01 80 80 80 80 2f 00 00 00 00 00 00 00 00 00 00 00 00 00 00 00 00 00 00 00 01 00 00 00 00 00 00 00 00 00 80 00 00 00 80 00 00 00 00 00 33 01 00 00 00 00 00 00 00 00 00 00 00 00 00 00 00 00 00
   95.2747  #687    len=64   01 80 80 80 80 6f 00 00 00 00 00 00 00 00 00 00 00 00 00 00 00 00 00 00 00 01 00 00 00 00 00 00 00 00 00 80 00 00 00 80 00 00 00 00 00 33 03 00 00 00 00 00 00 00 00 00 00 00 00 00 00 00 00 00
   95.3108  #688    len=64   01 80 80 80 80 ef 00 00 00 00 00 00 00 00 00 00 00 00 00 00 00 00 00 00 00 01 00 00 00 00 00 00 00 00 00 80 00 00 00 80 00 00 00 00 00 33 07 00 00 00 00 00 00 00 00 00 00 00 00 00 00 00 00 00
   95.3667  #689    len=64   01 80 80 80 80 cf 00 00 00 00 00 00 00 00 00 00 00 00 00 00 00 00 00 00 00 01 00 00 00 00 00 00 00 00 00 80 00 00 00 80 00 00 00 00 00 33 06 00 00 00 00 00 00 00 00 00 00 00 00 00 00 00 00 00
   95.4267  #690    len=64   01 80 80 80 80 df 00 00 00 00 00 00 00 00 00 00 00 00 00 00 00 00 00 00 00 01 00 00 00 00 00 00 00 00 00 80 00 00 00 80 00 00 00 00 00 33 0e 00 00 00 00 00 00 00 00 00 00 00 00 00 00 00 00 00
   95.4867  #691    len=64   01 80 80 80 80 9f 00 00 00 00 00 00 00 00 00 00 00 00 00 00 00 00 00 00 00 01 00 00 00 00 00 00 00 00 00 80 00 00 00 80 00 00 00 00 00 33 0c 00 00 00 00 00 00 00 00 00 00 00 00 00 00 00 00 00
   95.4907  #692    len=64   01 80 80 80 80 9f 00 00 00 00 00 00 00 00 00 00 00 00 00 00 00 00 00 00 00 01 00 00 00 00 00 00 00 00 00 80 00 00 00 80 00 00 00 00 00 2a 0c 00 00 00 00 00 00 00 00 00 00 00 00 00 00 00 00 00
   95.5268  #693    len=64   01 80 80 80 80 8f 00 00 00 00 00 00 00 00 00 00 00 00 00 00 00 00 00 00 00 01 00 00 00 00 00 00 00 00 00 80 00 00 00 80 00 00 00 00 00 2a 04 00 00 00 00 00 00 00 00 00 00 00 00 00 00 00 00 00
   95.5388  #694    len=64   01 80 80 80 80 0f 00 00 00 00 00 00 00 00 00 00 00 00 00 00 00 00 00 00 00 01 00 00 00 00 00 00 00 00 00 80 00 00 00 80 00 00 00 00 00 2a 00 00 00 00 00 00 00 00 00 00 00 00 00 00 00 00 00 00
   95.6107  #695    len=64   01 80 80 80 80 0f 01 00 00 00 00 00 00 00 00 00 00 00 00 00 00 00 00 00 00 01 00 00 00 00 00 00 00 00 00 80 00 00 00 80 00 00 00 00 00 2a 10 00 00 00 00 00 00 00 00 00 00 00 00 00 00 00 00 00
   95.9427  #696    len=64   01 80 80 80 80 2f 01 00 00 00 00 00 00 00 00 00 00 00 00 00 00 00 00 00 00 01 00 00 00 00 00 00 00 00 00 80 00 00 00 80 00 00 00 00 00 2a 11 00 00 00 00 00 00 00 00 00 00 00 00 00 00 00 00 00
   96.0907  #697    len=64   01 80 80 80 80 2f 01 00 00 00 00 00 00 00 00 00 00 00 00 00 00 00 00 00 00 01 00 00 00 00 00 00 00 00 00 80 00 00 00 80 00 00 00 00 00 33 11 00 00 00 00 00 00 00 00 00 00 00 00 00 00 00 00 00
   96.6747  #698    len=64   01 80 80 80 80 0f 01 00 00 00 00 00 00 00 00 00 00 00 00 00 00 00 00 00 00 01 00 00 00 00 00 00 00 00 00 80 00 00 00 80 00 00 00 00 00 33 10 00 00 00 00 00 00 00 00 00 00 00 00 00 00 00 00 00
   96.8467  #699    len=64   01 80 80 80 80 2f 01 00 00 00 00 00 00 00 00 00 00 00 00 00 00 00 00 00 00 01 00 00 00 00 00 00 00 00 00 80 00 00 00 80 00 00 00 00 00 33 11 00 00 00 00 00 00 00 00 00 00 00 00 00 00 00 00 00
   98.0987  #700    len=64   01 80 80 80 80 0f 01 00 00 00 00 00 00 00 00 00 00 00 00 00 00 00 00 00 00 01 00 00 00 00 00 00 00 00 00 80 00 00 00 80 00 00 00 00 00 33 10 00 00 00 00 00 00 00 00 00 00 00 00 00 00 00 00 00
   98.2627  #701    len=64   01 80 80 80 80 0f 00 00 00 00 00 00 00 00 00 00 00 00 00 00 00 00 00 00 00 01 00 00 00 00 00 00 00 00 00 80 00 00 00 80 00 00 00 00 00 33 00 00 00 00 00 00 00 00 00 00 00 00 00 00 00 00 00 00
   98.3147  #702    len=64   01 80 80 80 80 5f 00 00 00 00 00 00 00 00 00 00 00 00 00 00 00 00 00 00 00 01 00 00 00 00 00 00 00 00 00 80 00 00 00 80 00 00 00 00 00 33 0a 00 00 00 00 00 00 00 00 00 00 00 00 00 00 00 00 00
   98.8707  #703    len=64   01 80 80 80 80 1f 00 00 00 00 00 00 00 00 00 00 00 00 00 00 00 00 00 00 00 01 00 00 00 00 00 00 00 00 00 80 00 00 00 80 00 00 00 00 00 33 08 00 00 00 00 00 00 00 00 00 00 00 00 00 00 00 00 00
   98.9067  #704    len=64   01 80 80 80 80 0f 00 00 00 00 00 00 00 00 00 00 00 00 00 00 00 00 00 00 00 01 00 00 00 00 00 00 00 00 00 80 00 00 00 80 00 00 00 00 00 33 00 00 00 00 00 00 00 00 00 00 00 00 00 00 00 00 00 00
   98.9309  #705    len=64   01 80 80 80 80 2f 00 00 00 00 00 00 00 00 00 00 00 00 00 00 00 00 00 00 00 01 00 00 00 00 00 00 00 00 00 80 00 00 00 80 00 00 00 00 00 33 01 00 00 00 00 00 00 00 00 00 00 00 00 00 00 00 00 00
   99.1307  #706    len=64   01 80 80 80 80 af 00 00 00 00 00 00 00 00 00 00 00 00 00 00 00 00 00 00 00 01 00 00 00 00 00 00 00 00 00 80 00 00 00 80 00 00 00 00 00 33 05 00 00 00 00 00 00 00 00 00 00 00 00 00 00 00 00 00
   99.4147  #707    len=64   01 80 80 80 80 ef 00 00 00 00 00 00 00 00 00 00 00 00 00 00 00 00 00 00 00 01 00 00 00 00 00 00 00 00 00 80 00 00 00 80 00 00 00 00 00 33 07 00 00 00 00 00 00 00 00 00 00 00 00 00 00 00 00 00
   99.4508  #708    len=64   01 80 80 80 80 6f 00 00 00 00 00 00 00 00 00 00 00 00 00 00 00 00 00 00 00 01 00 00 00 00 00 00 00 00 00 80 00 00 00 80 00 00 00 00 00 33 03 00 00 00 00 00 00 00 00 00 00 00 00 00 00 00 00 00
  100.2467  #709    len=64   01 80 80 80 80 ef 00 00 00 00 00 00 00 00 00 00 00 00 00 00 00 00 00 00 00 01 00 00 00 00 00 00 00 00 00 80 00 00 00 80 00 00 00 00 00 33 07 00 00 00 00 00 00 00 00 00 00 00 00 00 00 00 00 00
  100.6947  #710    len=64   01 80 80 80 80 ff 00 00 00 00 00 00 00 00 00 00 00 00 00 00 00 00 00 00 00 01 00 00 00 00 00 00 00 00 00 80 00 00 00 80 00 00 00 00 00 33 0f 00 00 00 00 00 00 00 00 00 00 00 00 00 00 00 00 00
  101.1747  #711    len=64   01 80 80 80 80 ef 00 00 00 00 00 00 00 00 00 00 00 00 00 00 00 00 00 00 00 01 00 00 00 00 00 00 00 00 00 80 00 00 00 80 00 00 00 00 00 33 07 00 00 00 00 00 00 00 00 00 00 00 00 00 00 00 00 00
  101.2627  #712    len=64   01 80 80 80 80 ef 01 00 00 00 00 00 00 00 00 00 00 00 00 00 00 00 00 00 00 01 00 00 00 00 00 00 00 00 00 80 00 00 00 80 00 00 00 00 00 33 17 00 00 00 00 00 00 00 00 00 00 00 00 00 00 00 00 00
  101.5787  #713    len=64   01 80 80 80 80 cf 01 00 00 00 00 00 00 00 00 00 00 00 00 00 00 00 00 00 00 01 00 00 00 00 00 00 00 00 00 80 00 00 00 80 00 00 00 00 00 33 16 00 00 00 00 00 00 00 00 00 00 00 00 00 00 00 00 00
  101.5868  #714    len=64   01 80 80 80 80 8f 01 00 00 00 00 00 00 00 00 00 00 00 00 00 00 00 00 00 00 01 00 00 00 00 00 00 00 00 00 80 00 00 00 80 00 00 00 00 00 33 14 00 00 00 00 00 00 00 00 00 00 00 00 00 00 00 00 00
  101.6027  #715    len=64   01 80 80 80 80 0f 01 00 00 00 00 00 00 00 00 00 00 00 00 00 00 00 00 00 00 01 00 00 00 00 00 00 00 00 00 80 00 00 00 80 00 00 00 00 00 33 10 00 00 00 00 00 00 00 00 00 00 00 00 00 00 00 00 00
  101.6867  #716    len=64   01 80 80 80 80 1f 01 00 00 00 00 00 00 00 00 00 00 00 00 00 00 00 00 00 00 01 00 00 00 00 00 00 00 00 00 80 00 00 00 80 00 00 00 00 00 33 18 00 00 00 00 00 00 00 00 00 00 00 00 00 00 00 00 00
  101.7108  #717    len=64   01 80 80 80 80 9f 01 00 00 00 00 00 00 00 00 00 00 00 00 00 00 00 00 00 00 01 00 00 00 00 00 00 00 00 00 80 00 00 00 80 00 00 00 00 00 33 1c 00 00 00 00 00 00 00 00 00 00 00 00 00 00 00 00 00
  101.8347  #718    len=64   01 80 80 80 80 df 01 00 00 00 00 00 00 00 00 00 00 00 00 00 00 00 00 00 00 01 00 00 00 00 00 00 00 00 00 80 00 00 00 80 00 00 00 00 00 33 1e 00 00 00 00 00 00 00 00 00 00 00 00 00 00 00 00 00
  103.9667  #719    len=64   01 80 80 80 80 cf 01 00 00 00 00 00 00 00 00 00 00 00 00 00 00 00 00 00 00 01 00 00 00 00 00 00 00 00 00 80 00 00 00 80 00 00 00 00 00 33 16 00 00 00 00 00 00 00 00 00 00 00 00 00 00 00 00 00
  103.9828  #720    len=64   01 80 80 80 80 4f 00 00 00 00 00 00 00 00 00 00 00 00 00 00 00 00 00 00 00 01 00 00 00 00 00 00 00 00 00 80 00 00 00 80 00 00 00 00 00 33 02 00 00 00 00 00 00 00 00 00 00 00 00 00 00 00 00 00
  103.9907  #721    len=64   01 80 80 80 80 0f 00 00 00 00 00 00 00 00 00 00 00 00 00 00 00 00 00 00 00 01 00 00 00 00 00 00 00 00 00 80 00 00 00 80 00 00 00 00 00 33 00 00 00 00 00 00 00 00 00 00 00 00 00 00 00 00 00 00
  104.4387  #722    len=64   01 80 80 80 80 cf 00 00 00 00 00 00 00 00 00 00 00 00 00 00 00 00 00 00 00 01 00 00 00 00 00 00 00 00 00 80 00 00 00 80 00 00 00 00 00 33 06 00 00 00 00 00 00 00 00 00 00 00 00 00 00 00 00 00
  104.4507  #723    len=64   01 80 80 80 80 df 00 00 00 00 00 00 00 00 00 00 00 00 00 00 00 00 00 00 00 01 00 00 00 00 00 00 00 00 00 80 00 00 00 80 00 00 00 00 00 33 0e 00 00 00 00 00 00 00 00 00 00 00 00 00 00 00 00 00
  104.4628  #724    len=64   01 80 80 80 80 df 01 00 00 00 00 00 00 00 00 00 00 00 00 00 00 00 00 00 00 01 00 00 00 00 00 00 00 00 00 80 00 00 00 80 00 00 00 00 00 33 1e 00 00 00 00 00 00 00 00 00 00 00 00 00 00 00 00 00
  105.0187  #725    len=64   01 80 80 80 80 df 00 00 00 00 00 00 00 00 00 00 00 00 00 00 00 00 00 00 00 01 00 00 00 00 00 00 00 00 00 80 00 00 00 80 00 00 00 00 00 33 0e 00 00 00 00 00 00 00 00 00 00 00 00 00 00 00 00 00
  105.0267  #726    len=64   01 80 80 80 80 9f 00 00 00 00 00 00 00 00 00 00 00 00 00 00 00 00 00 00 00 01 00 00 00 00 00 00 00 00 00 80 00 00 00 80 00 00 00 00 00 33 0c 00 00 00 00 00 00 00 00 00 00 00 00 00 00 00 00 00
  105.0307  #727    len=64   01 80 80 80 80 8f 00 00 00 00 00 00 00 00 00 00 00 00 00 00 00 00 00 00 00 01 00 00 00 00 00 00 00 00 00 80 00 00 00 80 00 00 00 00 00 33 04 00 00 00 00 00 00 00 00 00 00 00 00 00 00 00 00 00
  105.0427  #728    len=64   01 80 80 80 80 0f 00 00 00 00 00 00 00 00 00 00 00 00 00 00 00 00 00 00 00 01 00 00 00 00 00 00 00 00 00 80 00 00 00 80 00 00 00 00 00 33 00 00 00 00 00 00 00 00 00 00 00 00 00 00 00 00 00 00
  105.2027  #729    len=64   01 80 80 80 80 4f 00 00 00 00 00 00 00 00 00 00 00 00 00 00 00 00 00 00 00 01 00 00 00 00 00 00 00 00 00 80 00 00 00 80 00 00 00 00 00 33 02 00 00 00 00 00 00 00 00 00 00 00 00 00 00 00 00 00
  105.2268  #730    len=64   01 80 80 80 80 cf 00 00 00 00 00 00 00 00 00 00 00 00 00 00 00 00 00 00 00 01 00 00 00 00 00 00 00 00 00 80 00 00 00 80 00 00 00 00 00 33 06 00 00 00 00 00 00 00 00 00 00 00 00 00 00 00 00 00
  105.2468  #731    len=64   01 80 80 80 80 df 00 00 00 00 00 00 00 00 00 00 00 00 00 00 00 00 00 00 00 01 00 00 00 00 00 00 00 00 00 80 00 00 00 80 00 00 00 00 00 33 0e 00 00 00 00 00 00 00 00 00 00 00 00 00 00 00 00 00
  105.2628  #732    len=64   01 80 80 80 80 df 01 00 00 00 00 00 00 00 00 00 00 00 00 00 00 00 00 00 00 01 00 00 00 00 00 00 00 00 00 80 00 00 00 80 00 00 00 00 00 33 1e 00 00 00 00 00 00 00 00 00 00 00 00 00 00 00 00 00
  105.7787  #733    len=64   01 80 80 80 80 df 00 00 00 00 00 00 00 00 00 00 00 00 00 00 00 00 00 00 00 01 00 00 00 00 00 00 00 00 00 80 00 00 00 80 00 00 00 00 00 33 0e 00 00 00 00 00 00 00 00 00 00 00 00 00 00 00 00 00
  105.7827  #734    len=64   01 80 80 80 80 8f 00 00 00 00 00 00 00 00 00 00 00 00 00 00 00 00 00 00 00 01 00 00 00 00 00 00 00 00 00 80 00 00 00 80 00 00 00 00 00 33 04 00 00 00 00 00 00 00 00 00 00 00 00 00 00 00 00 00
  105.7908  #735    len=64   01 80 80 80 80 0f 00 00 00 00 00 00 00 00 00 00 00 00 00 00 00 00 00 00 00 01 00 00 00 00 00 00 00 00 00 80 00 00 00 80 00 00 00 00 00 33 00 00 00 00 00 00 00 00 00 00 00 00 00 00 00 00 00 00
  106.0907  #736    len=64   01 80 80 80 80 2f 00 00 00 00 00 00 00 00 00 00 00 00 00 00 00 00 00 00 00 01 00 00 00 00 00 00 00 00 00 80 00 00 00 80 00 00 00 00 00 33 01 00 00 00 00 00 00 00 00 00 00 00 00 00 00 00 00 00
  106.3667  #737    len=64   01 80 80 80 80 6f 00 00 00 00 00 00 00 00 00 00 00 00 00 00 00 00 00 00 00 01 00 00 00 00 00 00 00 00 00 80 00 00 00 80 00 00 00 00 00 33 03 00 00 00 00 00 00 00 00 00 00 00 00 00 00 00 00 00
  106.6507  #738    len=64   01 80 80 80 80 ef 00 00 00 00 00 00 00 00 00 00 00 00 00 00 00 00 00 00 00 01 00 00 00 00 00 00 00 00 00 80 00 00 00 80 00 00 00 00 00 33 07 00 00 00 00 00 00 00 00 00 00 00 00 00 00 00 00 00
  106.9067  #739    len=64   01 80 80 80 80 ff 00 00 00 00 00 00 00 00 00 00 00 00 00 00 00 00 00 00 00 01 00 00 00 00 00 00 00 00 00 80 00 00 00 80 00 00 00 00 00 33 0f 00 00 00 00 00 00 00 00 00 00 00 00 00 00 00 00 00
  108.2027  #740    len=64   01 80 80 80 80 bf 00 00 00 00 00 00 00 00 00 00 00 00 00 00 00 00 00 00 00 01 00 00 00 00 00 00 00 00 00 80 00 00 00 80 00 00 00 00 00 33 0d 00 00 00 00 00 00 00 00 00 00 00 00 00 00 00 00 00
  108.2188  #741    len=64   01 80 80 80 80 af 00 00 00 00 00 00 00 00 00 00 00 00 00 00 00 00 00 00 00 01 00 00 00 00 00 00 00 00 00 80 00 00 00 80 00 00 00 00 00 33 05 00 00 00 00 00 00 00 00 00 00 00 00 00 00 00 00 00
  108.2227  #742    len=64   01 80 80 80 80 2f 00 00 00 00 00 00 00 00 00 00 00 00 00 00 00 00 00 00 00 01 00 00 00 00 00 00 00 00 00 80 00 00 00 80 00 00 00 00 00 33 01 00 00 00 00 00 00 00 00 00 00 00 00 00 00 00 00 00
  108.5547  #743    len=64   01 80 80 80 80 6f 00 00 00 00 00 00 00 00 00 00 00 00 00 00 00 00 00 00 00 01 00 00 00 00 00 00 00 00 00 80 00 00 00 80 00 00 00 00 00 33 03 00 00 00 00 00 00 00 00 00 00 00 00 00 00 00 00 00
  108.7587  #744    len=64   01 80 80 80 80 ef 00 00 00 00 00 00 00 00 00 00 00 00 00 00 00 00 00 00 00 01 00 00 00 00 00 00 00 00 00 80 00 00 00 80 00 00 00 00 00 33 07 00 00 00 00 00 00 00 00 00 00 00 00 00 00 00 00 00
  108.8547  #745    len=64   01 80 80 80 80 ff 00 00 00 00 00 00 00 00 00 00 00 00 00 00 00 00 00 00 00 01 00 00 00 00 00 00 00 00 00 80 00 00 00 80 00 00 00 00 00 33 0f 00 00 00 00 00 00 00 00 00 00 00 00 00 00 00 00 00
  109.5627  #746    len=64   01 80 80 80 80 ef 00 00 00 00 00 00 00 00 00 00 00 00 00 00 00 00 00 00 00 01 00 00 00 00 00 00 00 00 00 80 00 00 00 80 00 00 00 00 00 33 07 00 00 00 00 00 00 00 00 00 00 00 00 00 00 00 00 00
  109.6187  #747    len=64   01 80 80 80 80 6f 00 00 00 00 00 00 00 00 00 00 00 00 00 00 00 00 00 00 00 01 00 00 00 00 00 00 00 00 00 80 00 00 00 80 00 00 00 00 00 33 03 00 00 00 00 00 00 00 00 00 00 00 00 00 00 00 00 00
  109.6267  #748    len=64   01 80 80 80 80 2f 00 00 00 00 00 00 00 00 00 00 00 00 00 00 00 00 00 00 00 01 00 00 00 00 00 00 00 00 00 80 00 00 00 80 00 00 00 00 00 33 01 00 00 00 00 00 00 00 00 00 00 00 00 00 00 00 00 00
  109.9107  #749    len=64   01 80 80 80 80 6f 00 00 00 00 00 00 00 00 00 00 00 00 00 00 00 00 00 00 00 01 00 00 00 00 00 00 00 00 00 80 00 00 00 80 00 00 00 00 00 33 03 00 00 00 00 00 00 00 00 00 00 00 00 00 00 00 00 00
  109.9947  #750    len=64   01 80 80 80 80 ef 00 00 00 00 00 00 00 00 00 00 00 00 00 00 00 00 00 00 00 01 00 00 00 00 00 00 00 00 00 80 00 00 00 80 00 00 00 00 00 33 07 00 00 00 00 00 00 00 00 00 00 00 00 00 00 00 00 00
  110.1027  #751    len=64   01 80 80 80 80 ff 00 00 00 00 00 00 00 00 00 00 00 00 00 00 00 00 00 00 00 01 00 00 00 00 00 00 00 00 00 80 00 00 00 80 00 00 00 00 00 33 0f 00 00 00 00 00 00 00 00 00 00 00 00 00 00 00 00 00
  110.5347  #752    len=64   01 80 80 80 80 ff 01 00 00 00 00 00 00 00 00 00 00 00 00 00 00 00 00 00 00 01 00 00 00 00 00 00 00 00 00 80 00 00 00 80 00 00 00 00 00 33 1f 00 00 00 00 00 00 00 00 00 00 00 00 00 00 00 00 00
  110.9867  #753    len=64   01 80 80 80 80 ff 00 00 00 00 00 00 00 00 00 00 00 00 00 00 00 00 00 00 00 01 00 00 00 00 00 00 00 00 00 80 00 00 00 80 00 00 00 00 00 33 0f 00 00 00 00 00 00 00 00 00 00 00 00 00 00 00 00 00
  111.2107  #754    len=64   01 80 80 80 80 ff 01 00 00 00 00 00 00 00 00 00 00 00 00 00 00 00 00 00 00 01 00 00 00 00 00 00 00 00 00 80 00 00 00 80 00 00 00 00 00 33 1f 00 00 00 00 00 00 00 00 00 00 00 00 00 00 00 00 00
  111.4987  #755    len=64   01 80 80 80 80 ff 00 00 00 00 00 00 00 00 00 00 00 00 00 00 00 00 00 00 00 01 00 00 00 00 00 00 00 00 00 80 00 00 00 80 00 00 00 00 00 33 0f 00 00 00 00 00 00 00 00 00 00 00 00 00 00 00 00 00
  111.6587  #756    len=64   01 80 80 80 80 ff 01 00 00 00 00 00 00 00 00 00 00 00 00 00 00 00 00 00 00 01 00 00 00 00 00 00 00 00 00 80 00 00 00 80 00 00 00 00 00 33 1f 00 00 00 00 00 00 00 00 00 00 00 00 00 00 00 00 00
  111.7347  #757    len=64   01 80 80 80 80 ff 00 00 00 00 00 00 00 00 00 00 00 00 00 00 00 00 00 00 00 01 00 00 00 00 00 00 00 00 00 80 00 00 00 80 00 00 00 00 00 33 0f 00 00 00 00 00 00 00 00 00 00 00 00 00 00 00 00 00
  111.8707  #758    len=64   01 80 80 80 80 ff 01 00 00 00 00 00 00 00 00 00 00 00 00 00 00 00 00 00 00 01 00 00 00 00 00 00 00 00 00 80 00 00 00 80 00 00 00 00 00 33 1f 00 00 00 00 00 00 00 00 00 00 00 00 00 00 00 00 00
  111.9428  #759    len=64   01 80 80 80 80 ff 00 00 00 00 00 00 00 00 00 00 00 00 00 00 00 00 00 00 00 01 00 00 00 00 00 00 00 00 00 80 00 00 00 80 00 00 00 00 00 33 0f 00 00 00 00 00 00 00 00 00 00 00 00 00 00 00 00 00
  112.0107  #760    len=64   01 80 80 80 80 ff 01 00 00 00 00 00 00 00 00 00 00 00 00 00 00 00 00 00 00 01 00 00 00 00 00 00 00 00 00 80 00 00 00 80 00 00 00 00 00 33 1f 00 00 00 00 00 00 00 00 00 00 00 00 00 00 00 00 00
  112.0507  #761    len=64   01 80 80 80 80 ff 00 00 00 00 00 00 00 00 00 00 00 00 00 00 00 00 00 00 00 01 00 00 00 00 00 00 00 00 00 80 00 00 00 80 00 00 00 00 00 33 0f 00 00 00 00 00 00 00 00 00 00 00 00 00 00 00 00 00
  112.0827  #762    len=64   01 80 80 80 80 ff 01 00 00 00 00 00 00 00 00 00 00 00 00 00 00 00 00 00 00 01 00 00 00 00 00 00 00 00 00 80 00 00 00 80 00 00 00 00 00 33 1f 00 00 00 00 00 00 00 00 00 00 00 00 00 00 00 00 00
  112.0949  #763    len=64   01 80 80 80 80 ff 00 00 00 00 00 00 00 00 00 00 00 00 00 00 00 00 00 00 00 01 00 00 00 00 00 00 00 00 00 80 00 00 00 80 00 00 00 00 00 33 0f 00 00 00 00 00 00 00 00 00 00 00 00 00 00 00 00 00
  112.1027  #764    len=64   01 80 80 80 80 ff 01 00 00 00 00 00 00 00 00 00 00 00 00 00 00 00 00 00 00 01 00 00 00 00 00 00 00 00 00 80 00 00 00 80 00 00 00 00 00 33 1f 00 00 00 00 00 00 00 00 00 00 00 00 00 00 00 00 00
  112.1268  #765    len=64   01 80 80 80 80 ff 00 00 00 00 00 00 00 00 00 00 00 00 00 00 00 00 00 00 00 01 00 00 00 00 00 00 00 00 00 80 00 00 00 80 00 00 00 00 00 33 0f 00 00 00 00 00 00 00 00 00 00 00 00 00 00 00 00 00
  112.1947  #766    len=64   01 80 80 80 80 ff 01 00 00 00 00 00 00 00 00 00 00 00 00 00 00 00 00 00 00 01 00 00 00 00 00 00 00 00 00 80 00 00 00 80 00 00 00 00 00 33 1f 00 00 00 00 00 00 00 00 00 00 00 00 00 00 00 00 00
  112.2307  #767    len=64   01 80 80 80 80 ff 00 00 00 00 00 00 00 00 00 00 00 00 00 00 00 00 00 00 00 01 00 00 00 00 00 00 00 00 00 80 00 00 00 80 00 00 00 00 00 33 0f 00 00 00 00 00 00 00 00 00 00 00 00 00 00 00 00 00
  112.2628  #768    len=64   01 80 80 80 80 ff 01 00 00 00 00 00 00 00 00 00 00 00 00 00 00 00 00 00 00 01 00 00 00 00 00 00 00 00 00 80 00 00 00 80 00 00 00 00 00 33 1f 00 00 00 00 00 00 00 00 00 00 00 00 00 00 00 00 00
  112.3067  #769    len=64   01 80 80 80 80 ff 00 00 00 00 00 00 00 00 00 00 00 00 00 00 00 00 00 00 00 01 00 00 00 00 00 00 00 00 00 80 00 00 00 80 00 00 00 00 00 33 0f 00 00 00 00 00 00 00 00 00 00 00 00 00 00 00 00 00
  112.4307  #770    len=64   01 80 80 80 80 ff 01 00 00 00 00 00 00 00 00 00 00 00 00 00 00 00 00 00 00 01 00 00 00 00 00 00 00 00 00 80 00 00 00 80 00 00 00 00 00 33 1f 00 00 00 00 00 00 00 00 00 00 00 00 00 00 00 00 00
  112.4827  #771    len=64   01 80 80 80 80 ff 00 00 00 00 00 00 00 00 00 00 00 00 00 00 00 00 00 00 00 01 00 00 00 00 00 00 00 00 00 80 00 00 00 80 00 00 00 00 00 33 0f 00 00 00 00 00 00 00 00 00 00 00 00 00 00 00 00 00
  112.5307  #772    len=64   01 80 80 80 80 ff 01 00 00 00 00 00 00 00 00 00 00 00 00 00 00 00 00 00 00 01 00 00 00 00 00 00 00 00 00 80 00 00 00 80 00 00 00 00 00 33 1f 00 00 00 00 00 00 00 00 00 00 00 00 00 00 00 00 00
  112.5668  #773    len=64   01 80 80 80 80 ff 00 00 00 00 00 00 00 00 00 00 00 00 00 00 00 00 00 00 00 01 00 00 00 00 00 00 00 00 00 80 00 00 00 80 00 00 00 00 00 33 0f 00 00 00 00 00 00 00 00 00 00 00 00 00 00 00 00 00
  112.6187  #774    len=64   01 80 80 80 80 ff 01 00 00 00 00 00 00 00 00 00 00 00 00 00 00 00 00 00 00 01 00 00 00 00 00 00 00 00 00 80 00 00 00 80 00 00 00 00 00 33 1f 00 00 00 00 00 00 00 00 00 00 00 00 00 00 00 00 00
  112.6267  #775    len=64   01 80 80 80 80 ff 00 00 00 00 00 00 00 00 00 00 00 00 00 00 00 00 00 00 00 01 00 00 00 00 00 00 00 00 00 80 00 00 00 80 00 00 00 00 00 33 0f 00 00 00 00 00 00 00 00 00 00 00 00 00 00 00 00 00
  112.6947  #776    len=64   01 80 80 80 80 ff 00 00 00 00 00 00 00 00 00 00 00 00 00 00 00 00 00 00 00 01 00 00 00 00 00 00 00 00 00 80 00 00 00 80 00 00 00 00 00 2a 0f 00 00 00 00 00 00 00 00 00 00 00 00 00 00 00 00 00
  112.7067  #777    len=64   01 80 80 80 80 ff 01 00 00 00 00 00 00 00 00 00 00 00 00 00 00 00 00 00 00 01 00 00 00 00 00 00 00 00 00 80 00 00 00 80 00 00 00 00 00 2a 1f 00 00 00 00 00 00 00 00 00 00 00 00 00 00 00 00 00
  112.7427  #778    len=64   01 80 80 80 80 ff 00 00 00 00 00 00 00 00 00 00 00 00 00 00 00 00 00 00 00 01 00 00 00 00 00 00 00 00 00 80 00 00 00 80 00 00 00 00 00 2a 0f 00 00 00 00 00 00 00 00 00 00 00 00 00 00 00 00 00
  112.7827  #779    len=64   01 80 80 80 80 ff 01 00 00 00 00 00 00 00 00 00 00 00 00 00 00 00 00 00 00 01 00 00 00 00 00 00 00 00 00 80 00 00 00 80 00 00 00 00 00 2a 1f 00 00 00 00 00 00 00 00 00 00 00 00 00 00 00 00 00
  112.8187  #780    len=64   01 80 80 80 80 ff 00 00 00 00 00 00 00 00 00 00 00 00 00 00 00 00 00 00 00 01 00 00 00 00 00 00 00 00 00 80 00 00 00 80 00 00 00 00 00 2a 0f 00 00 00 00 00 00 00 00 00 00 00 00 00 00 00 00 00
  112.8587  #781    len=64   01 80 80 80 80 ff 01 00 00 00 00 00 00 00 00 00 00 00 00 00 00 00 00 00 00 01 00 00 00 00 00 00 00 00 00 80 00 00 00 80 00 00 00 00 00 2a 1f 00 00 00 00 00 00 00 00 00 00 00 00 00 00 00 00 00
  112.9027  #782    len=64   01 80 80 80 80 ff 00 00 00 00 00 00 00 00 00 00 00 00 00 00 00 00 00 00 00 01 00 00 00 00 00 00 00 00 00 80 00 00 00 80 00 00 00 00 00 2a 0f 00 00 00 00 00 00 00 00 00 00 00 00 00 00 00 00 00
  112.9428  #783    len=64   01 80 80 80 80 ff 01 00 00 00 00 00 00 00 00 00 00 00 00 00 00 00 00 00 00 01 00 00 00 00 00 00 00 00 00 80 00 00 00 80 00 00 00 00 00 2a 1f 00 00 00 00 00 00 00 00 00 00 00 00 00 00 00 00 00
  112.9907  #784    len=64   01 80 80 80 80 ff 00 00 00 00 00 00 00 00 00 00 00 00 00 00 00 00 00 00 00 01 00 00 00 00 00 00 00 00 00 80 00 00 00 80 00 00 00 00 00 2a 0f 00 00 00 00 00 00 00 00 00 00 00 00 00 00 00 00 00
  113.0267  #785    len=64   01 80 80 80 80 ff 01 00 00 00 00 00 00 00 00 00 00 00 00 00 00 00 00 00 00 01 00 00 00 00 00 00 00 00 00 80 00 00 00 80 00 00 00 00 00 2a 1f 00 00 00 00 00 00 00 00 00 00 00 00 00 00 00 00 00
  113.1427  #786    len=64   01 80 80 80 80 ff 00 00 00 00 00 00 00 00 00 00 00 00 00 00 00 00 00 00 00 01 00 00 00 00 00 00 00 00 00 80 00 00 00 80 00 00 00 00 00 2a 0f 00 00 00 00 00 00 00 00 00 00 00 00 00 00 00 00 00
  113.2427  #787    len=64   01 80 80 80 80 df 00 00 00 00 00 00 00 00 00 00 00 00 00 00 00 00 00 00 00 01 00 00 00 00 00 00 00 00 00 80 00 00 00 80 00 00 00 00 00 2a 0e 00 00 00 00 00 00 00 00 00 00 00 00 00 00 00 00 00
  113.2507  #788    len=64   01 80 80 80 80 9f 00 00 00 00 00 00 00 00 00 00 00 00 00 00 00 00 00 00 00 01 00 00 00 00 00 00 00 00 00 80 00 00 00 80 00 00 00 00 00 2a 0c 00 00 00 00 00 00 00 00 00 00 00 00 00 00 00 00 00
  113.2709  #789    len=64   01 80 80 80 80 0f 00 00 00 00 00 00 00 00 00 00 00 00 00 00 00 00 00 00 00 01 00 00 00 00 00 00 00 00 00 80 00 00 00 80 00 00 00 00 00 2a 00 00 00 00 00 00 00 00 00 00 00 00 00 00 00 00 00 00
  114.3067  #790    len=64   01 80 80 80 80 04 00 00 00 00 00 00 00 00 00 00 00 00 00 00 00 00 00 00 00 01 00 00 00 00 00 00 00 00 00 80 00 00 00 80 00 00 00 00 00 2a 00 00 00 00 00 00 00 00 00 00 00 00 00 00 00 00 00 00
  114.8307  #791    len=64   01 80 80 80 80 0f 00 00 00 00 00 00 00 00 00 00 00 00 00 00 00 00 00 00 00 01 00 00 00 00 00 00 00 00 00 80 00 00 00 80 00 00 00 00 00 2a 00 00 00 00 00 00 00 00 00 00 00 00 00 00 00 00 00 00
  114.8589  #792    len=64   01 80 80 80 80 00 00 00 00 00 00 00 00 00 00 00 00 00 00 00 00 00 00 00 00 01 00 00 00 00 00 00 00 00 00 80 00 00 00 80 00 00 00 00 00 2a 00 00 00 00 00 00 00 00 00 00 00 00 00 00 00 00 00 00
  114.8949  #793    len=64   01 80 80 80 80 00 00 00 00 00 00 00 00 00 00 00 00 00 00 00 00 00 00 00 00 01 00 00 00 00 00 00 00 00 00 80 00 00 00 80 00 00 00 00 00 33 00 00 00 00 00 00 00 00 00 00 00 00 00 00 00 00 00 00
  115.0947  #794    len=64   01 80 80 80 80 00 00 00 00 00 00 00 00 00 00 00 00 00 00 00 00 00 00 00 00 01 00 00 00 00 00 00 00 00 00 80 00 00 00 80 00 00 00 00 00 2a 00 00 00 00 00 00 00 00 00 00 00 00 00 00 00 00 00 00
  115.3387  #795    len=64   01 80 80 80 80 0f 00 00 00 00 00 00 00 00 00 00 00 00 00 00 00 00 00 00 00 01 00 00 00 00 00 00 00 00 00 80 00 00 00 80 00 00 00 00 00 2a 00 00 00 00 00 00 00 00 00 00 00 00 00 00 00 00 00 00
  115.3668  #796    len=64   01 80 80 80 80 04 00 00 00 00 00 00 00 00 00 00 00 00 00 00 00 00 00 00 00 01 00 00 00 00 00 00 00 00 00 80 00 00 00 80 00 00 00 00 00 2a 00 00 00 00 00 00 00 00 00 00 00 00 00 00 00 00 00 00
  115.6947  #797    len=64   01 80 80 80 80 04 00 00 00 00 00 00 00 00 00 00 00 00 00 00 00 00 00 00 00 01 00 00 00 00 00 00 00 00 00 80 00 00 00 80 00 00 00 00 00 33 00 00 00 00 00 00 00 00 00 00 00 00 00 00 00 00 00 00
  115.7947  #798    len=64   01 80 80 80 80 0f 00 00 00 00 00 00 00 00 00 00 00 00 00 00 00 00 00 00 00 01 00 00 00 00 00 00 00 00 00 80 00 00 00 80 00 00 00 00 00 33 00 00 00 00 00 00 00 00 00 00 00 00 00 00 00 00 00 00
  116.0627  #799    len=64   01 80 80 80 80 2f 00 00 00 00 00 00 00 00 00 00 00 00 00 00 00 00 00 00 00 01 00 00 00 00 00 00 00 00 00 80 00 00 00 80 00 00 00 00 00 33 01 00 00 00 00 00 00 00 00 00 00 00 00 00 00 00 00 00
  116.3227  #800    len=64   01 80 80 80 80 6f 00 00 00 00 00 00 00 00 00 00 00 00 00 00 00 00 00 00 00 01 00 00 00 00 00 00 00 00 00 80 00 00 00 80 00 00 00 00 00 33 03 00 00 00 00 00 00 00 00 00 00 00 00 00 00 00 00 00
  116.4667  #801    len=64   01 80 80 80 80 ef 00 00 00 00 00 00 00 00 00 00 00 00 00 00 00 00 00 00 00 01 00 00 00 00 00 00 00 00 00 80 00 00 00 80 00 00 00 00 00 33 07 00 00 00 00 00 00 00 00 00 00 00 00 00 00 00 00 00
  116.5467  #802    len=64   01 80 80 80 80 ff 00 00 00 00 00 00 00 00 00 00 00 00 00 00 00 00 00 00 00 01 00 00 00 00 00 00 00 00 00 80 00 00 00 80 00 00 00 00 00 33 0f 00 00 00 00 00 00 00 00 00 00 00 00 00 00 00 00 00
  116.6987  #803    len=64   01 80 80 80 80 df 00 00 00 00 00 00 00 00 00 00 00 00 00 00 00 00 00 00 00 01 00 00 00 00 00 00 00 00 00 80 00 00 00 80 00 00 00 00 00 33 0e 00 00 00 00 00 00 00 00 00 00 00 00 00 00 00 00 00
  116.7148  #804    len=64   01 80 80 80 80 9f 00 00 00 00 00 00 00 00 00 00 00 00 00 00 00 00 00 00 00 01 00 00 00 00 00 00 00 00 00 80 00 00 00 80 00 00 00 00 00 33 0c 00 00 00 00 00 00 00 00 00 00 00 00 00 00 00 00 00
  116.7468  #805    len=64   01 80 80 80 80 1f 00 00 00 00 00 00 00 00 00 00 00 00 00 00 00 00 00 00 00 01 00 00 00 00 00 00 00 00 00 80 00 00 00 80 00 00 00 00 00 33 08 00 00 00 00 00 00 00 00 00 00 00 00 00 00 00 00 00
  116.9267  #806    len=64   01 80 80 80 80 0f 00 00 00 00 00 00 00 00 00 00 00 00 00 00 00 00 00 00 00 01 00 00 00 00 00 00 00 00 00 80 00 00 00 80 00 00 00 00 00 33 00 00 00 00 00 00 00 00 00 00 00 00 00 00 00 00 00 00
  117.0947  #807    len=64   01 80 80 80 80 0f 00 00 00 00 00 00 00 00 00 00 00 00 00 00 00 00 00 00 00 01 00 00 00 00 00 00 00 00 00 80 00 00 00 80 00 00 00 00 00 2a 00 00 00 00 00 00 00 00 00 00 00 00 00 00 00 00 00 00
  117.1108  #808    len=64   01 80 80 80 80 00 00 00 00 00 00 00 00 00 00 00 00 00 00 00 00 00 00 00 00 01 00 00 00 00 00 00 00 00 00 80 00 00 00 80 00 00 00 00 00 2a 00 00 00 00 00 00 00 00 00 00 00 00 00 00 00 00 00 00
  117.9228  #809    len=64   01 80 80 80 80 0f 00 00 00 00 00 00 00 00 00 00 00 00 00 00 00 00 00 00 00 01 00 00 00 00 00 00 00 00 00 80 00 00 00 80 00 00 00 00 00 2a 00 00 00 00 00 00 00 00 00 00 00 00 00 00 00 00 00 00
  118.0787  #810    len=64   01 80 80 80 80 00 00 00 00 00 00 00 00 00 00 00 00 00 00 00 00 00 00 00 00 01 00 00 00 00 00 00 00 00 00 80 00 00 00 80 00 00 00 00 00 2a 00 00 00 00 00 00 00 00 00 00 00 00 00 00 00 00 00 00
  118.2947  #811    len=64   01 80 80 80 80 0f 00 00 00 00 00 00 00 00 00 00 00 00 00 00 00 00 00 00 00 01 00 00 00 00 00 00 00 00 00 80 00 00 00 80 00 00 00 00 00 2a 00 00 00 00 00 00 00 00 00 00 00 00 00 00 00 00 00 00
  118.4267  #812    len=64   01 80 80 80 80 00 00 00 00 00 00 00 00 00 00 00 00 00 00 00 00 00 00 00 00 01 00 00 00 00 00 00 00 00 00 80 00 00 00 80 00 00 00 00 00 2a 00 00 00 00 00 00 00 00 00 00 00 00 00 00 00 00 00 00
  118.6227  #813    len=64   01 80 80 80 80 0f 00 00 00 00 00 00 00 00 00 00 00 00 00 00 00 00 00 00 00 01 00 00 00 00 00 00 00 00 00 80 00 00 00 80 00 00 00 00 00 2a 00 00 00 00 00 00 00 00 00 00 00 00 00 00 00 00 00 00
  118.8987  #814    len=64   01 80 80 80 80 00 00 00 00 00 00 00 00 00 00 00 00 00 00 00 00 00 00 00 00 01 00 00 00 00 00 00 00 00 00 80 00 00 00 80 00 00 00 00 00 2a 00 00 00 00 00 00 00 00 00 00 00 00 00 00 00 00 00 00
  119.1907  #815    len=64   01 80 80 80 80 0f 00 00 00 00 00 00 00 00 00 00 00 00 00 00 00 00 00 00 00 01 00 00 00 00 00 00 00 00 00 80 00 00 00 80 00 00 00 00 00 2a 00 00 00 00 00 00 00 00 00 00 00 00 00 00 00 00 00 00
  119.3387  #816    len=64   01 80 80 80 80 00 00 00 00 00 00 00 00 00 00 00 00 00 00 00 00 00 00 00 00 01 00 00 00 00 00 00 00 00 00 80 00 00 00 80 00 00 00 00 00 2a 00 00 00 00 00 00 00 00 00 00 00 00 00 00 00 00 00 00
  119.4827  #817    len=64   01 80 80 80 80 0f 00 00 00 00 00 00 00 00 00 00 00 00 00 00 00 00 00 00 00 01 00 00 00 00 00 00 00 00 00 80 00 00 00 80 00 00 00 00 00 2a 00 00 00 00 00 00 00 00 00 00 00 00 00 00 00 00 00 00
  119.6107  #818    len=64   01 80 80 80 80 00 00 00 00 00 00 00 00 00 00 00 00 00 00 00 00 00 00 00 00 01 00 00 00 00 00 00 00 00 00 80 00 00 00 80 00 00 00 00 00 2a 00 00 00 00 00 00 00 00 00 00 00 00 00 00 00 00 00 00
  119.7387  #819    len=64   01 80 80 80 80 0f 00 00 00 00 00 00 00 00 00 00 00 00 00 00 00 00 00 00 00 01 00 00 00 00 00 00 00 00 00 80 00 00 00 80 00 00 00 00 00 2a 00 00 00 00 00 00 00 00 00 00 00 00 00 00 00 00 00 00
  119.8587  #820    len=64   01 80 80 80 80 00 00 00 00 00 00 00 00 00 00 00 00 00 00 00 00 00 00 00 00 01 00 00 00 00 00 00 00 00 00 80 00 00 00 80 00 00 00 00 00 2a 00 00 00 00 00 00 00 00 00 00 00 00 00 00 00 00 00 00
  119.9907  #821    len=64   01 80 80 80 80 0f 00 00 00 00 00 00 00 00 00 00 00 00 00 00 00 00 00 00 00 01 00 00 00 00 00 00 00 00 00 80 00 00 00 80 00 00 00 00 00 2a 00 00 00 00 00 00 00 00 00 00 00 00 00 00 00 00 00 00
  120.0867  #822    len=64   01 80 80 80 80 00 00 00 00 00 00 00 00 00 00 00 00 00 00 00 00 00 00 00 00 01 00 00 00 00 00 00 00 00 00 80 00 00 00 80 00 00 00 00 00 2a 00 00 00 00 00 00 00 00 00 00 00 00 00 00 00 00 00 00
  120.3267  #823    len=64   01 80 80 80 80 0f 00 00 00 00 00 00 00 00 00 00 00 00 00 00 00 00 00 00 00 01 00 00 00 00 00 00 00 00 00 80 00 00 00 80 00 00 00 00 00 2a 00 00 00 00 00 00 00 00 00 00 00 00 00 00 00 00 00 00
  120.3987  #824    len=64   01 80 80 80 80 04 00 00 00 00 00 00 00 00 00 00 00 00 00 00 00 00 00 00 00 01 00 00 00 00 00 00 00 00 00 80 00 00 00 80 00 00 00 00 00 2a 00 00 00 00 00 00 00 00 00 00 00 00 00 00 00 00 00 00
  121.2587  #825    len=64   01 80 80 80 80 0f 00 00 00 00 00 00 00 00 00 00 00 00 00 00 00 00 00 00 00 01 00 00 00 00 00 00 00 00 00 80 00 00 00 80 00 00 00 00 00 2a 00 00 00 00 00 00 00 00 00 00 00 00 00 00 00 00 00 00
  121.3867  #826    len=64   01 80 80 80 80 00 00 00 00 00 00 00 00 00 00 00 00 00 00 00 00 00 00 00 00 01 00 00 00 00 00 00 00 00 00 80 00 00 00 80 00 00 00 00 00 2a 00 00 00 00 00 00 00 00 00 00 00 00 00 00 00 00 00 00
  121.5827  #827    len=64   01 80 80 80 80 0f 00 00 00 00 00 00 00 00 00 00 00 00 00 00 00 00 00 00 00 01 00 00 00 00 00 00 00 00 00 80 00 00 00 80 00 00 00 00 00 2a 00 00 00 00 00 00 00 00 00 00 00 00 00 00 00 00 00 00
  121.8707  #828    len=64   01 80 80 80 80 04 00 00 00 00 00 00 00 00 00 00 00 00 00 00 00 00 00 00 00 01 00 00 00 00 00 00 00 00 00 80 00 00 00 80 00 00 00 00 00 2a 00 00 00 00 00 00 00 00 00 00 00 00 00 00 00 00 00 00
  122.3067  #829    len=64   01 80 80 80 80 0f 00 00 00 00 00 00 00 00 00 00 00 00 00 00 00 00 00 00 00 01 00 00 00 00 00 00 00 00 00 80 00 00 00 80 00 00 00 00 00 2a 00 00 00 00 00 00 00 00 00 00 00 00 00 00 00 00 00 00
  122.7467  #830    len=64   01 80 80 80 80 04 00 00 00 00 00 00 00 00 00 00 00 00 00 00 00 00 00 00 00 01 00 00 00 00 00 00 00 00 00 80 00 00 00 80 00 00 00 00 00 2a 00 00 00 00 00 00 00 00 00 00 00 00 00 00 00 00 00 00
  122.8787  #831    len=64   01 80 80 80 80 0f 00 00 00 00 00 00 00 00 00 00 00 00 00 00 00 00 00 00 00 01 00 00 00 00 00 00 00 00 00 80 00 00 00 80 00 00 00 00 00 2a 00 00 00 00 00 00 00 00 00 00 00 00 00 00 00 00 00 00
  122.9188  #832    len=64   01 80 80 80 80 00 00 00 00 00 00 00 00 00 00 00 00 00 00 00 00 00 00 00 00 01 00 00 00 00 00 00 00 00 00 80 00 00 00 80 00 00 00 00 00 2a 00 00 00 00 00 00 00 00 00 00 00 00 00 00 00 00 00 00
  123.0187  #833    len=64   01 80 80 80 80 0f 00 00 00 00 00 00 00 00 00 00 00 00 00 00 00 00 00 00 00 01 00 00 00 00 00 00 00 00 00 80 00 00 00 80 00 00 00 00 00 2a 00 00 00 00 00 00 00 00 00 00 00 00 00 00 00 00 00 00
  123.0626  #834    len=64   01 80 80 80 80 04 00 00 00 00 00 00 00 00 00 00 00 00 00 00 00 00 00 00 00 01 00 00 00 00 00 00 00 00 00 80 00 00 00 80 00 00 00 00 00 2a 00 00 00 00 00 00 00 00 00 00 00 00 00 00 00 00 00 00
  123.1627  #835    len=64   01 80 80 80 80 0f 00 00 00 00 00 00 00 00 00 00 00 00 00 00 00 00 00 00 00 01 00 00 00 00 00 00 00 00 00 80 00 00 00 80 00 00 00 00 00 2a 00 00 00 00 00 00 00 00 00 00 00 00 00 00 00 00 00 00
  123.2067  #836    len=64   01 80 80 80 80 00 00 00 00 00 00 00 00 00 00 00 00 00 00 00 00 00 00 00 00 01 00 00 00 00 00 00 00 00 00 80 00 00 00 80 00 00 00 00 00 2a 00 00 00 00 00 00 00 00 00 00 00 00 00 00 00 00 00 00
  123.3027  #837    len=64   01 80 80 80 80 0f 00 00 00 00 00 00 00 00 00 00 00 00 00 00 00 00 00 00 00 01 00 00 00 00 00 00 00 00 00 80 00 00 00 80 00 00 00 00 00 2a 00 00 00 00 00 00 00 00 00 00 00 00 00 00 00 00 00 00
  123.3428  #838    len=64   01 80 80 80 80 04 00 00 00 00 00 00 00 00 00 00 00 00 00 00 00 00 00 00 00 01 00 00 00 00 00 00 00 00 00 80 00 00 00 80 00 00 00 00 00 2a 00 00 00 00 00 00 00 00 00 00 00 00 00 00 00 00 00 00
  124.0707  #839    len=64   01 80 80 80 80 0f 00 00 00 00 00 00 00 00 00 00 00 00 00 00 00 00 00 00 00 01 00 00 00 00 00 00 00 00 00 80 00 00 00 80 00 00 00 00 00 2a 00 00 00 00 00 00 00 00 00 00 00 00 00 00 00 00 00 00
  124.1387  #840    len=64   01 80 80 80 80 00 00 00 00 00 00 00 00 00 00 00 00 00 00 00 00 00 00 00 00 01 00 00 00 00 00 00 00 00 00 80 00 00 00 80 00 00 00 00 00 2a 00 00 00 00 00 00 00 00 00 00 00 00 00 00 00 00 00 00
  124.5947  #841    len=64   01 80 80 80 80 0f 00 00 00 00 00 00 00 00 00 00 00 00 00 00 00 00 00 00 00 01 00 00 00 00 00 00 00 00 00 80 00 00 00 80 00 00 00 00 00 2a 00 00 00 00 00 00 00 00 00 00 00 00 00 00 00 00 00 00
  124.7907  #842    len=64   01 80 80 80 80 2f 00 00 00 00 00 00 00 00 00 00 00 00 00 00 00 00 00 00 00 01 00 00 00 00 00 00 00 00 00 80 00 00 00 80 00 00 00 00 00 2a 01 00 00 00 00 00 00 00 00 00 00 00 00 00 00 00 00 00
  125.3547  #843    len=64   01 80 80 80 80 20 00 00 00 00 00 00 00 00 00 00 00 00 00 00 00 00 00 00 00 01 00 00 00 00 00 00 00 00 00 80 00 00 00 80 00 00 00 00 00 2a 01 00 00 00 00 00 00 00 00 00 00 00 00 00 00 00 00 00
  125.9787  #844    len=64   01 80 80 80 80 2f 00 00 00 00 00 00 00 00 00 00 00 00 00 00 00 00 00 00 00 01 00 00 00 00 00 00 00 00 00 80 00 00 00 80 00 00 00 00 00 2a 01 00 00 00 00 00 00 00 00 00 00 00 00 00 00 00 00 00
  126.3507  #845    len=64   01 80 80 80 80 20 00 00 00 00 00 00 00 00 00 00 00 00 00 00 00 00 00 00 00 01 00 00 00 00 00 00 00 00 00 80 00 00 00 80 00 00 00 00 00 2a 01 00 00 00 00 00 00 00 00 00 00 00 00 00 00 00 00 00
  126.8747  #846    len=64   01 80 80 80 80 2f 00 00 00 00 00 00 00 00 00 00 00 00 00 00 00 00 00 00 00 01 00 00 00 00 00 00 00 00 00 80 00 00 00 80 00 00 00 00 00 2a 01 00 00 00 00 00 00 00 00 00 00 00 00 00 00 00 00 00
  126.9347  #847    len=64   01 80 80 80 80 0f 00 00 00 00 00 00 00 00 00 00 00 00 00 00 00 00 00 00 00 01 00 00 00 00 00 00 00 00 00 80 00 00 00 80 00 00 00 00 00 2a 00 00 00 00 00 00 00 00 00 00 00 00 00 00 00 00 00 00
  127.3347  #848    len=64   01 80 80 80 80 2f 00 00 00 00 00 00 00 00 00 00 00 00 00 00 00 00 00 00 00 01 00 00 00 00 00 00 00 00 00 80 00 00 00 80 00 00 00 00 00 2a 01 00 00 00 00 00 00 00 00 00 00 00 00 00 00 00 00 00
  127.3748  #849    len=64   01 80 80 80 80 20 00 00 00 00 00 00 00 00 00 00 00 00 00 00 00 00 00 00 00 01 00 00 00 00 00 00 00 00 00 80 00 00 00 80 00 00 00 00 00 2a 01 00 00 00 00 00 00 00 00 00 00 00 00 00 00 00 00 00
  127.8747  #850    len=64   01 80 80 80 80 2f 00 00 00 00 00 00 00 00 00 00 00 00 00 00 00 00 00 00 00 01 00 00 00 00 00 00 00 00 00 80 00 00 00 80 00 00 00 00 00 2a 01 00 00 00 00 00 00 00 00 00 00 00 00 00 00 00 00 00
  127.8947  #851    len=64   01 80 80 80 80 0f 00 00 00 00 00 00 00 00 00 00 00 00 00 00 00 00 00 00 00 01 00 00 00 00 00 00 00 00 00 80 00 00 00 80 00 00 00 00 00 2a 00 00 00 00 00 00 00 00 00 00 00 00 00 00 00 00 00 00
  128.3627  #852    len=64   01 80 80 80 80 04 00 00 00 00 00 00 00 00 00 00 00 00 00 00 00 00 00 00 00 01 00 00 00 00 00 00 00 00 00 80 00 00 00 80 00 00 00 00 00 2a 00 00 00 00 00 00 00 00 00 00 00 00 00 00 00 00 00 00
  128.7627  #853    len=64   01 80 80 80 80 0f 00 00 00 00 00 00 00 00 00 00 00 00 00 00 00 00 00 00 00 01 00 00 00 00 00 00 00 00 00 80 00 00 00 80 00 00 00 00 00 2a 00 00 00 00 00 00 00 00 00 00 00 00 00 00 00 00 00 00
  128.7987  #854    len=64   01 80 80 80 80 00 00 00 00 00 00 00 00 00 00 00 00 00 00 00 00 00 00 00 00 01 00 00 00 00 00 00 00 00 00 80 00 00 00 80 00 00 00 00 00 2a 00 00 00 00 00 00 00 00 00 00 00 00 00 00 00 00 00 00
  129.2827  #855    len=64   01 80 80 80 80 0f 00 00 00 00 00 00 00 00 00 00 00 00 00 00 00 00 00 00 00 01 00 00 00 00 00 00 00 00 00 80 00 00 00 80 00 00 00 00 00 2a 00 00 00 00 00 00 00 00 00 00 00 00 00 00 00 00 00 00
  129.6188  #856    len=64   01 80 80 80 80 2f 00 00 00 00 00 00 00 00 00 00 00 00 00 00 00 00 00 00 00 01 00 00 00 00 00 00 00 00 00 80 00 00 00 80 00 00 00 00 00 2a 01 00 00 00 00 00 00 00 00 00 00 00 00 00 00 00 00 00
  129.9148  #857    len=64   01 80 80 80 80 6f 00 00 00 00 00 00 00 00 00 00 00 00 00 00 00 00 00 00 00 01 00 00 00 00 00 00 00 00 00 80 00 00 00 80 00 00 00 00 00 2a 03 00 00 00 00 00 00 00 00 00 00 00 00 00 00 00 00 00
  130.0787  #858    len=64   01 80 80 80 80 ef 00 00 00 00 00 00 00 00 00 00 00 00 00 00 00 00 00 00 00 01 00 00 00 00 00 00 00 00 00 80 00 00 00 80 00 00 00 00 00 2a 07 00 00 00 00 00 00 00 00 00 00 00 00 00 00 00 00 00
  130.2987  #859    len=64   01 80 80 80 80 ff 00 00 00 00 00 00 00 00 00 00 00 00 00 00 00 00 00 00 00 01 00 00 00 00 00 00 00 00 00 80 00 00 00 80 00 00 00 00 00 2a 0f 00 00 00 00 00 00 00 00 00 00 00 00 00 00 00 00 00
  130.5187  #860    len=64   01 80 80 80 80 bf 00 00 00 00 00 00 00 00 00 00 00 00 00 00 00 00 00 00 00 01 00 00 00 00 00 00 00 00 00 80 00 00 00 80 00 00 00 00 00 2a 0d 00 00 00 00 00 00 00 00 00 00 00 00 00 00 00 00 00
  130.5508  #861    len=64   01 80 80 80 80 9f 00 00 00 00 00 00 00 00 00 00 00 00 00 00 00 00 00 00 00 01 00 00 00 00 00 00 00 00 00 80 00 00 00 80 00 00 00 00 00 2a 0c 00 00 00 00 00 00 00 00 00 00 00 00 00 00 00 00 00
  130.5947  #862    len=64   01 80 80 80 80 1f 00 00 00 00 00 00 00 00 00 00 00 00 00 00 00 00 00 00 00 01 00 00 00 00 00 00 00 00 00 80 00 00 00 80 00 00 00 00 00 2a 08 00 00 00 00 00 00 00 00 00 00 00 00 00 00 00 00 00
  130.8947  #863    len=64   01 80 80 80 80 1f 00 00 00 00 00 00 00 00 00 00 00 00 00 00 00 00 00 00 00 01 00 00 00 00 00 00 00 00 00 80 00 00 00 80 00 00 00 00 00 33 08 00 00 00 00 00 00 00 00 00 00 00 00 00 00 00 00 00
  131.1027  #864    len=64   01 80 80 80 80 0f 00 00 00 00 00 00 00 00 00 00 00 00 00 00 00 00 00 00 00 01 00 00 00 00 00 00 00 00 00 80 00 00 00 80 00 00 00 00 00 33 00 00 00 00 00 00 00 00 00 00 00 00 00 00 00 00 00 00
  131.2547  #865    len=64   01 80 80 80 80 0f 01 00 00 00 00 00 00 00 00 00 00 00 00 00 00 00 00 00 00 01 00 00 00 00 00 00 00 00 00 80 00 00 00 80 00 00 00 00 00 33 10 00 00 00 00 00 00 00 00 00 00 00 00 00 00 00 00 00
  131.6587  #866    len=64   01 80 80 80 80 0f 00 00 00 00 00 00 00 00 00 00 00 00 00 00 00 00 00 00 00 01 00 00 00 00 00 00 00 00 00 80 00 00 00 80 00 00 00 00 00 33 00 00 00 00 00 00 00 00 00 00 00 00 00 00 00 00 00 00
  131.8467  #867    len=64   01 80 80 80 80 0f 01 00 00 00 00 00 00 00 00 00 00 00 00 00 00 00 00 00 00 01 00 00 00 00 00 00 00 00 00 80 00 00 00 80 00 00 00 00 00 33 10 00 00 00 00 00 00 00 00 00 00 00 00 00 00 00 00 00
  132.0267  #868    len=64   01 80 80 80 80 0f 00 00 00 00 00 00 00 00 00 00 00 00 00 00 00 00 00 00 00 01 00 00 00 00 00 00 00 00 00 80 00 00 00 80 00 00 00 00 00 33 00 00 00 00 00 00 00 00 00 00 00 00 00 00 00 00 00 00
  132.1867  #869    len=64   01 80 80 80 80 2f 00 00 00 00 00 00 00 00 00 00 00 00 00 00 00 00 00 00 00 01 00 00 00 00 00 00 00 00 00 80 00 00 00 80 00 00 00 00 00 33 01 00 00 00 00 00 00 00 00 00 00 00 00 00 00 00 00 00
  132.2947  #870    len=64   01 80 80 80 80 2f 00 00 00 00 00 00 00 00 00 00 00 00 00 00 00 00 00 00 00 01 00 00 00 00 00 00 00 00 00 80 00 00 00 80 00 00 00 00 00 2a 01 00 00 00 00 00 00 00 00 00 00 00 00 00 00 00 00 00
  132.4187  #871    len=64   01 80 80 80 80 6f 00 00 00 00 00 00 00 00 00 00 00 00 00 00 00 00 00 00 00 01 00 00 00 00 00 00 00 00 00 80 00 00 00 80 00 00 00 00 00 2a 03 00 00 00 00 00 00 00 00 00 00 00 00 00 00 00 00 00
  132.7547  #872    len=64   01 80 80 80 80 ef 00 00 00 00 00 00 00 00 00 00 00 00 00 00 00 00 00 00 00 01 00 00 00 00 00 00 00 00 00 80 00 00 00 80 00 00 00 00 00 2a 07 00 00 00 00 00 00 00 00 00 00 00 00 00 00 00 00 00
  132.7947  #873    len=64   01 80 80 80 80 6f 00 00 00 00 00 00 00 00 00 00 00 00 00 00 00 00 00 00 00 01 00 00 00 00 00 00 00 00 00 80 00 00 00 80 00 00 00 00 00 2a 03 00 00 00 00 00 00 00 00 00 00 00 00 00 00 00 00 00
  132.8467  #874    len=64   01 80 80 80 80 2f 00 00 00 00 00 00 00 00 00 00 00 00 00 00 00 00 00 00 00 01 00 00 00 00 00 00 00 00 00 80 00 00 00 80 00 00 00 00 00 2a 01 00 00 00 00 00 00 00 00 00 00 00 00 00 00 00 00 00
  132.8628  #875    len=64   01 80 80 80 80 0f 00 00 00 00 00 00 00 00 00 00 00 00 00 00 00 00 00 00 00 01 00 00 00 00 00 00 00 00 00 80 00 00 00 80 00 00 00 00 00 2a 00 00 00 00 00 00 00 00 00 00 00 00 00 00 00 00 00 00
  133.1707  #876    len=64   01 80 80 80 80 2f 00 00 00 00 00 00 00 00 00 00 00 00 00 00 00 00 00 00 00 01 00 00 00 00 00 00 00 00 00 80 00 00 00 80 00 00 00 00 00 2a 01 00 00 00 00 00 00 00 00 00 00 00 00 00 00 00 00 00
  133.5707  #877    len=64   01 80 80 80 80 0f 00 00 00 00 00 00 00 00 00 00 00 00 00 00 00 00 00 00 00 01 00 00 00 00 00 00 00 00 00 80 00 00 00 80 00 00 00 00 00 2a 00 00 00 00 00 00 00 00 00 00 00 00 00 00 00 00 00 00
  133.7787  #878    len=64   01 80 80 80 80 4f 00 00 00 00 00 00 00 00 00 00 00 00 00 00 00 00 00 00 00 01 00 00 00 00 00 00 00 00 00 80 00 00 00 80 00 00 00 00 00 2a 02 00 00 00 00 00 00 00 00 00 00 00 00 00 00 00 00 00
  133.7827  #879    len=64   01 80 80 80 80 6f 00 00 00 00 00 00 00 00 00 00 00 00 00 00 00 00 00 00 00 01 00 00 00 00 00 00 00 00 00 80 00 00 00 80 00 00 00 00 00 2a 03 00 00 00 00 00 00 00 00 00 00 00 00 00 00 00 00 00
  133.8228  #880    len=64   01 80 80 80 80 4f 00 00 00 00 00 00 00 00 00 00 00 00 00 00 00 00 00 00 00 01 00 00 00 00 00 00 00 00 00 80 00 00 00 80 00 00 00 00 00 2a 02 00 00 00 00 00 00 00 00 00 00 00 00 00 00 00 00 00
  134.3547  #881    len=64   01 80 80 80 80 0f 00 00 00 00 00 00 00 00 00 00 00 00 00 00 00 00 00 00 00 01 00 00 00 00 00 00 00 00 00 80 00 00 00 80 00 00 00 00 00 2a 00 00 00 00 00 00 00 00 00 00 00 00 00 00 00 00 00 00
  134.5627  #882    len=64   01 80 80 80 80 8f 00 00 00 00 00 00 00 00 00 00 00 00 00 00 00 00 00 00 00 01 00 00 00 00 00 00 00 00 00 80 00 00 00 80 00 00 00 00 00 2a 04 00 00 00 00 00 00 00 00 00 00 00 00 00 00 00 00 00
  135.1027  #883    len=64   01 80 80 80 80 0f 00 00 00 00 00 00 00 00 00 00 00 00 00 00 00 00 00 00 00 01 00 00 00 00 00 00 00 00 00 80 00 00 00 80 00 00 00 00 00 2a 00 00 00 00 00 00 00 00 00 00 00 00 00 00 00 00 00 00
  135.2627  #884    len=64   01 80 80 80 80 1f 00 00 00 00 00 00 00 00 00 00 00 00 00 00 00 00 00 00 00 01 00 00 00 00 00 00 00 00 00 80 00 00 00 80 00 00 00 00 00 2a 08 00 00 00 00 00 00 00 00 00 00 00 00 00 00 00 00 00
  135.2948  #885    len=64   01 80 80 80 80 1f 00 00 00 00 00 00 00 00 00 00 00 00 00 00 00 00 00 00 00 01 00 00 00 00 00 00 00 00 00 80 00 00 00 80 00 00 00 00 00 33 08 00 00 00 00 00 00 00 00 00 00 00 00 00 00 00 00 00
  136.6947  #886    len=64   01 80 80 80 80 1f 00 00 00 00 00 00 00 00 00 00 00 00 00 00 00 00 00 00 00 01 00 00 00 00 00 00 00 00 00 80 00 00 00 80 00 00 00 00 00 2a 08 00 00 00 00 00 00 00 00 00 00 00 00 00 00 00 00 00
  137.5147  #887    len=64   01 80 80 80 80 0f 00 00 00 00 00 00 00 00 00 00 00 00 00 00 00 00 00 00 00 01 00 00 00 00 00 00 00 00 00 80 00 00 00 80 00 00 00 00 00 2a 00 00 00 00 00 00 00 00 00 00 00 00 00 00 00 00 00 00
  141.6947  #888    len=64   01 80 80 80 80 0f 00 00 00 00 00 00 00 00 00 00 00 00 00 00 00 00 00 00 00 01 00 00 00 00 00 00 00 00 00 80 00 00 00 80 00 00 00 00 00 22 00 00 00 00 00 00 00 00 00 00 00 00 00 00 00 00 00 00
  141.8987  #889    len=64   01 80 80 80 80 00 00 00 00 00 00 00 00 00 00 00 00 00 00 00 00 00 00 00 00 01 00 00 00 00 00 00 00 00 00 80 00 00 00 80 00 00 00 00 00 22 00 00 00 00 00 00 00 00 00 00 00 00 00 00 00 00 00 00
  142.0947  #890    len=64   01 80 80 80 80 00 00 00 00 00 00 00 00 00 00 00 00 00 00 00 00 00 00 00 00 01 00 00 00 00 00 00 00 00 00 80 00 00 00 80 00 00 00 00 00 2a 00 00 00 00 00 00 00 00 00 00 00 00 00 00 00 00 00 00
  142.5027  #891    len=64   01 80 80 80 80 0f 00 00 00 00 00 00 00 00 00 00 00 00 00 00 00 00 00 00 00 01 00 00 00 00 00 00 00 00 00 80 00 00 00 80 00 00 00 00 00 2a 00 00 00 00 00 00 00 00 00 00 00 00 00 00 00 00 00 00
  142.7507  #892    len=64   01 80 80 80 80 04 00 00 00 00 00 00 00 00 00 00 00 00 00 00 00 00 00 00 00 01 00 00 00 00 00 00 00 00 00 80 00 00 00 80 00 00 00 00 00 2a 00 00 00 00 00 00 00 00 00 00 00 00 00 00 00 00 00 00
  142.8947  #893    len=64   01 80 80 80 80 04 00 00 00 00 00 00 00 00 00 00 00 00 00 00 00 00 00 00 00 01 00 00 00 00 00 00 00 00 00 80 00 00 00 80 00 00 00 00 00 37 00 00 00 00 00 00 00 00 00 00 00 00 00 00 00 00 00 00
  143.2947  #894    len=64   01 80 80 80 80 04 00 00 00 00 00 00 00 00 00 00 00 00 00 00 00 00 00 00 00 01 00 00 00 00 00 00 00 00 00 80 00 00 00 80 00 00 00 00 00 2e 00 00 00 00 00 00 00 00 00 00 00 00 00 00 00 00 00 00
  144.2787  #895    len=64   01 80 80 80 80 0f 00 00 00 00 00 00 00 00 00 00 00 00 00 00 00 00 00 00 00 01 00 00 00 00 00 00 00 00 00 80 00 00 00 80 00 00 00 00 00 2e 00 00 00 00 00 00 00 00 00 00 00 00 00 00 00 00 00 00
  144.6467  #896    len=64   01 80 80 80 80 04 00 00 00 00 00 00 00 00 00 00 00 00 00 00 00 00 00 00 00 01 00 00 00 00 00 00 00 00 00 80 00 00 00 80 00 00 00 00 00 2e 00 00 00 00 00 00 00 00 00 00 00 00 00 00 00 00 00 00
  144.9987  #897    len=64   01 80 80 80 80 0f 00 00 00 00 00 00 00 00 00 00 00 00 00 00 00 00 00 00 00 01 00 00 00 00 00 00 00 00 00 80 00 00 00 80 00 00 00 00 00 2e 00 00 00 00 00 00 00 00 00 00 00 00 00 00 00 00 00 00
  145.0348  #898    len=64   01 80 80 80 80 00 00 00 00 00 00 00 00 00 00 00 00 00 00 00 00 00 00 00 00 01 00 00 00 00 00 00 00 00 00 80 00 00 00 80 00 00 00 00 00 2e 00 00 00 00 00 00 00 00 00 00 00 00 00 00 00 00 00 00
  146.0947  #899    len=64   01 80 80 80 80 00 00 00 00 00 00 00 00 00 00 00 00 00 00 00 00 00 00 00 00 01 00 00 00 00 00 00 00 00 00 80 00 00 00 80 00 00 00 00 00 26 00 00 00 00 00 00 00 00 00 00 00 00 00 00 00 00 00 00
  146.1707  #900    len=64   01 80 80 80 80 20 00 00 00 00 00 00 00 00 00 00 00 00 00 00 00 00 00 00 00 01 00 00 00 00 00 00 00 00 00 80 00 00 00 80 00 00 00 00 00 26 01 00 00 00 00 00 00 00 00 00 00 00 00 00 00 00 00 00
  146.2947  #901    len=64   01 80 80 80 80 20 00 00 00 00 00 00 00 00 00 00 00 00 00 00 00 00 00 00 00 01 00 00 00 00 00 00 00 00 00 80 00 00 00 80 00 00 00 00 00 33 01 00 00 00 00 00 00 00 00 00 00 00 00 00 00 00 00 00
  146.4947  #902    len=64   01 80 80 80 80 20 00 00 00 00 00 00 00 00 00 00 00 00 00 00 00 00 00 00 00 01 00 00 00 00 00 00 00 00 00 80 00 00 00 80 00 00 00 00 00 2a 01 00 00 00 00 00 00 00 00 00 00 00 00 00 00 00 00 00
  147.3307  #903    len=64   01 80 80 80 80 2f 00 00 00 00 00 00 00 00 00 00 00 00 00 00 00 00 00 00 00 01 00 00 00 00 00 00 00 00 00 80 00 00 00 80 00 00 00 00 00 2a 01 00 00 00 00 00 00 00 00 00 00 00 00 00 00 00 00 00
  147.3667  #904    len=64   01 80 80 80 80 0f 00 00 00 00 00 00 00 00 00 00 00 00 00 00 00 00 00 00 00 01 00 00 00 00 00 00 00 00 00 80 00 00 00 80 00 00 00 00 00 2a 00 00 00 00 00 00 00 00 00 00 00 00 00 00 00 00 00 00
  147.6947  #905    len=64   01 80 80 80 80 0f 00 00 00 00 00 00 00 00 00 00 00 00 00 00 00 00 00 00 00 01 00 00 00 00 00 00 00 00 00 80 00 00 00 80 00 00 00 00 00 33 00 00 00 00 00 00 00 00 00 00 00 00 00 00 00 00 00 00
  147.8947  #906    len=64   01 80 80 80 80 0f 00 00 00 00 00 00 00 00 00 00 00 00 00 00 00 00 00 00 00 01 00 00 00 00 00 00 00 00 00 80 00 00 00 80 00 00 00 00 00 4c 00 00 00 00 00 00 00 00 00 00 00 00 00 00 00 00 00 00
  148.0947  #907    len=64   01 80 80 80 80 0f 00 00 00 00 00 00 00 00 00 00 00 00 00 00 00 00 00 00 00 01 00 00 00 00 00 00 00 00 00 80 00 00 00 80 00 00 00 00 00 55 00 00 00 00 00 00 00 00 00 00 00 00 00 00 00 00 00 00
  148.6987  #908    len=64   01 80 80 80 80 0f 00 00 00 00 00 00 00 00 00 00 00 00 00 00 00 00 00 00 00 01 00 00 00 00 00 00 00 00 00 80 00 00 00 80 00 00 00 00 00 72 00 00 00 00 00 00 00 00 00 00 00 00 00 00 00 00 00 00
  148.8947  #909    len=64   01 80 80 80 80 0f 00 00 00 00 00 00 00 00 00 00 00 00 00 00 00 00 00 00 00 01 00 00 00 00 00 00 00 00 00 80 00 00 00 80 00 00 00 00 00 88 00 00 00 00 00 00 00 00 00 00 00 00 00 00 00 00 00 00
  149.0947  #910    len=64   01 80 80 80 80 0f 00 00 00 00 00 00 00 00 00 00 00 00 00 00 00 00 00 00 00 01 00 00 00 00 00 00 00 00 00 80 00 00 00 80 00 00 00 00 00 ae 00 00 00 00 00 00 00 00 00 00 00 00 00 00 00 00 00 00
  149.2947  #911    len=64   01 80 80 80 80 0f 00 00 00 00 00 00 00 00 00 00 00 00 00 00 00 00 00 00 00 01 00 00 00 00 00 00 00 00 00 80 00 00 00 80 00 00 00 00 00 bf 00 00 00 00 00 00 00 00 00 00 00 00 00 00 00 00 00 00
  149.4947  #912    len=64   01 80 80 80 80 0f 00 00 00 00 00 00 00 00 00 00 00 00 00 00 00 00 00 00 00 01 00 00 00 00 00 00 00 00 00 80 00 00 00 80 00 00 00 00 00 cc 00 00 00 00 00 00 00 00 00 00 00 00 00 00 00 00 00 00
  149.6947  #913    len=64   01 80 80 80 80 0f 00 00 00 00 00 00 00 00 00 00 00 00 00 00 00 00 00 00 00 01 00 00 00 00 00 00 00 00 00 80 00 00 00 80 00 00 00 00 00 d4 00 00 00 00 00 00 00 00 00 00 00 00 00 00 00 00 00 00
  150.0947  #914    len=64   01 80 80 80 80 0f 00 00 00 00 00 00 00 00 00 00 00 00 00 00 00 00 00 00 00 01 00 00 00 00 00 00 00 00 00 80 00 00 00 80 00 00 00 00 00 c7 00 00 00 00 00 00 00 00 00 00 00 00 00 00 00 00 00 00
  150.2947  #915    len=64   01 80 80 80 80 0f 00 00 00 00 00 00 00 00 00 00 00 00 00 00 00 00 00 00 00 01 00 00 00 00 00 00 00 00 00 80 00 00 00 80 00 00 00 00 00 94 00 00 00 00 00 00 00 00 00 00 00 00 00 00 00 00 00 00
  150.4947  #916    len=64   01 80 80 80 80 0f 00 00 00 00 00 00 00 00 00 00 00 00 00 00 00 00 00 00 00 01 00 00 00 00 00 00 00 00 00 80 00 00 00 80 00 00 00 00 00 77 00 00 00 00 00 00 00 00 00 00 00 00 00 00 00 00 00 00
  150.6947  #917    len=64   01 80 80 80 80 0f 00 00 00 00 00 00 00 00 00 00 00 00 00 00 00 00 00 00 00 01 00 00 00 00 00 00 00 00 00 80 00 00 00 80 00 00 00 00 00 50 00 00 00 00 00 00 00 00 00 00 00 00 00 00 00 00 00 00
  150.8947  #918    len=64   01 80 80 80 80 0f 00 00 00 00 00 00 00 00 00 00 00 00 00 00 00 00 00 00 00 01 00 00 00 00 00 00 00 00 00 80 00 00 00 80 00 00 00 00 00 1d 00 00 00 00 00 00 00 00 00 00 00 00 00 00 00 00 00 00
  151.0987  #919    len=64   01 80 80 80 80 0f 00 00 00 00 00 00 00 00 00 00 00 00 00 00 00 00 00 00 00 01 00 00 00 00 00 00 00 00 00 80 00 00 00 80 00 00 00 00 00 15 00 00 00 00 00 00 00 00 00 00 00 00 00 00 00 00 00 00
  151.2947  #920    len=64   01 80 80 80 80 0f 00 00 00 00 00 00 00 00 00 00 00 00 00 00 00 00 00 00 00 01 00 00 00 00 00 00 00 00 00 80 00 00 00 80 00 00 00 00 00 1d 00 00 00 00 00 00 00 00 00 00 00 00 00 00 00 00 00 00
  151.4947  #921    len=64   01 80 80 80 80 0f 00 00 00 00 00 00 00 00 00 00 00 00 00 00 00 00 00 00 00 01 00 00 00 00 00 00 00 00 00 80 00 00 00 80 00 00 00 00 00 15 00 00 00 00 00 00 00 00 00 00 00 00 00 00 00 00 00 00
  151.8947  #922    len=64   01 80 80 80 80 0f 00 00 00 00 00 00 00 00 00 00 00 00 00 00 00 00 00 00 00 01 00 00 00 00 00 00 00 00 00 80 00 00 00 80 00 00 00 00 00 08 00 00 00 00 00 00 00 00 00 00 00 00 00 00 00 00 00 00
  152.0947  #923    len=64   01 80 80 80 80 0f 00 00 00 00 00 00 00 00 00 00 00 00 00 00 00 00 00 00 00 01 00 00 00 00 00 00 00 00 00 80 00 00 00 80 00 00 00 00 00 15 00 00 00 00 00 00 00 00 00 00 00 00 00 00 00 00 00 00
  152.2987  #924    len=64   01 80 80 80 80 0f 00 00 00 00 00 00 00 00 00 00 00 00 00 00 00 00 00 00 00 01 00 00 00 00 00 00 00 00 00 80 00 00 00 80 00 00 00 00 00 08 00 00 00 00 00 00 00 00 00 00 00 00 00 00 00 00 00 00
  152.6947  #925    len=64   01 80 80 80 80 0f 00 00 00 00 00 00 00 00 00 00 00 00 00 00 00 00 00 00 00 01 00 00 00 00 00 00 00 00 00 80 00 00 00 80 00 00 00 00 00 11 00 00 00 00 00 00 00 00 00 00 00 00 00 00 00 00 00 00
  153.1067  #926    len=64   01 80 80 80 80 0f 00 00 00 00 00 00 00 00 00 00 00 00 00 00 00 00 00 00 00 01 00 00 00 00 00 00 00 00 00 80 00 00 00 80 00 00 00 00 02 11 00 00 00 00 00 00 00 00 00 00 00 00 00 00 00 00 00 00
  153.1107  #927    len=64   01 80 80 80 80 0f 00 00 00 00 00 00 00 00 00 00 00 00 00 00 00 00 00 00 00 01 00 00 00 00 00 00 00 00 00 80 00 00 00 80 00 00 00 00 06 11 00 00 00 00 00 00 00 00 00 00 00 00 00 00 00 00 00 00
  153.1187  #928    len=64   01 80 80 80 80 0f 00 00 00 00 00 00 00 00 00 00 00 00 00 00 00 00 00 00 00 01 00 00 00 00 00 00 00 00 00 80 00 00 00 80 00 00 00 00 0b 11 00 00 00 00 00 00 00 00 00 00 00 00 00 00 00 00 00 00
  153.1307  #929    len=64   01 80 80 80 80 0f 00 00 00 00 00 00 00 00 00 00 00 00 00 00 00 00 00 00 00 01 00 00 00 00 00 00 00 00 00 80 00 00 00 80 00 00 00 00 0d 11 00 00 00 00 00 00 00 00 00 00 00 00 00 00 00 00 00 00
  153.1347  #930    len=64   01 80 80 80 80 0f 00 00 00 00 00 00 00 00 00 00 00 00 00 00 00 00 00 00 00 01 00 00 00 00 00 00 00 00 00 80 00 00 00 80 00 00 00 00 0f 11 00 00 00 00 00 00 00 00 00 00 00 00 00 00 00 00 00 00
  153.1468  #931    len=64   01 80 80 80 80 0f 00 00 00 00 00 00 00 00 00 00 00 00 00 00 00 00 00 00 00 01 00 00 00 00 00 00 00 00 00 80 00 00 00 80 00 00 00 00 10 11 00 00 00 00 00 00 00 00 00 00 00 00 00 00 00 00 00 00
  153.1508  #932    len=64   01 80 80 80 80 0f 00 00 00 00 00 00 00 00 00 00 00 00 00 00 00 00 00 00 00 01 00 00 00 00 00 00 00 00 00 80 00 00 00 80 00 00 00 00 12 11 00 00 00 00 00 00 00 00 00 00 00 00 00 00 00 00 00 00
  153.1628  #933    len=64   01 80 80 80 80 0f 00 00 00 00 00 00 00 00 00 00 00 00 00 00 00 00 00 00 00 01 00 00 00 00 00 00 00 00 00 80 00 00 00 80 00 00 00 00 14 11 00 00 00 00 00 00 00 00 00 00 00 00 00 00 00 00 00 00
  153.1708  #934    len=64   01 80 80 80 80 0f 00 00 00 00 00 00 00 00 00 00 00 00 00 00 00 00 00 00 00 01 00 00 00 00 00 00 00 00 00 80 00 00 00 80 00 00 00 00 16 11 00 00 00 00 00 00 00 00 00 00 00 00 00 00 00 00 00 00
  153.1749  #935    len=64   01 80 80 80 80 0f 00 00 00 00 00 00 00 00 00 00 00 00 00 00 00 00 00 00 00 01 00 00 00 00 00 00 00 00 00 80 00 00 00 80 00 00 00 00 17 11 00 00 00 00 00 00 00 00 00 00 00 00 00 00 00 00 00 00
  153.1868  #936    len=64   01 80 80 80 80 0f 00 00 00 00 00 00 00 00 00 00 00 00 00 00 00 00 00 00 00 01 00 00 00 00 00 00 00 00 00 80 00 00 00 80 00 00 00 00 19 11 00 00 00 00 00 00 00 00 00 00 00 00 00 00 00 00 00 00
  153.1908  #937    len=64   01 80 80 80 80 0f 00 00 00 00 00 00 00 00 00 00 00 00 00 00 00 00 00 00 00 01 00 00 00 00 00 00 00 00 00 80 00 00 00 80 00 00 00 00 1b 11 00 00 00 00 00 00 00 00 00 00 00 00 00 00 00 00 00 00
  153.1987  #938    len=64   01 80 80 80 80 0f 00 00 00 00 00 00 00 00 00 00 00 00 00 00 00 00 00 00 00 01 00 00 00 00 00 00 00 00 00 80 00 00 00 80 00 00 00 00 1d 11 00 00 00 00 00 00 00 00 00 00 00 00 00 00 00 00 00 00
  153.2107  #939    len=64   01 80 80 80 80 0f 00 00 00 00 00 00 00 00 00 00 00 00 00 00 00 00 00 00 00 01 00 00 00 00 00 00 00 00 00 80 00 00 00 80 00 00 00 00 1f 11 00 00 00 00 00 00 00 00 00 00 00 00 00 00 00 00 00 00
  153.2147  #940    len=64   01 80 80 80 80 0f 00 00 00 00 00 00 00 00 00 00 00 00 00 00 00 00 00 00 00 01 00 00 00 00 00 00 00 00 00 80 00 00 00 80 00 00 00 00 21 11 00 00 00 00 00 00 00 00 00 00 00 00 00 00 00 00 00 00
  153.2267  #941    len=64   01 80 80 80 80 0f 00 00 00 00 00 00 00 00 00 00 00 00 00 00 00 00 00 00 00 01 00 00 00 00 00 00 00 00 00 80 00 00 00 80 00 00 00 00 23 11 00 00 00 00 00 00 00 00 00 00 00 00 00 00 00 00 00 00
  153.2307  #942    len=64   01 80 80 80 80 0f 00 00 00 00 00 00 00 00 00 00 00 00 00 00 00 00 00 00 00 01 00 00 00 00 00 00 00 00 00 80 00 00 00 80 00 00 00 00 25 11 00 00 00 00 00 00 00 00 00 00 00 00 00 00 00 00 00 00
  153.2387  #943    len=64   01 80 80 80 80 0f 00 00 00 00 00 00 00 00 00 00 00 00 00 00 00 00 00 00 00 01 00 00 00 00 00 00 00 00 00 80 00 00 00 80 00 00 00 00 27 11 00 00 00 00 00 00 00 00 00 00 00 00 00 00 00 00 00 00
  153.2507  #944    len=64   01 80 80 80 80 0f 00 00 00 00 00 00 00 00 00 00 00 00 00 00 00 00 00 00 00 01 00 00 00 00 00 00 00 00 00 80 00 00 00 80 00 00 00 00 29 11 00 00 00 00 00 00 00 00 00 00 00 00 00 00 00 00 00 00
  153.2587  #945    len=64   01 80 80 80 80 0f 00 00 00 00 00 00 00 00 00 00 00 00 00 00 00 00 00 00 00 01 00 00 00 00 00 00 00 00 00 80 00 00 00 80 00 00 00 00 2b 11 00 00 00 00 00 00 00 00 00 00 00 00 00 00 00 00 00 00
  153.2667  #946    len=64   01 80 80 80 80 0f 00 00 00 00 00 00 00 00 00 00 00 00 00 00 00 00 00 00 00 01 00 00 00 00 00 00 00 00 00 80 00 00 00 80 00 00 00 00 2d 11 00 00 00 00 00 00 00 00 00 00 00 00 00 00 00 00 00 00
  153.2707  #947    len=64   01 80 80 80 80 0f 00 00 00 00 00 00 00 00 00 00 00 00 00 00 00 00 00 00 00 01 00 00 00 00 00 00 00 00 00 80 00 00 00 80 00 00 00 00 31 11 00 00 00 00 00 00 00 00 00 00 00 00 00 00 00 00 00 00
  153.2829  #948    len=64   01 80 80 80 80 0f 00 00 00 00 00 00 00 00 00 00 00 00 00 00 00 00 00 00 00 01 00 00 00 00 00 00 00 00 00 80 00 00 00 80 00 00 00 00 34 11 00 00 00 00 00 00 00 00 00 00 00 00 00 00 00 00 00 00
  153.2908  #949    len=64   01 80 80 80 80 0f 00 00 00 00 00 00 00 00 00 00 00 00 00 00 00 00 00 00 00 01 00 00 00 00 00 00 00 00 00 80 00 00 00 80 00 00 00 00 38 11 00 00 00 00 00 00 00 00 00 00 00 00 00 00 00 00 00 00
  153.2947  #950    len=64   01 80 80 80 80 0f 00 00 00 00 00 00 00 00 00 00 00 00 00 00 00 00 00 00 00 01 00 00 00 00 00 00 00 00 00 80 00 00 00 80 00 00 00 00 3c 11 00 00 00 00 00 00 00 00 00 00 00 00 00 00 00 00 00 00
  153.3068  #951    len=64   01 80 80 80 80 0f 00 00 00 00 00 00 00 00 00 00 00 00 00 00 00 00 00 00 00 01 00 00 00 00 00 00 00 00 00 80 00 00 00 80 00 00 00 00 40 11 00 00 00 00 00 00 00 00 00 00 00 00 00 00 00 00 00 00
  153.3108  #952    len=64   01 80 80 80 80 0f 00 00 00 00 00 00 00 00 00 00 00 00 00 00 00 00 00 00 00 01 00 00 00 00 00 00 00 00 00 80 00 00 00 80 00 00 00 00 43 11 00 00 00 00 00 00 00 00 00 00 00 00 00 00 00 00 00 00
  153.3228  #953    len=64   01 80 80 80 80 0f 00 00 00 00 00 00 00 00 00 00 00 00 00 00 00 00 00 00 00 01 00 00 00 00 00 00 00 00 00 80 00 00 00 80 00 00 00 00 47 11 00 00 00 00 00 00 00 00 00 00 00 00 00 00 00 00 00 00
  153.3307  #954    len=64   01 80 80 80 80 0f 00 00 00 00 00 00 00 00 00 00 00 00 00 00 00 00 00 00 00 01 00 00 00 00 00 00 00 00 00 80 00 00 00 80 00 00 00 00 4b 11 00 00 00 00 00 00 00 00 00 00 00 00 00 00 00 00 00 00
  153.3347  #955    len=64   01 80 80 80 80 0f 00 00 00 00 00 00 00 00 00 00 00 00 00 00 00 00 00 00 00 01 00 00 00 00 00 00 00 00 00 80 00 00 00 80 00 00 00 00 4e 11 00 00 00 00 00 00 00 00 00 00 00 00 00 00 00 00 00 00
  153.3468  #956    len=64   01 80 80 80 80 0f 00 00 00 00 00 00 00 00 00 00 00 00 00 00 00 00 00 00 00 01 00 00 00 00 00 00 00 00 00 80 00 00 00 80 00 00 00 00 52 11 00 00 00 00 00 00 00 00 00 00 00 00 00 00 00 00 00 00
  153.3508  #957    len=64   01 80 80 80 80 0f 00 00 00 00 00 00 00 00 00 00 00 00 00 00 00 00 00 00 00 01 00 00 00 00 00 00 00 00 00 80 00 00 00 80 00 00 00 00 55 11 00 00 00 00 00 00 00 00 00 00 00 00 00 00 00 00 00 00
  153.3627  #958    len=64   01 80 80 80 80 0f 00 00 00 00 00 00 00 00 00 00 00 00 00 00 00 00 00 00 00 01 00 00 00 00 00 00 00 00 00 80 00 00 00 80 00 00 00 00 58 11 00 00 00 00 00 00 00 00 00 00 00 00 00 00 00 00 00 00
  153.3708  #959    len=64   01 80 80 80 80 0f 00 00 00 00 00 00 00 00 00 00 00 00 00 00 00 00 00 00 00 01 00 00 00 00 00 00 00 00 00 80 00 00 00 80 00 00 00 00 5a 11 00 00 00 00 00 00 00 00 00 00 00 00 00 00 00 00 00 00
  153.3748  #960    len=64   01 80 80 80 80 0f 00 00 00 00 00 00 00 00 00 00 00 00 00 00 00 00 00 00 00 01 00 00 00 00 00 00 00 00 00 80 00 00 00 80 00 00 00 00 5d 11 00 00 00 00 00 00 00 00 00 00 00 00 00 00 00 00 00 00
  153.3868  #961    len=64   01 80 80 80 80 0f 00 00 00 00 00 00 00 00 00 00 00 00 00 00 00 00 00 00 00 01 00 00 00 00 00 00 00 00 00 80 00 00 00 80 00 00 00 00 5f 11 00 00 00 00 00 00 00 00 00 00 00 00 00 00 00 00 00 00
  153.3908  #962    len=64   01 80 80 80 80 0f 00 00 00 00 00 00 00 00 00 00 00 00 00 00 00 00 00 00 00 01 00 00 00 00 00 00 00 00 00 80 00 00 00 80 00 00 00 00 60 11 00 00 00 00 00 00 00 00 00 00 00 00 00 00 00 00 00 00
  153.4027  #963    len=64   01 80 80 80 80 0f 00 00 00 00 00 00 00 00 00 00 00 00 00 00 00 00 00 00 00 01 00 00 00 00 00 00 00 00 00 80 00 00 00 80 00 00 00 00 62 11 00 00 00 00 00 00 00 00 00 00 00 00 00 00 00 00 00 00
  153.4108  #964    len=64   01 80 80 80 80 0f 00 00 00 00 00 00 00 00 00 00 00 00 00 00 00 00 00 00 00 01 00 00 00 00 00 00 00 00 00 80 00 00 00 80 00 00 00 00 63 11 00 00 00 00 00 00 00 00 00 00 00 00 00 00 00 00 00 00
  153.4147  #965    len=64   01 80 80 80 80 0f 00 00 00 00 00 00 00 00 00 00 00 00 00 00 00 00 00 00 00 01 00 00 00 00 00 00 00 00 00 80 00 00 00 80 00 00 00 00 64 11 00 00 00 00 00 00 00 00 00 00 00 00 00 00 00 00 00 00
  153.4268  #966    len=64   01 80 80 80 80 0f 00 00 00 00 00 00 00 00 00 00 00 00 00 00 00 00 00 00 00 01 00 00 00 00 00 00 00 00 00 80 00 00 00 80 00 00 00 00 65 11 00 00 00 00 00 00 00 00 00 00 00 00 00 00 00 00 00 00
  153.4307  #967    len=64   01 80 80 80 80 0f 00 00 00 00 00 00 00 00 00 00 00 00 00 00 00 00 00 00 00 01 00 00 00 00 00 00 00 00 00 80 00 00 00 80 00 00 00 00 66 11 00 00 00 00 00 00 00 00 00 00 00 00 00 00 00 00 00 00
  153.4387  #968    len=64   01 80 80 80 80 0f 00 00 00 00 00 00 00 00 00 00 00 00 00 00 00 00 00 00 00 01 00 00 00 00 00 00 00 00 00 80 00 00 00 80 00 00 00 00 67 11 00 00 00 00 00 00 00 00 00 00 00 00 00 00 00 00 00 00
  153.4547  #969    len=64   01 80 80 80 80 0f 00 00 00 00 00 00 00 00 00 00 00 00 00 00 00 00 00 00 00 01 00 00 00 00 00 00 00 00 00 80 00 00 00 80 00 00 00 00 68 11 00 00 00 00 00 00 00 00 00 00 00 00 00 00 00 00 00 00
  153.4668  #970    len=64   01 80 80 80 80 0f 00 00 00 00 00 00 00 00 00 00 00 00 00 00 00 00 00 00 00 01 00 00 00 00 00 00 00 00 00 80 00 00 00 80 00 00 00 00 69 11 00 00 00 00 00 00 00 00 00 00 00 00 00 00 00 00 00 00
  153.4787  #971    len=64   01 80 80 80 80 0f 00 00 00 00 00 00 00 00 00 00 00 00 00 00 00 00 00 00 00 01 00 00 00 00 00 00 00 00 00 80 00 00 00 80 00 00 00 00 6a 11 00 00 00 00 00 00 00 00 00 00 00 00 00 00 00 00 00 00
  153.4908  #972    len=64   01 80 80 80 80 0f 00 00 00 00 00 00 00 00 00 00 00 00 00 00 00 00 00 00 00 01 00 00 00 00 00 00 00 00 00 80 00 00 00 80 00 00 00 00 6b 11 00 00 00 00 00 00 00 00 00 00 00 00 00 00 00 00 00 00
  153.4947  #973    len=64   01 80 80 80 80 0f 00 00 00 00 00 00 00 00 00 00 00 00 00 00 00 00 00 00 00 01 00 00 00 00 00 00 00 00 00 80 00 00 00 80 00 00 00 00 6b 22 00 00 00 00 00 00 00 00 00 00 00 00 00 00 00 00 00 00
  153.5068  #974    len=64   01 80 80 80 80 0f 00 00 00 00 00 00 00 00 00 00 00 00 00 00 00 00 00 00 00 01 00 00 00 00 00 00 00 00 00 80 00 00 00 80 00 00 00 00 6c 22 00 00 00 00 00 00 00 00 00 00 00 00 00 00 00 00 00 00
  153.5187  #975    len=64   01 80 80 80 80 0f 00 00 00 00 00 00 00 00 00 00 00 00 00 00 00 00 00 00 00 01 00 00 00 00 00 00 00 00 00 80 00 00 00 80 00 00 00 00 6d 22 00 00 00 00 00 00 00 00 00 00 00 00 00 00 00 00 00 00
  153.5347  #976    len=64   01 80 80 80 80 0f 00 00 00 00 00 00 00 00 00 00 00 00 00 00 00 00 00 00 00 01 00 00 00 00 00 00 00 00 00 80 00 00 00 80 00 00 00 00 6e 22 00 00 00 00 00 00 00 00 00 00 00 00 00 00 00 00 00 00
  153.5507  #977    len=64   01 80 80 80 80 0f 00 00 00 00 00 00 00 00 00 00 00 00 00 00 00 00 00 00 00 01 00 00 00 00 00 00 00 00 00 80 00 00 00 80 00 00 00 00 6f 22 00 00 00 00 00 00 00 00 00 00 00 00 00 00 00 00 00 00
  153.5748  #978    len=64   01 80 80 80 80 0f 00 00 00 00 00 00 00 00 00 00 00 00 00 00 00 00 00 00 00 01 00 00 00 00 00 00 00 00 00 80 00 00 00 80 00 00 00 00 70 22 00 00 00 00 00 00 00 00 00 00 00 00 00 00 00 00 00 00
  153.5987  #979    len=64   01 80 80 80 80 0f 00 00 00 00 00 00 00 00 00 00 00 00 00 00 00 00 00 00 00 01 00 00 00 00 00 00 00 00 00 80 00 00 00 80 00 00 00 00 6f 22 00 00 00 00 00 00 00 00 00 00 00 00 00 00 00 00 00 00
  153.6507  #980    len=64   01 80 80 80 80 0f 00 00 00 00 00 00 00 00 00 00 00 00 00 00 00 00 00 00 00 01 00 00 00 00 00 00 00 00 00 80 00 00 00 80 00 00 00 00 6e 22 00 00 00 00 00 00 00 00 00 00 00 00 00 00 00 00 00 00
  153.6707  #981    len=64   01 80 80 80 80 0f 00 00 00 00 00 00 00 00 00 00 00 00 00 00 00 00 00 00 00 01 00 00 00 00 00 00 00 00 00 80 00 00 00 80 00 00 00 00 6d 22 00 00 00 00 00 00 00 00 00 00 00 00 00 00 00 00 00 00
  153.6788  #982    len=64   01 80 80 80 80 0f 00 00 00 00 00 00 00 00 00 00 00 00 00 00 00 00 00 00 00 01 00 00 00 00 00 00 00 00 00 80 00 00 00 80 00 00 00 00 6e 22 00 00 00 00 00 00 00 00 00 00 00 00 00 00 00 00 00 00
  153.6947  #983    len=64   01 80 80 80 80 0f 00 00 00 00 00 00 00 00 00 00 00 00 00 00 00 00 00 00 00 01 00 00 00 00 00 00 00 00 00 80 00 00 00 80 00 00 00 00 6d 19 00 00 00 00 00 00 00 00 00 00 00 00 00 00 00 00 00 00
  153.7187  #984    len=64   01 80 80 80 80 0f 00 00 00 00 00 00 00 00 00 00 00 00 00 00 00 00 00 00 00 01 00 00 00 00 00 00 00 00 00 80 00 00 00 80 00 00 00 00 6c 19 00 00 00 00 00 00 00 00 00 00 00 00 00 00 00 00 00 00
  153.9307  #985    len=64   01 80 80 80 80 0f 00 00 00 00 00 00 00 00 00 00 00 00 00 00 00 00 00 00 00 01 00 00 00 00 00 00 00 00 00 80 00 00 00 80 00 00 00 00 6b 19 00 00 00 00 00 00 00 00 00 00 00 00 00 00 00 00 00 00
  153.9507  #986    len=64   01 80 80 80 80 0f 00 00 00 00 00 00 00 00 00 00 00 00 00 00 00 00 00 00 00 01 00 00 00 00 00 00 00 00 00 80 00 00 00 80 00 00 00 00 6a 19 00 00 00 00 00 00 00 00 00 00 00 00 00 00 00 00 00 00
  153.9587  #987    len=64   01 80 80 80 80 0f 00 00 00 00 00 00 00 00 00 00 00 00 00 00 00 00 00 00 00 01 00 00 00 00 00 00 00 00 00 80 00 00 00 80 00 00 00 00 69 19 00 00 00 00 00 00 00 00 00 00 00 00 00 00 00 00 00 00
  153.9707  #988    len=64   01 80 80 80 80 0f 00 00 00 00 00 00 00 00 00 00 00 00 00 00 00 00 00 00 00 01 00 00 00 00 00 00 00 00 00 80 00 00 00 80 00 00 00 00 68 19 00 00 00 00 00 00 00 00 00 00 00 00 00 00 00 00 00 00
  153.9868  #989    len=64   01 80 80 80 80 0f 00 00 00 00 00 00 00 00 00 00 00 00 00 00 00 00 00 00 00 01 00 00 00 00 00 00 00 00 00 80 00 00 00 80 00 00 00 00 67 19 00 00 00 00 00 00 00 00 00 00 00 00 00 00 00 00 00 00
  153.9908  #990    len=64   01 80 80 80 80 0f 00 00 00 00 00 00 00 00 00 00 00 00 00 00 00 00 00 00 00 01 00 00 00 00 00 00 00 00 00 80 00 00 00 80 00 00 00 00 66 19 00 00 00 00 00 00 00 00 00 00 00 00 00 00 00 00 00 00
  154.0027  #991    len=64   01 80 80 80 80 0f 00 00 00 00 00 00 00 00 00 00 00 00 00 00 00 00 00 00 00 01 00 00 00 00 00 00 00 00 00 80 00 00 00 80 00 00 00 00 65 19 00 00 00 00 00 00 00 00 00 00 00 00 00 00 00 00 00 00
  154.0108  #992    len=64   01 80 80 80 80 0f 00 00 00 00 00 00 00 00 00 00 00 00 00 00 00 00 00 00 00 01 00 00 00 00 00 00 00 00 00 80 00 00 00 80 00 00 00 00 64 19 00 00 00 00 00 00 00 00 00 00 00 00 00 00 00 00 00 00
  154.0147  #993    len=64   01 80 80 80 80 0f 00 00 00 00 00 00 00 00 00 00 00 00 00 00 00 00 00 00 00 01 00 00 00 00 00 00 00 00 00 80 00 00 00 80 00 00 00 00 62 19 00 00 00 00 00 00 00 00 00 00 00 00 00 00 00 00 00 00
  154.0268  #994    len=64   01 80 80 80 80 0f 00 00 00 00 00 00 00 00 00 00 00 00 00 00 00 00 00 00 00 01 00 00 00 00 00 00 00 00 00 80 00 00 00 80 00 00 00 00 60 19 00 00 00 00 00 00 00 00 00 00 00 00 00 00 00 00 00 00
  154.0307  #995    len=64   01 80 80 80 80 0f 00 00 00 00 00 00 00 00 00 00 00 00 00 00 00 00 00 00 00 01 00 00 00 00 00 00 00 00 00 80 00 00 00 80 00 00 00 00 5d 19 00 00 00 00 00 00 00 00 00 00 00 00 00 00 00 00 00 00
  154.0387  #996    len=64   01 80 80 80 80 0f 00 00 00 00 00 00 00 00 00 00 00 00 00 00 00 00 00 00 00 01 00 00 00 00 00 00 00 00 00 80 00 00 00 80 00 00 00 00 5b 19 00 00 00 00 00 00 00 00 00 00 00 00 00 00 00 00 00 00
  154.0507  #997    len=64   01 80 80 80 80 0f 00 00 00 00 00 00 00 00 00 00 00 00 00 00 00 00 00 00 00 01 00 00 00 00 00 00 00 00 00 80 00 00 00 80 00 00 00 00 58 19 00 00 00 00 00 00 00 00 00 00 00 00 00 00 00 00 00 00
  154.0547  #998    len=64   01 80 80 80 80 0f 00 00 00 00 00 00 00 00 00 00 00 00 00 00 00 00 00 00 00 01 00 00 00 00 00 00 00 00 00 80 00 00 00 80 00 00 00 00 55 19 00 00 00 00 00 00 00 00 00 00 00 00 00 00 00 00 00 00
  154.0668  #999    len=64   01 80 80 80 80 0f 00 00 00 00 00 00 00 00 00 00 00 00 00 00 00 00 00 00 00 01 00 00 00 00 00 00 00 00 00 80 00 00 00 80 00 00 00 00 51 19 00 00 00 00 00 00 00 00 00 00 00 00 00 00 00 00 00 00
  154.0748  #1000   len=64   01 80 80 80 80 0f 00 00 00 00 00 00 00 00 00 00 00 00 00 00 00 00 00 00 00 01 00 00 00 00 00 00 00 00 00 80 00 00 00 80 00 00 00 00 4e 19 00 00 00 00 00 00 00 00 00 00 00 00 00 00 00 00 00 00
  154.0827  #1001   len=64   01 80 80 80 80 0f 00 00 00 00 00 00 00 00 00 00 00 00 00 00 00 00 00 00 00 01 00 00 00 00 00 00 00 00 00 80 00 00 00 80 00 00 00 00 4a 19 00 00 00 00 00 00 00 00 00 00 00 00 00 00 00 00 00 00
  154.0907  #1002   len=64   01 80 80 80 80 0f 00 00 00 00 00 00 00 00 00 00 00 00 00 00 00 00 00 00 00 01 00 00 00 00 00 00 00 00 00 80 00 00 00 80 00 00 00 00 47 19 00 00 00 00 00 00 00 00 00 00 00 00 00 00 00 00 00 00
  154.0947  #1003   len=64   01 80 80 80 80 0f 00 00 00 00 00 00 00 00 00 00 00 00 00 00 00 00 00 00 00 01 00 00 00 00 00 00 00 00 00 80 00 00 00 80 00 00 00 00 43 19 00 00 00 00 00 00 00 00 00 00 00 00 00 00 00 00 00 00
  154.1068  #1004   len=64   01 80 80 80 80 0f 00 00 00 00 00 00 00 00 00 00 00 00 00 00 00 00 00 00 00 01 00 00 00 00 00 00 00 00 00 80 00 00 00 80 00 00 00 00 3f 19 00 00 00 00 00 00 00 00 00 00 00 00 00 00 00 00 00 00
  154.1107  #1005   len=64   01 80 80 80 80 0f 00 00 00 00 00 00 00 00 00 00 00 00 00 00 00 00 00 00 00 01 00 00 00 00 00 00 00 00 00 80 00 00 00 80 00 00 00 00 3b 19 00 00 00 00 00 00 00 00 00 00 00 00 00 00 00 00 00 00
  154.1228  #1006   len=64   01 80 80 80 80 0f 00 00 00 00 00 00 00 00 00 00 00 00 00 00 00 00 00 00 00 01 00 00 00 00 00 00 00 00 00 80 00 00 00 80 00 00 00 00 36 19 00 00 00 00 00 00 00 00 00 00 00 00 00 00 00 00 00 00
  154.1308  #1007   len=64   01 80 80 80 80 0f 00 00 00 00 00 00 00 00 00 00 00 00 00 00 00 00 00 00 00 01 00 00 00 00 00 00 00 00 00 80 00 00 00 80 00 00 00 00 32 19 00 00 00 00 00 00 00 00 00 00 00 00 00 00 00 00 00 00
  154.1348  #1008   len=64   01 80 80 80 80 0f 00 00 00 00 00 00 00 00 00 00 00 00 00 00 00 00 00 00 00 01 00 00 00 00 00 00 00 00 00 80 00 00 00 80 00 00 00 00 2e 19 00 00 00 00 00 00 00 00 00 00 00 00 00 00 00 00 00 00
  154.1468  #1009   len=64   01 80 80 80 80 0f 00 00 00 00 00 00 00 00 00 00 00 00 00 00 00 00 00 00 00 01 00 00 00 00 00 00 00 00 00 80 00 00 00 80 00 00 00 00 2a 19 00 00 00 00 00 00 00 00 00 00 00 00 00 00 00 00 00 00
  154.1507  #1010   len=64   01 80 80 80 80 0f 00 00 00 00 00 00 00 00 00 00 00 00 00 00 00 00 00 00 00 01 00 00 00 00 00 00 00 00 00 80 00 00 00 80 00 00 00 00 25 19 00 00 00 00 00 00 00 00 00 00 00 00 00 00 00 00 00 00
  154.1587  #1011   len=64   01 80 80 80 80 0f 00 00 00 00 00 00 00 00 00 00 00 00 00 00 00 00 00 00 00 01 00 00 00 00 00 00 00 00 00 80 00 00 00 80 00 00 00 00 21 19 00 00 00 00 00 00 00 00 00 00 00 00 00 00 00 00 00 00
  154.1707  #1012   len=64   01 80 80 80 80 0f 00 00 00 00 00 00 00 00 00 00 00 00 00 00 00 00 00 00 00 01 00 00 00 00 00 00 00 00 00 80 00 00 00 80 00 00 00 00 1d 19 00 00 00 00 00 00 00 00 00 00 00 00 00 00 00 00 00 00
  154.1747  #1013   len=64   01 80 80 80 80 0f 00 00 00 00 00 00 00 00 00 00 00 00 00 00 00 00 00 00 00 01 00 00 00 00 00 00 00 00 00 80 00 00 00 80 00 00 00 00 18 19 00 00 00 00 00 00 00 00 00 00 00 00 00 00 00 00 00 00
  154.1867  #1014   len=64   01 80 80 80 80 0f 00 00 00 00 00 00 00 00 00 00 00 00 00 00 00 00 00 00 00 01 00 00 00 00 00 00 00 00 00 80 00 00 00 80 00 00 00 00 14 19 00 00 00 00 00 00 00 00 00 00 00 00 00 00 00 00 00 00
  154.1907  #1015   len=64   01 80 80 80 80 0f 00 00 00 00 00 00 00 00 00 00 00 00 00 00 00 00 00 00 00 01 00 00 00 00 00 00 00 00 00 80 00 00 00 80 00 00 00 00 10 19 00 00 00 00 00 00 00 00 00 00 00 00 00 00 00 00 00 00
  154.1987  #1016   len=64   01 80 80 80 80 0f 00 00 00 00 00 00 00 00 00 00 00 00 00 00 00 00 00 00 00 01 00 00 00 00 00 00 00 00 00 80 00 00 00 80 00 00 00 00 0c 19 00 00 00 00 00 00 00 00 00 00 00 00 00 00 00 00 00 00
  154.2108  #1017   len=64   01 80 80 80 80 0f 00 00 00 00 00 00 00 00 00 00 00 00 00 00 00 00 00 00 00 01 00 00 00 00 00 00 00 00 00 80 00 00 00 80 00 00 00 00 07 19 00 00 00 00 00 00 00 00 00 00 00 00 00 00 00 00 00 00
  154.2188  #1018   len=64   01 80 80 80 80 0f 00 00 00 00 00 00 00 00 00 00 00 00 00 00 00 00 00 00 00 01 00 00 00 00 00 00 00 00 00 80 00 00 00 80 00 00 00 00 02 19 00 00 00 00 00 00 00 00 00 00 00 00 00 00 00 00 00 00
  154.2267  #1019   len=64   01 80 80 80 80 0f 00 00 00 00 00 00 00 00 00 00 00 00 00 00 00 00 00 00 00 01 00 00 00 00 00 00 00 00 00 80 00 00 00 80 00 00 00 00 00 19 00 00 00 00 00 00 00 00 00 00 00 00 00 00 00 00 00 00
  155.6947  #1020   len=64   01 80 80 80 80 0f 00 00 00 00 00 00 00 00 00 00 00 00 00 00 00 00 00 00 00 01 00 00 00 00 00 00 00 00 00 80 00 00 00 80 00 00 00 00 00 22 00 00 00 00 00 00 00 00 00 00 00 00 00 00 00 00 00 00
  160.6987  #1021   len=64   01 80 80 80 80 0f 00 00 00 00 00 00 00 00 00 00 00 00 00 00 00 00 00 00 00 01 00 00 00 00 00 00 00 00 00 80 00 00 00 80 00 00 00 00 00 19 00 00 00 00 00 00 00 00 00 00 00 00 00 00 00 00 00 00
  160.8987  #1022   len=64   01 80 80 80 80 0f 00 00 00 00 00 00 00 00 00 00 00 00 00 00 00 00 00 00 00 01 00 00 00 00 00 00 00 00 00 80 00 00 00 80 00 00 00 00 00 2e 00 00 00 00 00 00 00 00 00 00 00 00 00 00 00 00 00 00
  160.9827  #1023   len=64   01 80 80 80 80 2f 00 00 00 00 00 00 00 00 00 00 00 00 00 00 00 00 00 00 00 01 00 00 00 00 00 00 00 00 00 80 00 00 00 80 00 00 00 00 00 2e 01 00 00 00 00 00 00 00 00 00 00 00 00 00 00 00 00 00
  161.0987  #1024   len=64   01 80 80 80 80 2f 00 00 00 00 00 00 00 00 00 00 00 00 00 00 00 00 00 00 00 01 00 00 00 00 00 00 00 00 00 80 00 00 00 80 00 00 00 00 00 22 01 00 00 00 00 00 00 00 00 00 00 00 00 00 00 00 00 00
  161.2987  #1025   len=64   01 80 80 80 80 6f 00 00 00 00 00 00 00 00 00 00 00 00 00 00 00 00 00 00 00 01 00 00 00 00 00 00 00 00 00 80 00 00 00 80 00 00 00 00 00 22 03 00 00 00 00 00 00 00 00 00 00 00 00 00 00 00 00 00
  161.6947  #1026   len=64   01 80 80 80 80 6f 00 00 00 00 00 00 00 00 00 00 00 00 00 00 00 00 00 00 00 01 00 00 00 00 00 00 00 00 00 80 00 00 00 80 00 00 00 00 00 19 03 00 00 00 00 00 00 00 00 00 00 00 00 00 00 00 00 00
  161.8507  #1027   len=64   01 80 80 80 80 0f 00 00 00 00 00 00 00 00 00 00 00 00 00 00 00 00 00 00 00 01 00 00 00 00 00 00 00 00 00 80 00 00 00 80 00 00 00 00 00 19 00 00 00 00 00 00 00 00 00 00 00 00 00 00 00 00 00 00
  165.0987  #1028   len=64   01 80 80 80 80 0f 00 00 00 00 00 00 00 00 00 00 00 00 00 00 00 00 00 00 00 01 00 00 00 00 00 00 00 00 00 80 00 00 00 80 00 00 00 00 00 22 00 00 00 00 00 00 00 00 00 00 00 00 00 00 00 00 00 00
  183.2987  #1029   len=64   01 80 80 80 80 0f 00 00 00 00 00 00 00 00 00 00 00 00 00 00 00 00 00 00 00 01 00 00 00 00 00 00 00 00 00 80 00 00 00 80 00 00 00 00 00 19 00 00 00 00 00 00 00 00 00 00 00 00 00 00 00 00 00 00
  185.4987  #1030   len=64   01 80 80 80 80 0f 00 00 00 00 00 00 00 00 00 00 00 00 00 00 00 00 00 00 00 01 00 00 00 00 00 00 00 00 00 80 00 00 00 80 00 00 00 00 00 22 00 00 00 00 00 00 00 00 00 00 00 00 00 00 00 00 00 00
  185.6227  #1031   len=64   01 80 80 80 80 2f 00 00 00 00 00 00 00 00 00 00 00 00 00 00 00 00 00 00 00 01 00 00 00 00 00 00 00 00 00 80 00 00 00 80 00 00 00 00 00 22 01 00 00 00 00 00 00 00 00 00 00 00 00 00 00 00 00 00
  185.6427  #1032   len=64   01 80 80 80 80 6f 00 00 00 00 00 00 00 00 00 00 00 00 00 00 00 00 00 00 00 01 00 00 00 00 00 00 00 00 00 80 00 00 00 80 00 00 00 00 00 22 03 00 00 00 00 00 00 00 00 00 00 00 00 00 00 00 00 00
  186.3147  #1033   len=64   01 80 80 80 80 0f 00 00 00 00 00 00 00 00 00 00 00 00 00 00 00 00 00 00 00 01 00 00 00 00 00 00 00 00 00 80 00 00 00 80 00 00 00 00 00 22 00 00 00 00 00 00 00 00 00 00 00 00 00 00 00 00 00 00
  186.5347  #1034   len=64   01 80 80 80 80 6f 00 00 00 00 00 00 00 00 00 00 00 00 00 00 00 00 00 00 00 01 00 00 00 00 00 00 00 00 00 80 00 00 00 80 00 00 00 00 00 22 03 00 00 00 00 00 00 00 00 00 00 00 00 00 00 00 00 00
  186.9547  #1035   len=64   01 80 80 80 80 2f 00 00 00 00 00 00 00 00 00 00 00 00 00 00 00 00 00 00 00 01 00 00 00 00 00 00 00 00 00 80 00 00 00 80 00 00 00 00 00 22 01 00 00 00 00 00 00 00 00 00 00 00 00 00 00 00 00 00
  187.3347  #1036   len=64   01 80 80 80 80 6f 00 00 00 00 00 00 00 00 00 00 00 00 00 00 00 00 00 00 00 01 00 00 00 00 00 00 00 00 00 80 00 00 00 80 00 00 00 00 00 22 03 00 00 00 00 00 00 00 00 00 00 00 00 00 00 00 00 00
  187.9467  #1037   len=64   01 80 80 80 80 2f 00 00 00 00 00 00 00 00 00 00 00 00 00 00 00 00 00 00 00 01 00 00 00 00 00 00 00 00 00 80 00 00 00 80 00 00 00 00 00 22 01 00 00 00 00 00 00 00 00 00 00 00 00 00 00 00 00 00
  187.9586  #1038   len=64   01 80 80 80 80 0f 00 00 00 00 00 00 00 00 00 00 00 00 00 00 00 00 00 00 00 01 00 00 00 00 00 00 00 00 00 80 00 00 00 80 00 00 00 00 00 22 00 00 00 00 00 00 00 00 00 00 00 00 00 00 00 00 00 00
  188.1587  #1039   len=64   01 80 80 80 80 2f 00 00 00 00 00 00 00 00 00 00 00 00 00 00 00 00 00 00 00 01 00 00 00 00 00 00 00 00 00 80 00 00 00 80 00 00 00 00 00 22 01 00 00 00 00 00 00 00 00 00 00 00 00 00 00 00 00 00
  188.1627  #1040   len=64   01 80 80 80 80 6f 00 00 00 00 00 00 00 00 00 00 00 00 00 00 00 00 00 00 00 01 00 00 00 00 00 00 00 00 00 80 00 00 00 80 00 00 00 00 00 22 03 00 00 00 00 00 00 00 00 00 00 00 00 00 00 00 00 00
  189.0547  #1041   len=64   01 80 80 80 80 2f 00 00 00 00 00 00 00 00 00 00 00 00 00 00 00 00 00 00 00 01 00 00 00 00 00 00 00 00 00 80 00 00 00 80 00 00 00 00 00 22 01 00 00 00 00 00 00 00 00 00 00 00 00 00 00 00 00 00
  189.0626  #1042   len=64   01 80 80 80 80 0f 00 00 00 00 00 00 00 00 00 00 00 00 00 00 00 00 00 00 00 01 00 00 00 00 00 00 00 00 00 80 00 00 00 80 00 00 00 00 00 22 00 00 00 00 00 00 00 00 00 00 00 00 00 00 00 00 00 00
  189.2867  #1043   len=64   01 80 80 80 80 2f 00 00 00 00 00 00 00 00 00 00 00 00 00 00 00 00 00 00 00 01 00 00 00 00 00 00 00 00 00 80 00 00 00 80 00 00 00 00 00 22 01 00 00 00 00 00 00 00 00 00 00 00 00 00 00 00 00 00
  189.5347  #1044   len=64   01 80 80 80 80 6f 00 00 00 00 00 00 00 00 00 00 00 00 00 00 00 00 00 00 00 01 00 00 00 00 00 00 00 00 00 80 00 00 00 80 00 00 00 00 00 22 03 00 00 00 00 00 00 00 00 00 00 00 00 00 00 00 00 00
  189.6987  #1045   len=64   01 80 80 80 80 6f 00 00 00 00 00 00 00 00 00 00 00 00 00 00 00 00 00 00 00 01 00 00 00 00 00 00 00 00 00 80 00 00 00 80 00 00 00 00 00 19 03 00 00 00 00 00 00 00 00 00 00 00 00 00 00 00 00 00
  189.9587  #1046   len=64   01 80 80 80 80 2f 00 00 00 00 00 00 00 00 00 00 00 00 00 00 00 00 00 00 00 01 00 00 00 00 00 00 00 00 00 80 00 00 00 80 00 00 00 00 00 19 01 00 00 00 00 00 00 00 00 00 00 00 00 00 00 00 00 00
  189.9629  #1047   len=64   01 80 80 80 80 0f 00 00 00 00 00 00 00 00 00 00 00 00 00 00 00 00 00 00 00 01 00 00 00 00 00 00 00 00 00 80 00 00 00 80 00 00 00 00 00 19 00 00 00 00 00 00 00 00 00 00 00 00 00 00 00 00 00 00
  191.0989  #1048   len=64   01 80 80 80 80 0f 00 00 00 00 00 00 00 00 00 00 00 00 00 00 00 00 00 00 00 01 00 00 00 00 00 00 00 00 00 80 00 00 00 80 00 00 00 00 00 22 00 00 00 00 00 00 00 00 00 00 00 00 00 00 00 00 00 00
  194.4987  #1049   len=64   01 80 80 80 80 0f 00 00 00 00 00 00 00 00 00 00 00 00 00 00 00 00 00 00 00 01 00 00 00 00 00 00 00 00 00 80 00 00 00 80 00 00 00 00 00 19 00 00 00 00 00 00 00 00 00 00 00 00 00 00 00 00 00 00
  194.6987  #1050   len=64   01 80 80 80 80 0f 00 00 00 00 00 00 00 00 00 00 00 00 00 00 00 00 00 00 00 01 00 00 00 00 00 00 00 00 00 80 00 00 00 80 00 00 00 00 00 22 00 00 00 00 00 00 00 00 00 00 00 00 00 00 00 00 00 00
  203.0987  #1051   len=64   01 80 80 80 80 0f 00 00 00 00 00 00 00 00 00 00 00 00 00 00 00 00 00 00 00 01 00 00 00 00 00 00 00 00 00 80 00 00 00 80 00 00 00 00 00 19 00 00 00 00 00 00 00 00 00 00 00 00 00 00 00 00 00 00
  203.3027  #1052   len=64   01 80 80 80 80 0f 00 00 00 00 00 00 00 00 00 00 00 00 00 00 00 00 00 00 00 01 00 00 00 00 00 00 00 00 00 80 00 00 00 80 00 00 00 00 00 26 00 00 00 00 00 00 00 00 00 00 00 00 00 00 00 00 00 00
  205.0986  #1053   len=64   01 80 80 80 80 0f 00 00 00 00 00 00 00 00 00 00 00 00 00 00 00 00 00 00 00 01 00 00 00 00 00 00 00 00 00 80 00 00 00 80 00 00 00 00 00 1d 00 00 00 00 00 00 00 00 00 00 00 00 00 00 00 00 00 00
  213.8987  #1054   len=64   01 80 80 80 80 0f 00 00 00 00 00 00 00 00 00 00 00 00 00 00 00 00 00 00 00 01 00 00 00 00 00 00 00 00 00 80 00 00 00 80 00 00 00 00 00 26 00 00 00 00 00 00 00 00 00 00 00 00 00 00 00 00 00 00
  229.5027  #1055   len=64   01 80 80 80 80 0f 00 00 00 00 00 00 00 00 00 00 00 00 00 00 00 00 00 00 00 01 00 00 00 00 00 00 00 00 00 80 00 00 00 80 00 00 00 00 00 1d 00 00 00 00 00 00 00 00 00 00 00 00 00 00 00 00 00 00
  230.3067  #1056   len=64   01 80 80 80 80 2f 40 00 00 00 00 00 00 00 00 00 00 00 00 00 00 00 00 00 00 01 00 00 00 00 00 00 00 00 00 80 00 00 00 80 00 00 00 00 00 1d 00 01 00 00 00 00 00 00 00 00 00 00 00 00 00 00 00 00
  230.9106  #1057   len=64   01 80 80 80 80 0f 00 00 00 00 00 00 00 00 00 00 00 00 00 00 00 00 00 00 00 01 00 00 00 00 00 00 00 00 00 80 00 00 00 80 00 00 00 00 00 1d 00 00 00 00 00 00 00 00 00 00 00 00 00 00 00 00 00 00
  231.1227  #1058   len=64   01 80 80 80 80 2f 40 00 00 00 00 00 00 00 00 00 00 00 00 00 00 00 00 00 00 01 00 00 00 00 00 00 00 00 00 80 00 00 00 80 00 00 00 00 00 1d 00 01 00 00 00 00 00 00 00 00 00 00 00 00 00 00 00 00
  231.5506  #1059   len=64   01 80 80 80 80 0f 00 00 00 00 00 00 00 00 00 00 00 00 00 00 00 00 00 00 00 01 00 00 00 00 00 00 00 00 00 80 00 00 00 80 00 00 00 00 00 1d 00 00 00 00 00 00 00 00 00 00 00 00 00 00 00 00 00 00
  231.7306  #1060   len=64   01 80 80 80 80 2f 40 00 00 00 00 00 00 00 00 00 00 00 00 00 00 00 00 00 00 01 00 00 00 00 00 00 00 00 00 80 00 00 00 80 00 00 00 00 00 1d 00 01 00 00 00 00 00 00 00 00 00 00 00 00 00 00 00 00
  232.1307  #1061   len=64   01 80 80 80 80 0f 00 00 00 00 00 00 00 00 00 00 00 00 00 00 00 00 00 00 00 01 00 00 00 00 00 00 00 00 00 80 00 00 00 80 00 00 00 00 00 1d 00 00 00 00 00 00 00 00 00 00 00 00 00 00 00 00 00 00
  232.2507  #1062   len=64   01 80 80 80 80 2f 40 00 00 00 00 00 00 00 00 00 00 00 00 00 00 00 00 00 00 01 00 00 00 00 00 00 00 00 00 80 00 00 00 80 00 00 00 00 00 1d 00 01 00 00 00 00 00 00 00 00 00 00 00 00 00 00 00 00
  232.6026  #1063   len=64   01 80 80 80 80 0f 00 00 00 00 00 00 00 00 00 00 00 00 00 00 00 00 00 00 00 01 00 00 00 00 00 00 00 00 00 80 00 00 00 80 00 00 00 00 00 1d 00 00 00 00 00 00 00 00 00 00 00 00 00 00 00 00 00 00
  233.0787  #1064   len=64   01 80 80 80 80 4f 40 00 00 00 00 00 00 00 00 00 00 00 00 00 00 00 00 00 00 01 00 00 00 00 00 00 00 00 00 80 00 00 00 80 00 00 00 00 00 1d 00 02 00 00 00 00 00 00 00 00 00 00 00 00 00 00 00 00
  233.6186  #1065   len=64   01 80 80 80 80 6f 40 00 00 00 00 00 00 00 00 00 00 00 00 00 00 00 00 00 00 01 00 00 00 00 00 00 00 00 00 80 00 00 00 80 00 00 00 00 00 1d 00 03 00 00 00 00 00 00 00 00 00 00 00 00 00 00 00 00
  233.7267  #1066   len=64   01 80 80 80 80 ef 40 00 00 00 00 00 00 00 00 00 00 00 00 00 00 00 00 00 00 01 00 00 00 00 00 00 00 00 00 80 00 00 00 80 00 00 00 00 00 1d 00 07 00 00 00 00 00 00 00 00 00 00 00 00 00 00 00 00
  233.9986  #1067   len=64   01 80 80 80 80 6f 40 00 00 00 00 00 00 00 00 00 00 00 00 00 00 00 00 00 00 01 00 00 00 00 00 00 00 00 00 80 00 00 00 80 00 00 00 00 00 1d 00 03 00 00 00 00 00 00 00 00 00 00 00 00 00 00 00 00
  234.0746  #1068   len=64   01 80 80 80 80 ef 40 00 00 00 00 00 00 00 00 00 00 00 00 00 00 00 00 00 00 01 00 00 00 00 00 00 00 00 00 80 00 00 00 80 00 00 00 00 00 1d 00 07 00 00 00 00 00 00 00 00 00 00 00 00 00 00 00 00
  234.1947  #1069   len=64   01 80 80 80 80 ff 40 00 00 00 00 00 00 00 00 00 00 00 00 00 00 00 00 00 00 01 00 00 00 00 00 00 00 00 00 80 00 00 00 80 00 00 00 00 00 1d 00 0f 00 00 00 00 00 00 00 00 00 00 00 00 00 00 00 00
  234.6827  #1070   len=64   01 80 80 80 80 bf 40 00 00 00 00 00 00 00 00 00 00 00 00 00 00 00 00 00 00 01 00 00 00 00 00 00 00 00 00 80 00 00 00 80 00 00 00 00 00 1d 00 0d 00 00 00 00 00 00 00 00 00 00 00 00 00 00 00 00
  234.6866  #1071   len=64   01 80 80 80 80 9f 40 00 00 00 00 00 00 00 00 00 00 00 00 00 00 00 00 00 00 01 00 00 00 00 00 00 00 00 00 80 00 00 00 80 00 00 00 00 00 1d 00 0c 00 00 00 00 00 00 00 00 00 00 00 00 00 00 00 00
  234.7228  #1072   len=64   01 80 80 80 80 1f 40 00 00 00 00 00 00 00 00 00 00 00 00 00 00 00 00 00 00 01 00 00 00 00 00 00 00 00 00 80 00 00 00 80 00 00 00 00 00 1d 00 08 00 00 00 00 00 00 00 00 00 00 00 00 00 00 00 00
  234.7468  #1073   len=64   01 80 80 80 80 0f 00 00 00 00 00 00 00 00 00 00 00 00 00 00 00 00 00 00 00 01 00 00 00 00 00 00 00 00 00 80 00 00 00 80 00 00 00 00 00 1d 00 00 00 00 00 00 00 00 00 00 00 00 00 00 00 00 00 00
  234.9906  #1074   len=64   01 80 80 80 80 1f 40 00 00 00 00 00 00 00 00 00 00 00 00 00 00 00 00 00 00 01 00 00 00 00 00 00 00 00 00 80 00 00 00 80 00 00 00 00 00 1d 00 08 00 00 00 00 00 00 00 00 00 00 00 00 00 00 00 00
  235.0228  #1075   len=64   01 80 80 80 80 7f 40 00 00 00 00 00 00 00 00 00 00 00 00 00 00 00 00 00 00 01 00 00 00 00 00 00 00 00 00 80 00 00 00 80 00 00 00 00 00 1d 00 0b 00 00 00 00 00 00 00 00 00 00 00 00 00 00 00 00
  235.0307  #1076   len=64   01 80 80 80 80 ff 40 00 00 00 00 00 00 00 00 00 00 00 00 00 00 00 00 00 00 01 00 00 00 00 00 00 00 00 00 80 00 00 00 80 00 00 00 00 00 1d 00 0f 00 00 00 00 00 00 00 00 00 00 00 00 00 00 00 00
  235.2266  #1077   len=64   01 80 80 80 80 7f 40 00 00 00 00 00 00 00 00 00 00 00 00 00 00 00 00 00 00 01 00 00 00 00 00 00 00 00 00 80 00 00 00 80 00 00 00 00 00 1d 00 0b 00 00 00 00 00 00 00 00 00 00 00 00 00 00 00 00
  235.2387  #1078   len=64   01 80 80 80 80 6f 40 00 00 00 00 00 00 00 00 00 00 00 00 00 00 00 00 00 00 01 00 00 00 00 00 00 00 00 00 80 00 00 00 80 00 00 00 00 00 1d 00 03 00 00 00 00 00 00 00 00 00 00 00 00 00 00 00 00
  235.2827  #1079   len=64   01 80 80 80 80 2f 40 00 00 00 00 00 00 00 00 00 00 00 00 00 00 00 00 00 00 01 00 00 00 00 00 00 00 00 00 80 00 00 00 80 00 00 00 00 00 1d 00 01 00 00 00 00 00 00 00 00 00 00 00 00 00 00 00 00
  235.3826  #1080   len=64   01 80 80 80 80 0f 00 00 00 00 00 00 00 00 00 00 00 00 00 00 00 00 00 00 00 01 00 00 00 00 00 00 00 00 00 80 00 00 00 80 00 00 00 00 00 1d 00 00 00 00 00 00 00 00 00 00 00 00 00 00 00 00 00 00
  235.4626  #1081   len=64   01 80 80 80 80 1f 40 00 00 00 00 00 00 00 00 00 00 00 00 00 00 00 00 00 00 01 00 00 00 00 00 00 00 00 00 80 00 00 00 80 00 00 00 00 00 1d 00 08 00 00 00 00 00 00 00 00 00 00 00 00 00 00 00 00
  235.5506  #1082   len=64   01 80 80 80 80 9f 40 00 00 00 00 00 00 00 00 00 00 00 00 00 00 00 00 00 00 01 00 00 00 00 00 00 00 00 00 80 00 00 00 80 00 00 00 00 00 1d 00 0c 00 00 00 00 00 00 00 00 00 00 00 00 00 00 00 00
  235.6226  #1083   len=64   01 80 80 80 80 df 40 00 00 00 00 00 00 00 00 00 00 00 00 00 00 00 00 00 00 01 00 00 00 00 00 00 00 00 00 80 00 00 00 80 00 00 00 00 00 1d 00 0e 00 00 00 00 00 00 00 00 00 00 00 00 00 00 00 00
  235.7226  #1084   len=64   01 80 80 80 80 cf 40 00 00 00 00 00 00 00 00 00 00 00 00 00 00 00 00 00 00 01 00 00 00 00 00 00 00 00 00 80 00 00 00 80 00 00 00 00 00 1d 00 06 00 00 00 00 00 00 00 00 00 00 00 00 00 00 00 00
  235.7427  #1085   len=64   01 80 80 80 80 ef 40 00 00 00 00 00 00 00 00 00 00 00 00 00 00 00 00 00 00 01 00 00 00 00 00 00 00 00 00 80 00 00 00 80 00 00 00 00 00 1d 00 07 00 00 00 00 00 00 00 00 00 00 00 00 00 00 00 00
  235.7787  #1086   len=64   01 80 80 80 80 6f 40 00 00 00 00 00 00 00 00 00 00 00 00 00 00 00 00 00 00 01 00 00 00 00 00 00 00 00 00 80 00 00 00 80 00 00 00 00 00 1d 00 03 00 00 00 00 00 00 00 00 00 00 00 00 00 00 00 00
  235.7949  #1087   len=64   01 80 80 80 80 2f 40 00 00 00 00 00 00 00 00 00 00 00 00 00 00 00 00 00 00 01 00 00 00 00 00 00 00 00 00 80 00 00 00 80 00 00 00 00 00 1d 00 01 00 00 00 00 00 00 00 00 00 00 00 00 00 00 00 00
  235.8866  #1088   len=64   01 80 80 80 80 0f 00 00 00 00 00 00 00 00 00 00 00 00 00 00 00 00 00 00 00 01 00 00 00 00 00 00 00 00 00 80 00 00 00 80 00 00 00 00 00 1d 00 00 00 00 00 00 00 00 00 00 00 00 00 00 00 00 00 00
  236.4627  #1089   len=64   01 80 80 80 80 0f 41 00 00 00 00 00 00 00 00 00 00 00 00 00 00 00 00 00 00 01 00 00 00 00 00 00 00 00 00 80 00 00 00 80 00 00 00 00 00 1d 00 10 00 00 00 00 00 00 00 00 00 00 00 00 00 00 00 00
  236.5986  #1090   len=64   01 80 80 80 80 1f 41 00 00 00 00 00 00 00 00 00 00 00 00 00 00 00 00 00 00 01 00 00 00 00 00 00 00 00 00 80 00 00 00 80 00 00 00 00 00 1d 00 18 00 00 00 00 00 00 00 00 00 00 00 00 00 00 00 00
  236.7346  #1091   len=64   01 80 80 80 80 9f 41 00 00 00 00 00 00 00 00 00 00 00 00 00 00 00 00 00 00 01 00 00 00 00 00 00 00 00 00 80 00 00 00 80 00 00 00 00 00 1d 00 1c 00 00 00 00 00 00 00 00 00 00 00 00 00 00 00 00
  236.8107  #1092   len=64   01 80 80 80 80 9f 40 00 00 00 00 00 00 00 00 00 00 00 00 00 00 00 00 00 00 01 00 00 00 00 00 00 00 00 00 80 00 00 00 80 00 00 00 00 00 1d 00 0c 00 00 00 00 00 00 00 00 00 00 00 00 00 00 00 00
  236.8468  #1093   len=64   01 80 80 80 80 df 40 00 00 00 00 00 00 00 00 00 00 00 00 00 00 00 00 00 00 01 00 00 00 00 00 00 00 00 00 80 00 00 00 80 00 00 00 00 00 1d 00 0e 00 00 00 00 00 00 00 00 00 00 00 00 00 00 00 00
  236.9226  #1094   len=64   01 80 80 80 80 cf 40 00 00 00 00 00 00 00 00 00 00 00 00 00 00 00 00 00 00 01 00 00 00 00 00 00 00 00 00 80 00 00 00 80 00 00 00 00 00 1d 00 06 00 00 00 00 00 00 00 00 00 00 00 00 00 00 00 00
  236.9627  #1095   len=64   01 80 80 80 80 4f 40 00 00 00 00 00 00 00 00 00 00 00 00 00 00 00 00 00 00 01 00 00 00 00 00 00 00 00 00 80 00 00 00 80 00 00 00 00 00 1d 00 02 00 00 00 00 00 00 00 00 00 00 00 00 00 00 00 00
  237.0107  #1096   len=64   01 80 80 80 80 0f 00 00 00 00 00 00 00 00 00 00 00 00 00 00 00 00 00 00 00 01 00 00 00 00 00 00 00 00 00 80 00 00 00 80 00 00 00 00 00 1d 00 00 00 00 00 00 00 00 00 00 00 00 00 00 00 00 00 00
  237.1707  #1097   len=64   01 80 80 80 80 2f 40 00 00 00 00 00 00 00 00 00 00 00 00 00 00 00 00 00 00 01 00 00 00 00 00 00 00 00 00 80 00 00 00 80 00 00 00 00 00 1d 00 01 00 00 00 00 00 00 00 00 00 00 00 00 00 00 00 00
  237.2946  #1098   len=64   01 80 80 80 80 6f 40 00 00 00 00 00 00 00 00 00 00 00 00 00 00 00 00 00 00 01 00 00 00 00 00 00 00 00 00 80 00 00 00 80 00 00 00 00 00 1d 00 03 00 00 00 00 00 00 00 00 00 00 00 00 00 00 00 00
  237.3666  #1099   len=64   01 80 80 80 80 ef 40 00 00 00 00 00 00 00 00 00 00 00 00 00 00 00 00 00 00 01 00 00 00 00 00 00 00 00 00 80 00 00 00 80 00 00 00 00 00 1d 00 07 00 00 00 00 00 00 00 00 00 00 00 00 00 00 00 00
  237.4067  #1100   len=64   01 80 80 80 80 ff 40 00 00 00 00 00 00 00 00 00 00 00 00 00 00 00 00 00 00 01 00 00 00 00 00 00 00 00 00 80 00 00 00 80 00 00 00 00 00 1d 00 0f 00 00 00 00 00 00 00 00 00 00 00 00 00 00 00 00
  237.4228  #1101   len=64   01 80 80 80 80 df 40 00 00 00 00 00 00 00 00 00 00 00 00 00 00 00 00 00 00 01 00 00 00 00 00 00 00 00 00 80 00 00 00 80 00 00 00 00 00 1d 00 0e 00 00 00 00 00 00 00 00 00 00 00 00 00 00 00 00
  237.5107  #1102   len=64   01 80 80 80 80 9f 40 00 00 00 00 00 00 00 00 00 00 00 00 00 00 00 00 00 00 01 00 00 00 00 00 00 00 00 00 80 00 00 00 80 00 00 00 00 00 1d 00 0c 00 00 00 00 00 00 00 00 00 00 00 00 00 00 00 00
  237.5428  #1103   len=64   01 80 80 80 80 1f 40 00 00 00 00 00 00 00 00 00 00 00 00 00 00 00 00 00 00 01 00 00 00 00 00 00 00 00 00 80 00 00 00 80 00 00 00 00 00 1d 00 08 00 00 00 00 00 00 00 00 00 00 00 00 00 00 00 00
  237.5866  #1104   len=64   01 80 80 80 80 0f 00 00 00 00 00 00 00 00 00 00 00 00 00 00 00 00 00 00 00 01 00 00 00 00 00 00 00 00 00 80 00 00 00 80 00 00 00 00 00 1d 00 00 00 00 00 00 00 00 00 00 00 00 00 00 00 00 00 00
  237.8186  #1105   len=64   01 80 80 80 80 1f 40 00 00 00 00 00 00 00 00 00 00 00 00 00 00 00 00 00 00 01 00 00 00 00 00 00 00 00 00 80 00 00 00 80 00 00 00 00 00 1d 00 08 00 00 00 00 00 00 00 00 00 00 00 00 00 00 00 00
  237.8388  #1106   len=64   01 80 80 80 80 1f 41 00 00 00 00 00 00 00 00 00 00 00 00 00 00 00 00 00 00 01 00 00 00 00 00 00 00 00 00 80 00 00 00 80 00 00 00 00 00 1d 00 18 00 00 00 00 00 00 00 00 00 00 00 00 00 00 00 00
  237.9546  #1107   len=64   01 80 80 80 80 9f 41 00 00 00 00 00 00 00 00 00 00 00 00 00 00 00 00 00 00 01 00 00 00 00 00 00 00 00 00 80 00 00 00 80 00 00 00 00 00 1d 00 1c 00 00 00 00 00 00 00 00 00 00 00 00 00 00 00 00
  238.0187  #1108   len=64   01 80 80 80 80 df 41 00 00 00 00 00 00 00 00 00 00 00 00 00 00 00 00 00 00 01 00 00 00 00 00 00 00 00 00 80 00 00 00 80 00 00 00 00 00 1d 00 1e 00 00 00 00 00 00 00 00 00 00 00 00 00 00 00 00
  238.1027  #1109   len=64   01 80 80 80 80 df 41 00 00 00 00 00 00 00 00 00 00 00 00 00 00 00 00 00 00 01 00 00 00 00 00 00 00 00 00 80 00 00 00 80 00 00 00 00 00 2e 00 1e 00 00 00 00 00 00 00 00 00 00 00 00 00 00 00 00
  238.1666  #1110   len=64   01 80 80 80 80 df 40 00 00 00 00 00 00 00 00 00 00 00 00 00 00 00 00 00 00 01 00 00 00 00 00 00 00 00 00 80 00 00 00 80 00 00 00 00 00 2e 00 0e 00 00 00 00 00 00 00 00 00 00 00 00 00 00 00 00
  238.1746  #1111   len=64   01 80 80 80 80 cf 40 00 00 00 00 00 00 00 00 00 00 00 00 00 00 00 00 00 00 01 00 00 00 00 00 00 00 00 00 80 00 00 00 80 00 00 00 00 00 2e 00 06 00 00 00 00 00 00 00 00 00 00 00 00 00 00 00 00
  238.1828  #1112   len=64   01 80 80 80 80 4f 40 00 00 00 00 00 00 00 00 00 00 00 00 00 00 00 00 00 00 01 00 00 00 00 00 00 00 00 00 80 00 00 00 80 00 00 00 00 00 2e 00 02 00 00 00 00 00 00 00 00 00 00 00 00 00 00 00 00
  238.1988  #1113   len=64   01 80 80 80 80 0f 00 00 00 00 00 00 00 00 00 00 00 00 00 00 00 00 00 00 00 01 00 00 00 00 00 00 00 00 00 80 00 00 00 80 00 00 00 00 00 2e 00 00 00 00 00 00 00 00 00 00 00 00 00 00 00 00 00 00
  238.3026  #1114   len=64   01 80 80 80 80 0f 00 00 00 00 00 00 00 00 00 00 00 00 00 00 00 00 00 00 00 01 00 00 00 00 00 00 00 00 00 80 00 00 00 80 00 00 00 00 00 22 00 00 00 00 00 00 00 00 00 00 00 00 00 00 00 00 00 00
  238.9026  #1115   len=64   01 80 80 80 80 0f 00 00 00 00 00 00 00 00 00 00 00 00 00 00 00 00 00 00 00 01 00 00 00 00 00 00 00 00 00 80 00 00 00 80 00 00 00 00 00 15 00 00 00 00 00 00 00 00 00 00 00 00 00 00 00 00 00 00
  246.5026  #1116   len=64   01 80 80 80 80 0f 00 00 00 00 00 00 00 00 00 00 00 00 00 00 00 00 00 00 00 01 00 00 00 00 00 00 00 00 00 80 00 00 00 80 00 00 00 00 00 0c 00 00 00 00 00 00 00 00 00 00 00 00 00 00 00 00 00 00
  247.1026  #1117   len=64   01 80 80 80 80 0f 00 00 00 00 00 00 00 00 00 00 00 00 00 00 00 00 00 00 00 01 00 00 00 00 00 00 00 00 00 80 00 00 00 80 00 00 00 00 00 15 00 00 00 00 00 00 00 00 00 00 00 00 00 00 00 00 00 00
  256.7027  #1118   len=64   01 80 80 80 80 0f 00 00 00 00 00 00 00 00 00 00 00 00 00 00 00 00 00 00 00 01 00 00 00 00 00 00 00 00 00 80 00 00 00 80 00 00 00 00 00 08 00 00 00 00 00 00 00 00 00 00 00 00 00 00 00 00 00 00
  256.9026  #1119   len=64   01 80 80 80 80 0f 00 00 00 00 00 00 00 00 00 00 00 00 00 00 00 00 00 00 00 01 00 00 00 00 00 00 00 00 00 80 00 00 00 80 00 00 00 00 00 11 00 00 00 00 00 00 00 00 00 00 00 00 00 00 00 00 00 00
  259.3028  #1120   len=64   01 80 80 80 80 0f 00 00 00 00 00 00 00 00 00 00 00 00 00 00 00 00 00 00 00 01 00 00 00 00 00 00 00 00 00 80 00 00 00 80 00 00 00 00 00 08 00 00 00 00 00 00 00 00 00 00 00 00 00 00 00 00 00 00
  259.9027  #1121   len=64   01 80 80 80 80 0f 00 00 00 00 00 00 00 00 00 00 00 00 00 00 00 00 00 00 00 01 00 00 00 00 00 00 00 00 00 80 00 00 00 80 00 00 00 00 00 11 00 00 00 00 00 00 00 00 00 00 00 00 00 00 00 00 00 00
  266.1066  #1122   len=64   01 80 80 80 80 0f 00 00 00 00 00 00 00 00 00 00 00 00 00 00 00 00 00 00 00 01 00 00 00 00 00 00 00 00 00 80 00 00 00 80 00 00 00 00 00 08 00 00 00 00 00 00 00 00 00 00 00 00 00 00 00 00 00 00
  266.3066  #1123   len=64   01 80 80 80 80 0f 00 00 00 00 00 00 00 00 00 00 00 00 00 00 00 00 00 00 00 01 00 00 00 00 00 00 00 00 00 80 00 00 00 80 00 00 00 00 00 00 00 00 00 00 00 00 00 00 00 00 00 00 00 00 00 00 00 00
  266.7066  #1124   len=64   01 80 80 80 80 0f 00 00 00 00 00 00 00 00 00 00 00 00 00 00 00 00 00 00 00 01 00 00 00 00 00 00 00 00 00 80 00 00 00 80 00 00 00 00 00 08 00 00 00 00 00 00 00 00 00 00 00 00 00 00 00 00 00 00
  267.5026  #1125   len=64   01 80 80 80 80 0f 00 00 00 00 00 00 00 00 00 00 00 00 00 00 00 00 00 00 00 01 00 00 00 00 00 00 00 00 00 80 00 00 00 80 00 00 00 00 00 11 00 00 00 00 00 00 00 00 00 00 00 00 00 00 00 00 00 00
  272.9068  #1126   len=64   01 80 80 80 80 0f 00 00 00 00 00 00 00 00 00 00 00 00 00 00 00 00 00 00 00 01 00 00 00 00 00 00 00 00 00 80 00 00 00 80 00 00 00 00 00 19 00 00 00 00 00 00 00 00 00 00 00 00 00 00 00 00 00 00
  273.1066  #1127   len=64   01 80 80 80 80 0f 00 00 00 00 00 00 00 00 00 00 00 00 00 00 00 00 00 00 00 01 00 00 00 00 00 00 00 00 00 80 00 00 00 80 00 00 00 00 00 22 00 00 00 00 00 00 00 00 00 00 00 00 00 00 00 00 00 00
  274.1066  #1128   len=64   01 80 80 80 80 0f 00 00 00 00 00 00 00 00 00 00 00 00 00 00 00 00 00 00 00 01 00 00 00 00 00 00 00 00 00 80 00 00 00 80 00 00 00 00 00 19 00 00 00 00 00 00 00 00 00 00 00 00 00 00 00 00 00 00
  274.7066  #1129   len=64   01 80 80 80 80 0f 00 00 00 00 00 00 00 00 00 00 00 00 00 00 00 00 00 00 00 01 00 00 00 00 00 00 00 00 00 80 00 00 00 80 00 00 00 00 00 22 00 00 00 00 00 00 00 00 00 00 00 00 00 00 00 00 00 00
  274.9026  #1130   len=64   01 80 80 80 80 0f 00 00 00 00 00 00 00 00 00 00 00 00 00 00 00 00 00 00 00 01 00 00 00 00 00 00 00 00 00 80 00 00 00 80 00 00 00 00 00 19 00 00 00 00 00 00 00 00 00 00 00 00 00 00 00 00 00 00
  275.3066  #1131   len=64   01 80 80 80 80 0f 00 00 00 00 00 00 00 00 00 00 00 00 00 00 00 00 00 00 00 01 00 00 00 00 00 00 00 00 00 80 00 00 00 80 00 00 00 00 00 11 00 00 00 00 00 00 00 00 00 00 00 00 00 00 00 00 00 00
  275.7066  #1132   len=64   01 80 80 80 80 0f 00 00 00 00 00 00 00 00 00 00 00 00 00 00 00 00 00 00 00 01 00 00 00 00 00 00 00 00 00 80 00 00 00 80 00 00 00 00 00 1d 00 00 00 00 00 00 00 00 00 00 00 00 00 00 00 00 00 00
  275.9066  #1133   len=64   01 80 80 80 80 0f 00 00 00 00 00 00 00 00 00 00 00 00 00 00 00 00 00 00 00 01 00 00 00 00 00 00 00 00 00 80 00 00 00 80 00 00 00 00 00 2a 00 00 00 00 00 00 00 00 00 00 00 00 00 00 00 00 00 00
  276.3066  #1134   len=64   01 80 80 80 80 0f 00 00 00 00 00 00 00 00 00 00 00 00 00 00 00 00 00 00 00 01 00 00 00 00 00 00 00 00 00 80 00 00 00 80 00 00 00 00 00 33 00 00 00 00 00 00 00 00 00 00 00 00 00 00 00 00 00 00
  277.1066  #1135   len=64   01 80 80 80 80 0f 00 00 00 00 00 00 00 00 00 00 00 00 00 00 00 00 00 00 00 01 00 00 00 00 00 00 00 00 00 80 00 00 00 80 00 00 00 00 00 2a 00 00 00 00 00 00 00 00 00 00 00 00 00 00 00 00 00 00
  277.7066  #1136   len=64   01 80 80 80 80 0f 00 00 00 00 00 00 00 00 00 00 00 00 00 00 00 00 00 00 00 01 00 00 00 00 00 00 00 00 00 80 00 00 00 80 00 00 00 00 00 37 00 00 00 00 00 00 00 00 00 00 00 00 00 00 00 00 00 00
  277.9066  #1137   len=64   01 80 80 80 80 0f 00 00 00 00 00 00 00 00 00 00 00 00 00 00 00 00 00 00 00 01 00 00 00 00 00 00 00 00 00 80 00 00 00 80 00 00 00 00 00 22 00 00 00 00 00 00 00 00 00 00 00 00 00 00 00 00 00 00
  278.5066  #1138   len=64   01 80 80 80 80 0f 00 00 00 00 00 00 00 00 00 00 00 00 00 00 00 00 00 00 00 01 00 00 00 00 00 00 00 00 00 80 00 00 00 80 00 00 00 00 00 33 00 00 00 00 00 00 00 00 00 00 00 00 00 00 00 00 00 00
  278.7066  #1139   len=64   01 80 80 80 80 0f 00 00 00 00 00 00 00 00 00 00 00 00 00 00 00 00 00 00 00 01 00 00 00 00 00 00 00 00 00 80 00 00 00 80 00 00 00 00 00 11 00 00 00 00 00 00 00 00 00 00 00 00 00 00 00 00 00 00
  278.9066  #1140   len=64   01 80 80 80 80 0f 00 00 00 00 00 00 00 00 00 00 00 00 00 00 00 00 00 00 00 01 00 00 00 00 00 00 00 00 00 80 00 00 00 80 00 00 00 00 00 19 00 00 00 00 00 00 00 00 00 00 00 00 00 00 00 00 00 00
  279.3067  #1141   len=64   01 80 80 80 80 0f 00 00 00 00 00 00 00 00 00 00 00 00 00 00 00 00 00 00 00 01 00 00 00 00 00 00 00 00 00 80 00 00 00 80 00 00 00 00 00 04 00 00 00 00 00 00 00 00 00 00 00 00 00 00 00 00 00 00
  279.7066  #1142   len=64   01 80 80 80 80 0f 00 00 00 00 00 00 00 00 00 00 00 00 00 00 00 00 00 00 00 01 00 00 00 00 00 00 00 00 00 80 00 00 00 80 00 00 00 00 00 0c 00 00 00 00 00 00 00 00 00 00 00 00 00 00 00 00 00 00
  298.5066  #1143   len=64   01 80 80 80 80 0f 00 00 00 00 00 00 00 00 00 00 00 00 00 00 00 00 00 00 00 01 00 00 00 00 00 00 00 00 00 80 00 00 00 80 00 00 00 00 00 00 00 00 00 00 00 00 00 00 00 00 00 00 00 00 00 00 00 00
  299.5066  #1144   len=64   01 80 80 80 80 0f 00 00 00 00 00 00 00 00 00 00 00 00 00 00 00 00 00 00 00 01 00 00 00 00 00 00 00 00 00 80 00 00 00 80 00 00 00 00 00 08 00 00 00 00 00 00 00 00 00 00 00 00 00 00 00 00 00 00
  299.7066  #1145   len=64   01 80 80 80 80 0f 00 00 00 00 00 00 00 00 00 00 00 00 00 00 00 00 00 00 00 01 00 00 00 00 00 00 00 00 00 80 00 00 00 80 00 00 00 00 00 11 00 00 00 00 00 00 00 00 00 00 00 00 00 00 00 00 00 00
  301.5066  #1146   len=64   01 80 80 80 80 0f 00 00 00 00 00 00 00 00 00 00 00 00 00 00 00 00 00 00 00 01 00 00 00 00 00 00 00 00 00 80 00 00 00 80 00 00 00 00 00 1d 00 00 00 00 00 00 00 00 00 00 00 00 00 00 00 00 00 00
  302.3066  #1147   len=64   01 80 80 80 80 0f 00 00 00 00 00 00 00 00 00 00 00 00 00 00 00 00 00 00 00 01 00 00 00 00 00 00 00 00 00 80 00 00 00 80 00 00 00 00 00 26 00 00 00 00 00 00 00 00 00 00 00 00 00 00 00 00 00 00
  302.7066  #1148   len=64   01 80 80 80 80 0f 00 00 00 00 00 00 00 00 00 00 00 00 00 00 00 00 00 00 00 01 00 00 00 00 00 00 00 00 00 80 00 00 00 80 00 00 00 00 00 1d 00 00 00 00 00 00 00 00 00 00 00 00 00 00 00 00 00 00
  302.9066  #1149   len=64   01 80 80 80 80 0f 00 00 00 00 00 00 00 00 00 00 00 00 00 00 00 00 00 00 00 01 00 00 00 00 00 00 00 00 00 80 00 00 00 80 00 00 00 00 00 0c 00 00 00 00 00 00 00 00 00 00 00 00 00 00 00 00 00 00
  303.1066  #1150   len=64   01 80 80 80 80 0f 00 00 00 00 00 00 00 00 00 00 00 00 00 00 00 00 00 00 00 01 00 00 00 00 00 00 00 00 00 80 00 00 00 80 00 00 00 00 00 04 00 00 00 00 00 00 00 00 00 00 00 00 00 00 00 00 00 00
  303.7066  #1151   len=64   01 80 80 80 80 0f 00 00 00 00 00 00 00 00 00 00 00 00 00 00 00 00 00 00 00 01 00 00 00 00 00 00 00 00 00 80 00 00 00 80 00 00 00 00 00 00 00 00 00 00 00 00 00 00 00 00 00 00 00 00 00 00 00 00
  304.1066  #1152   len=64   01 80 80 80 80 0f 00 00 00 00 00 00 00 00 00 00 00 00 00 00 00 00 00 00 00 01 00 00 00 00 00 00 00 00 00 80 00 00 00 80 00 00 00 00 00 08 00 00 00 00 00 00 00 00 00 00 00 00 00 00 00 00 00 00
  304.3066  #1153   len=64   01 80 80 80 80 0f 00 00 00 00 00 00 00 00 00 00 00 00 00 00 00 00 00 00 00 01 00 00 00 00 00 00 00 00 00 80 00 00 00 80 00 00 00 00 00 26 00 00 00 00 00 00 00 00 00 00 00 00 00 00 00 00 00 00
  304.4106  #1154   len=64   01 80 80 80 80 0f 00 00 00 00 00 00 00 00 00 00 00 00 00 00 00 00 00 00 00 01 00 00 00 00 00 00 00 00 00 80 00 00 00 80 00 00 00 00 04 26 00 00 00 00 00 00 00 00 00 00 00 00 00 00 00 00 00 00
  304.4226  #1155   len=64   01 80 80 80 80 0f 00 00 00 00 00 00 00 00 00 00 00 00 00 00 00 00 00 00 00 01 00 00 00 00 00 00 00 00 00 80 00 00 00 80 00 00 00 00 0c 26 00 00 00 00 00 00 00 00 00 00 00 00 00 00 00 00 00 00
  304.4266  #1156   len=64   01 80 80 80 80 0f 00 00 00 00 00 00 00 00 00 00 00 00 00 00 00 00 00 00 00 01 00 00 00 00 00 00 00 00 00 80 00 00 00 80 00 00 00 00 10 26 00 00 00 00 00 00 00 00 00 00 00 00 00 00 00 00 00 00
  304.4386  #1157   len=64   01 80 80 80 80 0f 00 00 00 00 00 00 00 00 00 00 00 00 00 00 00 00 00 00 00 01 00 00 00 00 00 00 00 00 00 80 00 00 00 80 00 00 00 00 13 26 00 00 00 00 00 00 00 00 00 00 00 00 00 00 00 00 00 00
  304.4426  #1158   len=64   01 80 80 80 80 0f 00 00 00 00 00 00 00 00 00 00 00 00 00 00 00 00 00 00 00 01 00 00 00 00 00 00 00 00 00 80 00 00 00 80 00 00 00 00 16 26 00 00 00 00 00 00 00 00 00 00 00 00 00 00 00 00 00 00
  304.4506  #1159   len=64   01 80 80 80 80 0f 00 00 00 00 00 00 00 00 00 00 00 00 00 00 00 00 00 00 00 01 00 00 00 00 00 00 00 00 00 80 00 00 00 80 00 00 00 00 19 26 00 00 00 00 00 00 00 00 00 00 00 00 00 00 00 00 00 00
  304.4626  #1160   len=64   01 80 80 80 80 0f 00 00 00 00 00 00 00 00 00 00 00 00 00 00 00 00 00 00 00 01 00 00 00 00 00 00 00 00 00 80 00 00 00 80 00 00 00 00 1b 26 00 00 00 00 00 00 00 00 00 00 00 00 00 00 00 00 00 00
  304.4666  #1161   len=64   01 80 80 80 80 0f 00 00 00 00 00 00 00 00 00 00 00 00 00 00 00 00 00 00 00 01 00 00 00 00 00 00 00 00 00 80 00 00 00 80 00 00 00 00 1d 26 00 00 00 00 00 00 00 00 00 00 00 00 00 00 00 00 00 00
  304.4786  #1162   len=64   01 80 80 80 80 0f 00 00 00 00 00 00 00 00 00 00 00 00 00 00 00 00 00 00 00 01 00 00 00 00 00 00 00 00 00 80 00 00 00 80 00 00 00 00 1f 26 00 00 00 00 00 00 00 00 00 00 00 00 00 00 00 00 00 00
  304.4826  #1163   len=64   01 80 80 80 80 0f 00 00 00 00 00 00 00 00 00 00 00 00 00 00 00 00 00 00 00 01 00 00 00 00 00 00 00 00 00 80 00 00 00 80 00 00 00 00 22 26 00 00 00 00 00 00 00 00 00 00 00 00 00 00 00 00 00 00
  304.4946  #1164   len=64   01 80 80 80 80 0f 00 00 00 00 00 00 00 00 00 00 00 00 00 00 00 00 00 00 00 01 00 00 00 00 00 00 00 00 00 80 00 00 00 80 00 00 00 00 24 26 00 00 00 00 00 00 00 00 00 00 00 00 00 00 00 00 00 00
  304.5026  #1165   len=64   01 80 80 80 80 0f 00 00 00 00 00 00 00 00 00 00 00 00 00 00 00 00 00 00 00 01 00 00 00 00 00 00 00 00 00 80 00 00 00 80 00 00 00 00 25 26 00 00 00 00 00 00 00 00 00 00 00 00 00 00 00 00 00 00
  304.5066  #1166   len=64   01 80 80 80 80 0f 00 00 00 00 00 00 00 00 00 00 00 00 00 00 00 00 00 00 00 01 00 00 00 00 00 00 00 00 00 80 00 00 00 80 00 00 00 00 26 2e 00 00 00 00 00 00 00 00 00 00 00 00 00 00 00 00 00 00
  304.5146  #1167   len=64   01 80 80 80 80 0f 00 00 00 00 00 00 00 00 00 00 00 00 00 00 00 00 00 00 00 01 00 00 00 00 00 00 00 00 00 80 00 00 00 80 00 00 00 00 27 2e 00 00 00 00 00 00 00 00 00 00 00 00 00 00 00 00 00 00
  304.5226  #1168   len=64   01 80 80 80 80 0f 00 00 00 00 00 00 00 00 00 00 00 00 00 00 00 00 00 00 00 01 00 00 00 00 00 00 00 00 00 80 00 00 00 80 00 00 00 00 28 2e 00 00 00 00 00 00 00 00 00 00 00 00 00 00 00 00 00 00
  304.5346  #1169   len=64   01 80 80 80 80 0f 00 00 00 00 00 00 00 00 00 00 00 00 00 00 00 00 00 00 00 01 00 00 00 00 00 00 00 00 00 80 00 00 00 80 00 00 00 00 29 2e 00 00 00 00 00 00 00 00 00 00 00 00 00 00 00 00 00 00
  304.5426  #1170   len=64   01 80 80 80 80 0f 00 00 00 00 00 00 00 00 00 00 00 00 00 00 00 00 00 00 00 01 00 00 00 00 00 00 00 00 00 80 00 00 00 80 00 00 00 00 2a 2e 00 00 00 00 00 00 00 00 00 00 00 00 00 00 00 00 00 00
  304.5586  #1171   len=64   01 80 80 80 80 0f 00 00 00 00 00 00 00 00 00 00 00 00 00 00 00 00 00 00 00 01 00 00 00 00 00 00 00 00 00 80 00 00 00 80 00 00 00 00 2b 2e 00 00 00 00 00 00 00 00 00 00 00 00 00 00 00 00 00 00
  304.5706  #1172   len=64   01 80 80 80 80 0f 00 00 00 00 00 00 00 00 00 00 00 00 00 00 00 00 00 00 00 01 00 00 00 00 00 00 00 00 00 80 00 00 00 80 00 00 00 00 2c 2e 00 00 00 00 00 00 00 00 00 00 00 00 00 00 00 00 00 00
  304.5866  #1173   len=64   01 80 80 80 80 0f 00 00 00 00 00 00 00 00 00 00 00 00 00 00 00 00 00 00 00 01 00 00 00 00 00 00 00 00 00 80 00 00 00 80 00 00 00 00 2d 2e 00 00 00 00 00 00 00 00 00 00 00 00 00 00 00 00 00 00
  304.6026  #1174   len=64   01 80 80 80 80 0f 00 00 00 00 00 00 00 00 00 00 00 00 00 00 00 00 00 00 00 01 00 00 00 00 00 00 00 00 00 80 00 00 00 80 00 00 00 00 2c 2e 00 00 00 00 00 00 00 00 00 00 00 00 00 00 00 00 00 00
  304.6826  #1175   len=64   01 80 80 80 80 0f 00 00 00 00 00 00 00 00 00 00 00 00 00 00 00 00 00 00 00 01 00 00 00 00 00 00 00 00 00 80 00 00 00 80 00 00 00 00 2b 2e 00 00 00 00 00 00 00 00 00 00 00 00 00 00 00 00 00 00
  304.7066  #1176   len=64   01 80 80 80 80 0f 00 00 00 00 00 00 00 00 00 00 00 00 00 00 00 00 00 00 00 01 00 00 00 00 00 00 00 00 00 80 00 00 00 80 00 00 00 00 2b 3b 00 00 00 00 00 00 00 00 00 00 00 00 00 00 00 00 00 00
  304.7586  #1177   len=64   01 80 80 80 80 0f 00 00 00 00 00 00 00 00 00 00 00 00 00 00 00 00 00 00 00 01 00 00 00 00 00 00 00 00 00 80 00 00 00 80 00 00 00 00 2a 3b 00 00 00 00 00 00 00 00 00 00 00 00 00 00 00 00 00 00
  304.7826  #1178   len=64   01 80 80 80 80 0f 00 00 00 00 00 00 00 00 00 00 00 00 00 00 00 00 00 00 00 01 00 00 00 00 00 00 00 00 00 80 00 00 00 80 00 00 00 00 29 3b 00 00 00 00 00 00 00 00 00 00 00 00 00 00 00 00 00 00
  304.7866  #1179   len=64   01 80 80 80 80 0f 00 00 00 00 00 00 00 00 00 00 00 00 00 00 00 00 00 00 00 01 00 00 00 00 00 00 00 00 00 80 00 00 00 80 00 00 00 00 28 3b 00 00 00 00 00 00 00 00 00 00 00 00 00 00 00 00 00 00
  304.7986  #1180   len=64   01 80 80 80 80 0f 00 00 00 00 00 00 00 00 00 00 00 00 00 00 00 00 00 00 00 01 00 00 00 00 00 00 00 00 00 80 00 00 00 80 00 00 00 00 27 3b 00 00 00 00 00 00 00 00 00 00 00 00 00 00 00 00 00 00
  304.8026  #1181   len=64   01 80 80 80 80 0f 00 00 00 00 00 00 00 00 00 00 00 00 00 00 00 00 00 00 00 01 00 00 00 00 00 00 00 00 00 80 00 00 00 80 00 00 00 00 25 3b 00 00 00 00 00 00 00 00 00 00 00 00 00 00 00 00 00 00
  304.8226  #1182   len=64   01 80 80 80 80 0f 00 00 00 00 00 00 00 00 00 00 00 00 00 00 00 00 00 00 00 01 00 00 00 00 00 00 00 00 00 80 00 00 00 80 00 00 00 00 24 3b 00 00 00 00 00 00 00 00 00 00 00 00 00 00 00 00 00 00
  304.8386  #1183   len=64   01 80 80 80 80 0f 00 00 00 00 00 00 00 00 00 00 00 00 00 00 00 00 00 00 00 01 00 00 00 00 00 00 00 00 00 80 00 00 00 80 00 00 00 00 23 3b 00 00 00 00 00 00 00 00 00 00 00 00 00 00 00 00 00 00
  304.8746  #1184   len=64   01 80 80 80 80 0f 00 00 00 00 00 00 00 00 00 00 00 00 00 00 00 00 00 00 00 01 00 00 00 00 00 00 00 00 00 80 00 00 00 80 00 00 00 00 22 3b 00 00 00 00 00 00 00 00 00 00 00 00 00 00 00 00 00 00
  304.9026  #1185   len=64   01 80 80 80 80 0f 00 00 00 00 00 00 00 00 00 00 00 00 00 00 00 00 00 00 00 01 00 00 00 00 00 00 00 00 00 80 00 00 00 80 00 00 00 00 23 3b 00 00 00 00 00 00 00 00 00 00 00 00 00 00 00 00 00 00
  304.9066  #1186   len=64   01 80 80 80 80 0f 00 00 00 00 00 00 00 00 00 00 00 00 00 00 00 00 00 00 00 01 00 00 00 00 00 00 00 00 00 80 00 00 00 80 00 00 00 00 23 59 00 00 00 00 00 00 00 00 00 00 00 00 00 00 00 00 00 00
  304.9706  #1187   len=64   01 80 80 80 80 0f 00 00 00 00 00 00 00 00 00 00 00 00 00 00 00 00 00 00 00 01 00 00 00 00 00 00 00 00 00 80 00 00 00 80 00 00 00 00 24 59 00 00 00 00 00 00 00 00 00 00 00 00 00 00 00 00 00 00
  304.9826  #1188   len=64   01 80 80 80 80 0f 00 00 00 00 00 00 00 00 00 00 00 00 00 00 00 00 00 00 00 01 00 00 00 00 00 00 00 00 00 80 00 00 00 80 00 00 00 00 2f 59 00 00 00 00 00 00 00 00 00 00 00 00 00 00 00 00 00 00
  304.9866  #1189   len=64   01 80 80 80 80 0f 00 00 00 00 00 00 00 00 00 00 00 00 00 00 00 00 00 00 00 01 00 00 00 00 00 00 00 00 00 80 00 00 00 80 00 00 00 00 39 59 00 00 00 00 00 00 00 00 00 00 00 00 00 00 00 00 00 00
  304.9946  #1190   len=64   01 80 80 80 80 0f 00 00 00 00 00 00 00 00 00 00 00 00 00 00 00 00 00 00 00 01 00 00 00 00 00 00 00 00 00 80 00 00 00 80 00 00 00 00 44 59 00 00 00 00 00 00 00 00 00 00 00 00 00 00 00 00 00 00
  305.0026  #1191   len=64   01 80 80 80 80 0f 00 00 00 00 00 00 00 00 00 00 00 00 00 00 00 00 00 00 00 01 00 00 00 00 00 00 00 00 00 80 00 00 00 80 00 00 00 00 4c 59 00 00 00 00 00 00 00 00 00 00 00 00 00 00 00 00 00 00
  305.0106  #1192   len=64   01 80 80 80 80 0f 00 00 00 00 00 00 00 00 00 00 00 00 00 00 00 00 00 00 00 01 00 00 00 00 00 00 00 00 00 80 00 00 00 80 00 00 00 00 52 59 00 00 00 00 00 00 00 00 00 00 00 00 00 00 00 00 00 00
  305.0226  #1193   len=64   01 80 80 80 80 0f 00 00 00 00 00 00 00 00 00 00 00 00 00 00 00 00 00 00 00 01 00 00 00 00 00 00 00 00 00 80 00 00 00 80 00 00 00 00 56 59 00 00 00 00 00 00 00 00 00 00 00 00 00 00 00 00 00 00
  305.0266  #1194   len=64   01 80 80 80 80 0f 00 00 00 00 00 00 00 00 00 00 00 00 00 00 00 00 00 00 00 01 00 00 00 00 00 00 00 00 00 80 00 00 00 80 00 00 00 00 59 59 00 00 00 00 00 00 00 00 00 00 00 00 00 00 00 00 00 00
  305.0386  #1195   len=64   01 80 80 80 80 0f 00 00 00 00 00 00 00 00 00 00 00 00 00 00 00 00 00 00 00 01 00 00 00 00 00 00 00 00 00 80 00 00 00 80 00 00 00 00 5b 59 00 00 00 00 00 00 00 00 00 00 00 00 00 00 00 00 00 00
  305.0426  #1196   len=64   01 80 80 80 80 0f 00 00 00 00 00 00 00 00 00 00 00 00 00 00 00 00 00 00 00 01 00 00 00 00 00 00 00 00 00 80 00 00 00 80 00 00 00 00 5c 59 00 00 00 00 00 00 00 00 00 00 00 00 00 00 00 00 00 00
  305.0786  #1197   len=64   01 80 80 80 80 0f 00 00 00 00 00 00 00 00 00 00 00 00 00 00 00 00 00 00 00 01 00 00 00 00 00 00 00 00 00 80 00 00 00 80 00 00 00 00 5b 59 00 00 00 00 00 00 00 00 00 00 00 00 00 00 00 00 00 00
  305.1066  #1198   len=64   01 80 80 80 80 0f 00 00 00 00 00 00 00 00 00 00 00 00 00 00 00 00 00 00 00 01 00 00 00 00 00 00 00 00 00 80 00 00 00 80 00 00 00 00 5b 77 00 00 00 00 00 00 00 00 00 00 00 00 00 00 00 00 00 00
  305.1186  #1199   len=64   01 80 80 80 80 0f 00 00 00 00 00 00 00 00 00 00 00 00 00 00 00 00 00 00 00 01 00 00 00 00 00 00 00 00 00 80 00 00 00 80 00 00 00 00 5c 77 00 00 00 00 00 00 00 00 00 00 00 00 00 00 00 00 00 00
  305.1226  #1200   len=64   01 80 80 80 80 0f 00 00 00 00 00 00 00 00 00 00 00 00 00 00 00 00 00 00 00 01 00 00 00 00 00 00 00 00 00 80 00 00 00 80 00 00 00 00 5b 77 00 00 00 00 00 00 00 00 00 00 00 00 00 00 00 00 00 00
  305.1626  #1201   len=64   01 80 80 80 80 0f 00 00 00 00 00 00 00 00 00 00 00 00 00 00 00 00 00 00 00 01 00 00 00 00 00 00 00 00 00 80 00 00 00 80 00 00 00 00 5c 77 00 00 00 00 00 00 00 00 00 00 00 00 00 00 00 00 00 00
  305.1706  #1202   len=64   01 80 80 80 80 0f 00 00 00 00 00 00 00 00 00 00 00 00 00 00 00 00 00 00 00 01 00 00 00 00 00 00 00 00 00 80 00 00 00 80 00 00 00 00 58 77 00 00 00 00 00 00 00 00 00 00 00 00 00 00 00 00 00 00
  305.1826  #1203   len=64   01 80 80 80 80 0f 00 00 00 00 00 00 00 00 00 00 00 00 00 00 00 00 00 00 00 01 00 00 00 00 00 00 00 00 00 80 00 00 00 80 00 00 00 00 51 77 00 00 00 00 00 00 00 00 00 00 00 00 00 00 00 00 00 00
  305.1866  #1204   len=64   01 80 80 80 80 0f 00 00 00 00 00 00 00 00 00 00 00 00 00 00 00 00 00 00 00 01 00 00 00 00 00 00 00 00 00 80 00 00 00 80 00 00 00 00 4b 77 00 00 00 00 00 00 00 00 00 00 00 00 00 00 00 00 00 00
  305.1986  #1205   len=64   01 80 80 80 80 0f 00 00 00 00 00 00 00 00 00 00 00 00 00 00 00 00 00 00 00 01 00 00 00 00 00 00 00 00 00 80 00 00 00 80 00 00 00 00 43 77 00 00 00 00 00 00 00 00 00 00 00 00 00 00 00 00 00 00
  305.2026  #1206   len=64   01 80 80 80 80 0f 00 00 00 00 00 00 00 00 00 00 00 00 00 00 00 00 00 00 00 01 00 00 00 00 00 00 00 00 00 80 00 00 00 80 00 00 00 00 38 77 00 00 00 00 00 00 00 00 00 00 00 00 00 00 00 00 00 00
  305.2146  #1207   len=64   01 80 80 80 80 0f 00 00 00 00 00 00 00 00 00 00 00 00 00 00 00 00 00 00 00 01 00 00 00 00 00 00 00 00 00 80 00 00 00 80 00 00 00 00 2c 77 00 00 00 00 00 00 00 00 00 00 00 00 00 00 00 00 00 00
  305.2226  #1208   len=64   01 80 80 80 80 0f 00 00 00 00 00 00 00 00 00 00 00 00 00 00 00 00 00 00 00 01 00 00 00 00 00 00 00 00 00 80 00 00 00 80 00 00 00 00 1c 77 00 00 00 00 00 00 00 00 00 00 00 00 00 00 00 00 00 00
  305.2266  #1209   len=64   01 80 80 80 80 0f 00 00 00 00 00 00 00 00 00 00 00 00 00 00 00 00 00 00 00 01 00 00 00 00 00 00 00 00 00 80 00 00 00 80 00 00 00 00 09 77 00 00 00 00 00 00 00 00 00 00 00 00 00 00 00 00 00 00
  305.2346  #1210   len=64   01 80 80 80 80 0f 00 00 00 00 00 00 00 00 00 00 00 00 00 00 00 00 00 00 00 01 00 00 00 00 00 00 00 00 00 80 00 00 00 80 00 00 00 00 00 77 00 00 00 00 00 00 00 00 00 00 00 00 00 00 00 00 00 00
  305.3066  #1211   len=64   01 80 80 80 80 0f 00 00 00 00 00 00 00 00 00 00 00 00 00 00 00 00 00 00 00 01 00 00 00 00 00 00 00 00 00 80 00 00 00 80 00 00 00 00 00 83 00 00 00 00 00 00 00 00 00 00 00 00 00 00 00 00 00 00
  305.5066  #1212   len=64   01 80 80 80 80 0f 00 00 00 00 00 00 00 00 00 00 00 00 00 00 00 00 00 00 00 01 00 00 00 00 00 00 00 00 00 80 00 00 00 80 00 00 00 00 00 8c 00 00 00 00 00 00 00 00 00 00 00 00 00 00 00 00 00 00
  305.7066  #1213   len=64   01 80 80 80 80 0f 00 00 00 00 00 00 00 00 00 00 00 00 00 00 00 00 00 00 00 01 00 00 00 00 00 00 00 00 00 80 00 00 00 80 00 00 00 00 00 aa 00 00 00 00 00 00 00 00 00 00 00 00 00 00 00 00 00 00
  305.9066  #1214   len=64   01 80 80 80 80 0f 00 00 00 00 00 00 00 00 00 00 00 00 00 00 00 00 00 00 00 01 00 00 00 00 00 00 00 00 00 80 00 00 00 80 00 00 00 00 00 9d 00 00 00 00 00 00 00 00 00 00 00 00 00 00 00 00 00 00
  306.3066  #1215   len=64   01 80 80 80 80 0f 00 00 00 00 00 00 00 00 00 00 00 00 00 00 00 00 00 00 00 01 00 00 00 00 00 00 00 00 00 80 00 00 00 80 00 00 00 00 00 a5 00 00 00 00 00 00 00 00 00 00 00 00 00 00 00 00 00 00
  306.7066  #1216   len=64   01 80 80 80 80 0f 00 00 00 00 00 00 00 00 00 00 00 00 00 00 00 00 00 00 00 01 00 00 00 00 00 00 00 00 00 80 00 00 00 80 00 00 00 00 00 99 00 00 00 00 00 00 00 00 00 00 00 00 00 00 00 00 00 00
  307.7066  #1217   len=64   01 80 80 80 80 0f 00 00 00 00 00 00 00 00 00 00 00 00 00 00 00 00 00 00 00 01 00 00 00 00 00 00 00 00 00 80 00 00 00 80 00 00 00 00 00 a1 00 00 00 00 00 00 00 00 00 00 00 00 00 00 00 00 00 00
  308.5106  #1218   len=64   01 80 80 80 80 0f 00 00 00 00 00 00 00 00 00 00 00 00 00 00 00 00 00 00 00 01 00 00 00 00 00 00 00 00 00 80 00 00 00 80 00 00 00 00 00 99 00 00 00 00 00 00 00 00 00 00 00 00 00 00 00 00 00 00
  308.7066  #1219   len=64   01 80 80 80 80 0f 00 00 00 00 00 00 00 00 00 00 00 00 00 00 00 00 00 00 00 01 00 00 00 00 00 00 00 00 00 80 00 00 00 80 00 00 00 00 00 90 00 00 00 00 00 00 00 00 00 00 00 00 00 00 00 00 00 00
  308.9066  #1220   len=64   01 80 80 80 80 0f 00 00 00 00 00 00 00 00 00 00 00 00 00 00 00 00 00 00 00 01 00 00 00 00 00 00 00 00 00 80 00 00 00 80 00 00 00 00 00 77 00 00 00 00 00 00 00 00 00 00 00 00 00 00 00 00 00 00
  309.1066  #1221   len=64   01 80 80 80 80 0f 00 00 00 00 00 00 00 00 00 00 00 00 00 00 00 00 00 00 00 01 00 00 00 00 00 00 00 00 00 80 00 00 00 80 00 00 00 00 00 66 00 00 00 00 00 00 00 00 00 00 00 00 00 00 00 00 00 00
  309.3066  #1222   len=64   01 80 80 80 80 0f 00 00 00 00 00 00 00 00 00 00 00 00 00 00 00 00 00 00 00 01 00 00 00 00 00 00 00 00 00 80 00 00 00 80 00 00 00 00 00 50 00 00 00 00 00 00 00 00 00 00 00 00 00 00 00 00 00 00
  309.5066  #1223   len=64   01 80 80 80 80 0f 00 00 00 00 00 00 00 00 00 00 00 00 00 00 00 00 00 00 00 01 00 00 00 00 00 00 00 00 00 80 00 00 00 80 00 00 00 00 00 48 00 00 00 00 00 00 00 00 00 00 00 00 00 00 00 00 00 00
  309.7066  #1224   len=64   01 80 80 80 80 0f 00 00 00 00 00 00 00 00 00 00 00 00 00 00 00 00 00 00 00 01 00 00 00 00 00 00 00 00 00 80 00 00 00 80 00 00 00 00 00 3b 00 00 00 00 00 00 00 00 00 00 00 00 00 00 00 00 00 00
  309.9066  #1225   len=64   01 80 80 80 80 0f 00 00 00 00 00 00 00 00 00 00 00 00 00 00 00 00 00 00 00 01 00 00 00 00 00 00 00 00 00 80 00 00 00 80 00 00 00 00 00 2e 00 00 00 00 00 00 00 00 00 00 00 00 00 00 00 00 00 00
  310.1066  #1226   len=64   01 80 80 80 80 0f 00 00 00 00 00 00 00 00 00 00 00 00 00 00 00 00 00 00 00 01 00 00 00 00 00 00 00 00 00 80 00 00 00 80 00 00 00 00 00 19 00 00 00 00 00 00 00 00 00 00 00 00 00 00 00 00 00 00
  310.3106  #1227   len=64   01 80 80 80 80 0f 00 00 00 00 00 00 00 00 00 00 00 00 00 00 00 00 00 00 00 01 00 00 00 00 00 00 00 00 00 80 00 00 00 80 00 00 00 00 00 00 00 00 00 00 00 00 00 00 00 00 00 00 00 00 00 00 00 00
  310.5066  #1228   len=64   01 80 80 80 80 0f 00 00 00 00 00 00 00 00 00 00 00 00 00 00 00 00 00 00 00 01 00 00 00 00 00 00 00 00 00 80 00 00 00 80 00 00 00 00 00 0c 00 00 00 00 00 00 00 00 00 00 00 00 00 00 00 00 00 00
  310.9066  #1229   len=64   01 80 80 80 80 0f 00 00 00 00 00 00 00 00 00 00 00 00 00 00 00 00 00 00 00 01 00 00 00 00 00 00 00 00 00 80 00 00 00 80 00 00 00 00 00 00 00 00 00 00 00 00 00 00 00 00 00 00 00 00 00 00 00 00
  314.5106  #1230   len=64   01 80 80 80 80 0f 00 00 00 00 00 00 00 00 00 00 00 00 00 00 00 00 00 00 00 01 00 00 00 00 00 00 00 00 00 80 00 00 00 80 00 00 00 00 00 22 00 00 00 00 00 00 00 00 00 00 00 00 00 00 00 00 00 00
  314.7066  #1231   len=64   01 80 80 80 80 0f 00 00 00 00 00 00 00 00 00 00 00 00 00 00 00 00 00 00 00 01 00 00 00 00 00 00 00 00 00 80 00 00 00 80 00 00 00 00 00 2a 00 00 00 00 00 00 00 00 00 00 00 00 00 00 00 00 00 00
  314.9066  #1232   len=64   01 80 80 80 80 0f 00 00 00 00 00 00 00 00 00 00 00 00 00 00 00 00 00 00 00 01 00 00 00 00 00 00 00 00 00 80 00 00 00 80 00 00 00 00 00 5d 00 00 00 00 00 00 00 00 00 00 00 00 00 00 00 00 00 00
  315.5066  #1233   len=64   01 80 80 80 80 0f 00 00 00 00 00 00 00 00 00 00 00 00 00 00 00 00 00 00 00 01 00 00 00 00 00 00 00 00 00 80 00 00 00 80 00 00 00 00 00 8c 00 00 00 00 00 00 00 00 00 00 00 00 00 00 00 00 00 00
  315.7106  #1234   len=64   01 80 80 80 80 0f 00 00 00 00 00 00 00 00 00 00 00 00 00 00 00 00 00 00 00 01 00 00 00 00 00 00 00 00 00 80 00 00 00 80 00 00 00 00 00 55 00 00 00 00 00 00 00 00 00 00 00 00 00 00 00 00 00 00
  315.9066  #1235   len=64   01 80 80 80 80 0f 00 00 00 00 00 00 00 00 00 00 00 00 00 00 00 00 00 00 00 01 00 00 00 00 00 00 00 00 00 80 00 00 00 80 00 00 00 00 00 90 00 00 00 00 00 00 00 00 00 00 00 00 00 00 00 00 00 00
  316.1066  #1236   len=64   01 80 80 80 80 0f 00 00 00 00 00 00 00 00 00 00 00 00 00 00 00 00 00 00 00 01 00 00 00 00 00 00 00 00 00 80 00 00 00 80 00 00 00 00 00 4c 00 00 00 00 00 00 00 00 00 00 00 00 00 00 00 00 00 00
  316.3106  #1237   len=64   01 80 80 80 80 0f 00 00 00 00 00 00 00 00 00 00 00 00 00 00 00 00 00 00 00 01 00 00 00 00 00 00 00 00 00 80 00 00 00 80 00 00 00 00 00 00 00 00 00 00 00 00 00 00 00 00 00 00 00 00 00 00 00 00
  316.5106  #1238   len=64   01 80 80 80 80 0f 00 00 00 00 00 00 00 00 00 00 00 00 00 00 00 00 00 00 00 01 00 00 00 00 00 00 00 00 00 80 00 00 00 80 00 00 00 00 00 48 00 00 00 00 00 00 00 00 00 00 00 00 00 00 00 00 00 00
  316.7066  #1239   len=64   01 80 80 80 80 0f 00 00 00 00 00 00 00 00 00 00 00 00 00 00 00 00 00 00 00 01 00 00 00 00 00 00 00 00 00 80 00 00 00 80 00 00 00 00 00 50 00 00 00 00 00 00 00 00 00 00 00 00 00 00 00 00 00 00
  316.9066  #1240   len=64   01 80 80 80 80 0f 00 00 00 00 00 00 00 00 00 00 00 00 00 00 00 00 00 00 00 01 00 00 00 00 00 00 00 00 00 80 00 00 00 80 00 00 00 00 00 5d 00 00 00 00 00 00 00 00 00 00 00 00 00 00 00 00 00 00
  317.1066  #1241   len=64   01 80 80 80 80 0f 00 00 00 00 00 00 00 00 00 00 00 00 00 00 00 00 00 00 00 01 00 00 00 00 00 00 00 00 00 80 00 00 00 80 00 00 00 00 00 1d 00 00 00 00 00 00 00 00 00 00 00 00 00 00 00 00 00 00
  317.3066  #1242   len=64   01 80 80 80 80 0f 00 00 00 00 00 00 00 00 00 00 00 00 00 00 00 00 00 00 00 01 00 00 00 00 00 00 00 00 00 80 00 00 00 80 00 00 00 00 00 26 00 00 00 00 00 00 00 00 00 00 00 00 00 00 00 00 00 00
  317.5106  #1243   len=64   01 80 80 80 80 0f 00 00 00 00 00 00 00 00 00 00 00 00 00 00 00 00 00 00 00 01 00 00 00 00 00 00 00 00 00 80 00 00 00 80 00 00 00 00 00 3b 00 00 00 00 00 00 00 00 00 00 00 00 00 00 00 00 00 00
  317.7066  #1244   len=64   01 80 80 80 80 0f 00 00 00 00 00 00 00 00 00 00 00 00 00 00 00 00 00 00 00 01 00 00 00 00 00 00 00 00 00 80 00 00 00 80 00 00 00 00 00 33 00 00 00 00 00 00 00 00 00 00 00 00 00 00 00 00 00 00
  317.9066  #1245   len=64   01 80 80 80 80 0f 00 00 00 00 00 00 00 00 00 00 00 00 00 00 00 00 00 00 00 01 00 00 00 00 00 00 00 00 00 80 00 00 00 80 00 00 00 00 00 26 00 00 00 00 00 00 00 00 00 00 00 00 00 00 00 00 00 00
  318.1106  #1246   len=64   01 80 80 80 80 0f 00 00 00 00 00 00 00 00 00 00 00 00 00 00 00 00 00 00 00 01 00 00 00 00 00 00 00 00 00 80 00 00 00 80 00 00 00 00 00 33 00 00 00 00 00 00 00 00 00 00 00 00 00 00 00 00 00 00
  318.3106  #1247   len=64   01 80 80 80 80 0f 00 00 00 00 00 00 00 00 00 00 00 00 00 00 00 00 00 00 00 01 00 00 00 00 00 00 00 00 00 80 00 00 00 80 00 00 00 00 00 66 00 00 00 00 00 00 00 00 00 00 00 00 00 00 00 00 00 00
  318.5066  #1248   len=64   01 80 80 80 80 0f 00 00 00 00 00 00 00 00 00 00 00 00 00 00 00 00 00 00 00 01 00 00 00 00 00 00 00 00 00 80 00 00 00 80 00 00 00 00 00 7b 00 00 00 00 00 00 00 00 00 00 00 00 00 00 00 00 00 00
  318.7106  #1249   len=64   01 80 80 80 80 0f 00 00 00 00 00 00 00 00 00 00 00 00 00 00 00 00 00 00 00 01 00 00 00 00 00 00 00 00 00 80 00 00 00 80 00 00 00 00 00 5d 00 00 00 00 00 00 00 00 00 00 00 00 00 00 00 00 00 00
  318.9066  #1250   len=64   01 80 80 80 80 0f 00 00 00 00 00 00 00 00 00 00 00 00 00 00 00 00 00 00 00 01 00 00 00 00 00 00 00 00 00 80 00 00 00 80 00 00 00 00 00 72 00 00 00 00 00 00 00 00 00 00 00 00 00 00 00 00 00 00
  319.1066  #1251   len=64   01 80 80 80 80 0f 00 00 00 00 00 00 00 00 00 00 00 00 00 00 00 00 00 00 00 01 00 00 00 00 00 00 00 00 00 80 00 00 00 80 00 00 00 00 00 61 00 00 00 00 00 00 00 00 00 00 00 00 00 00 00 00 00 00
  319.5106  #1252   len=64   01 80 80 80 80 0f 00 00 00 00 00 00 00 00 00 00 00 00 00 00 00 00 00 00 00 01 00 00 00 00 00 00 00 00 00 80 00 00 00 80 00 00 00 00 00 55 00 00 00 00 00 00 00 00 00 00 00 00 00 00 00 00 00 00
  320.1066  #1253   len=64   01 80 80 80 80 0f 00 00 00 00 00 00 00 00 00 00 00 00 00 00 00 00 00 00 00 01 00 00 00 00 00 00 00 00 00 80 00 00 00 80 00 00 00 00 00 5d 00 00 00 00 00 00 00 00 00 00 00 00 00 00 00 00 00 00
  320.3066  #1254   len=64   01 80 80 80 80 0f 00 00 00 00 00 00 00 00 00 00 00 00 00 00 00 00 00 00 00 01 00 00 00 00 00 00 00 00 00 80 00 00 00 80 00 00 00 00 00 3f 00 00 00 00 00 00 00 00 00 00 00 00 00 00 00 00 00 00
  320.5106  #1255   len=64   01 80 80 80 80 0f 00 00 00 00 00 00 00 00 00 00 00 00 00 00 00 00 00 00 00 01 00 00 00 00 00 00 00 00 00 80 00 00 00 80 00 00 00 00 00 55 00 00 00 00 00 00 00 00 00 00 00 00 00 00 00 00 00 00
  320.9066  #1256   len=64   01 80 80 80 80 0f 00 00 00 00 00 00 00 00 00 00 00 00 00 00 00 00 00 00 00 01 00 00 00 00 00 00 00 00 00 80 00 00 00 80 00 00 00 00 00 48 00 00 00 00 00 00 00 00 00 00 00 00 00 00 00 00 00 00
  321.1106  #1257   len=64   01 80 80 80 80 0f 00 00 00 00 00 00 00 00 00 00 00 00 00 00 00 00 00 00 00 01 00 00 00 00 00 00 00 00 00 80 00 00 00 80 00 00 00 00 00 3b 00 00 00 00 00 00 00 00 00 00 00 00 00 00 00 00 00 00
  321.3066  #1258   len=64   01 80 80 80 80 0f 00 00 00 00 00 00 00 00 00 00 00 00 00 00 00 00 00 00 00 01 00 00 00 00 00 00 00 00 00 80 00 00 00 80 00 00 00 00 00 48 00 00 00 00 00 00 00 00 00 00 00 00 00 00 00 00 00 00
  321.7106  #1259   len=64   01 80 80 80 80 0f 00 00 00 00 00 00 00 00 00 00 00 00 00 00 00 00 00 00 00 01 00 00 00 00 00 00 00 00 00 80 00 00 00 80 00 00 00 00 00 61 00 00 00 00 00 00 00 00 00 00 00 00 00 00 00 00 00 00
  321.9106  #1260   len=64   01 80 80 80 80 0f 00 00 00 00 00 00 00 00 00 00 00 00 00 00 00 00 00 00 00 01 00 00 00 00 00 00 00 00 00 80 00 00 00 80 00 00 00 00 00 48 00 00 00 00 00 00 00 00 00 00 00 00 00 00 00 00 00 00
  322.1066  #1261   len=64   01 80 80 80 80 0f 00 00 00 00 00 00 00 00 00 00 00 00 00 00 00 00 00 00 00 01 00 00 00 00 00 00 00 00 00 80 00 00 00 80 00 00 00 00 00 55 00 00 00 00 00 00 00 00 00 00 00 00 00 00 00 00 00 00
  322.3106  #1262   len=64   01 80 80 80 80 0f 00 00 00 00 00 00 00 00 00 00 00 00 00 00 00 00 00 00 00 01 00 00 00 00 00 00 00 00 00 80 00 00 00 80 00 00 00 00 00 4c 00 00 00 00 00 00 00 00 00 00 00 00 00 00 00 00 00 00
  322.7066  #1263   len=64   01 80 80 80 80 0f 00 00 00 00 00 00 00 00 00 00 00 00 00 00 00 00 00 00 00 01 00 00 00 00 00 00 00 00 00 80 00 00 00 80 00 00 00 00 00 19 00 00 00 00 00 00 00 00 00 00 00 00 00 00 00 00 00 00
  322.9106  #1264   len=64   01 80 80 80 80 0f 00 00 00 00 00 00 00 00 00 00 00 00 00 00 00 00 00 00 00 01 00 00 00 00 00 00 00 00 00 80 00 00 00 80 00 00 00 00 00 08 00 00 00 00 00 00 00 00 00 00 00 00 00 00 00 00 00 00
  323.1106  #1265   len=64   01 80 80 80 80 0f 00 00 00 00 00 00 00 00 00 00 00 00 00 00 00 00 00 00 00 01 00 00 00 00 00 00 00 00 00 80 00 00 00 80 00 00 00 00 00 00 00 00 00 00 00 00 00 00 00 00 00 00 00 00 00 00 00 00
  335.1106  #1266   len=64   01 80 80 80 80 0f 00 00 00 00 00 00 00 00 00 00 00 00 00 00 00 00 00 00 00 01 00 00 00 00 00 00 00 00 00 80 00 00 00 80 00 00 00 00 00 08 00 00 00 00 00 00 00 00 00 00 00 00 00 00 00 00 00 00
  335.3106  #1267   len=64   01 80 80 80 80 0f 00 00 00 00 00 00 00 00 00 00 00 00 00 00 00 00 00 00 00 01 00 00 00 00 00 00 00 00 00 80 00 00 00 80 00 00 00 00 00 15 00 00 00 00 00 00 00 00 00 00 00 00 00 00 00 00 00 00
  335.5106  #1268   len=64   01 80 80 80 80 0f 00 00 00 00 00 00 00 00 00 00 00 00 00 00 00 00 00 00 00 01 00 00 00 00 00 00 00 00 00 80 00 00 00 80 00 00 00 00 00 0c 00 00 00 00 00 00 00 00 00 00 00 00 00 00 00 00 00 00
  335.7106  #1269   len=64   01 80 80 80 80 0f 00 00 00 00 00 00 00 00 00 00 00 00 00 00 00 00 00 00 00 01 00 00 00 00 00 00 00 00 00 80 00 00 00 80 00 00 00 00 00 15 00 00 00 00 00 00 00 00 00 00 00 00 00 00 00 00 00 00
  336.5106  #1270   len=64   01 80 80 80 80 0f 00 00 00 00 00 00 00 00 00 00 00 00 00 00 00 00 00 00 00 01 00 00 00 00 00 00 00 00 00 80 00 00 00 80 00 00 00 00 00 22 00 00 00 00 00 00 00 00 00 00 00 00 00 00 00 00 00 00
  336.7106  #1271   len=64   01 80 80 80 80 0f 00 00 00 00 00 00 00 00 00 00 00 00 00 00 00 00 00 00 00 01 00 00 00 00 00 00 00 00 00 80 00 00 00 80 00 00 00 00 00 2a 00 00 00 00 00 00 00 00 00 00 00 00 00 00 00 00 00 00
  336.9106  #1272   len=64   01 80 80 80 80 0f 00 00 00 00 00 00 00 00 00 00 00 00 00 00 00 00 00 00 00 01 00 00 00 00 00 00 00 00 00 80 00 00 00 80 00 00 00 00 00 44 00 00 00 00 00 00 00 00 00 00 00 00 00 00 00 00 00 00
  337.1106  #1273   len=64   01 80 80 80 80 0f 00 00 00 00 00 00 00 00 00 00 00 00 00 00 00 00 00 00 00 01 00 00 00 00 00 00 00 00 00 80 00 00 00 80 00 00 00 00 00 50 00 00 00 00 00 00 00 00 00 00 00 00 00 00 00 00 00 00
  337.5106  #1274   len=64   01 80 80 80 80 0f 00 00 00 00 00 00 00 00 00 00 00 00 00 00 00 00 00 00 00 01 00 00 00 00 00 00 00 00 00 80 00 00 00 80 00 00 00 00 00 3b 00 00 00 00 00 00 00 00 00 00 00 00 00 00 00 00 00 00
  337.9106  #1275   len=64   01 80 80 80 80 0f 00 00 00 00 00 00 00 00 00 00 00 00 00 00 00 00 00 00 00 01 00 00 00 00 00 00 00 00 00 80 00 00 00 80 00 00 00 00 00 33 00 00 00 00 00 00 00 00 00 00 00 00 00 00 00 00 00 00
  338.5106  #1276   len=64   01 80 80 80 80 0f 00 00 00 00 00 00 00 00 00 00 00 00 00 00 00 00 00 00 00 01 00 00 00 00 00 00 00 00 00 80 00 00 00 80 00 00 00 00 00 3f 00 00 00 00 00 00 00 00 00 00 00 00 00 00 00 00 00 00
  338.7106  #1277   len=64   01 80 80 80 80 0f 00 00 00 00 00 00 00 00 00 00 00 00 00 00 00 00 00 00 00 01 00 00 00 00 00 00 00 00 00 80 00 00 00 80 00 00 00 00 00 48 00 00 00 00 00 00 00 00 00 00 00 00 00 00 00 00 00 00
  339.5106  #1278   len=64   01 80 80 80 80 0f 00 00 00 00 00 00 00 00 00 00 00 00 00 00 00 00 00 00 00 01 00 00 00 00 00 00 00 00 00 80 00 00 00 80 00 00 00 00 00 3f 00 00 00 00 00 00 00 00 00 00 00 00 00 00 00 00 00 00
  340.3106  #1279   len=64   01 80 80 80 80 0f 00 00 00 00 00 00 00 00 00 00 00 00 00 00 00 00 00 00 00 01 00 00 00 00 00 00 00 00 00 80 00 00 00 80 00 00 00 00 00 4c 00 00 00 00 00 00 00 00 00 00 00 00 00 00 00 00 00 00
  340.7106  #1280   len=64   01 80 80 80 80 0f 00 00 00 00 00 00 00 00 00 00 00 00 00 00 00 00 00 00 00 01 00 00 00 00 00 00 00 00 00 80 00 00 00 80 00 00 00 00 00 59 00 00 00 00 00 00 00 00 00 00 00 00 00 00 00 00 00 00
  341.7106  #1281   len=64   01 80 80 80 80 0f 00 00 00 00 00 00 00 00 00 00 00 00 00 00 00 00 00 00 00 01 00 00 00 00 00 00 00 00 00 80 00 00 00 80 00 00 00 00 00 77 00 00 00 00 00 00 00 00 00 00 00 00 00 00 00 00 00 00
  341.9106  #1282   len=64   01 80 80 80 80 0f 00 00 00 00 00 00 00 00 00 00 00 00 00 00 00 00 00 00 00 01 00 00 00 00 00 00 00 00 00 80 00 00 00 80 00 00 00 00 00 6a 00 00 00 00 00 00 00 00 00 00 00 00 00 00 00 00 00 00
  342.1106  #1283   len=64   01 80 80 80 80 0f 00 00 00 00 00 00 00 00 00 00 00 00 00 00 00 00 00 00 00 01 00 00 00 00 00 00 00 00 00 80 00 00 00 80 00 00 00 00 00 88 00 00 00 00 00 00 00 00 00 00 00 00 00 00 00 00 00 00
  342.3106  #1284   len=64   01 80 80 80 80 0f 00 00 00 00 00 00 00 00 00 00 00 00 00 00 00 00 00 00 00 01 00 00 00 00 00 00 00 00 00 80 00 00 00 80 00 00 00 00 00 7b 00 00 00 00 00 00 00 00 00 00 00 00 00 00 00 00 00 00
  342.5106  #1285   len=64   01 80 80 80 80 0f 00 00 00 00 00 00 00 00 00 00 00 00 00 00 00 00 00 00 00 01 00 00 00 00 00 00 00 00 00 80 00 00 00 80 00 00 00 00 00 72 00 00 00 00 00 00 00 00 00 00 00 00 00 00 00 00 00 00
  342.7106  #1286   len=64   01 80 80 80 80 0f 00 00 00 00 00 00 00 00 00 00 00 00 00 00 00 00 00 00 00 01 00 00 00 00 00 00 00 00 00 80 00 00 00 80 00 00 00 00 00 7f 00 00 00 00 00 00 00 00 00 00 00 00 00 00 00 00 00 00
  343.3106  #1287   len=64   01 80 80 80 80 0f 00 00 00 00 00 00 00 00 00 00 00 00 00 00 00 00 00 00 00 01 00 00 00 00 00 00 00 00 00 80 00 00 00 80 00 00 00 00 00 88 00 00 00 00 00 00 00 00 00 00 00 00 00 00 00 00 00 00
  343.9106  #1288   len=64   01 80 80 80 80 0f 00 00 00 00 00 00 00 00 00 00 00 00 00 00 00 00 00 00 00 01 00 00 00 00 00 00 00 00 00 80 00 00 00 80 00 00 00 00 00 7b 00 00 00 00 00 00 00 00 00 00 00 00 00 00 00 00 00 00
  344.0666  #1289   len=64   01 80 80 80 80 0f 00 00 00 00 00 00 00 00 00 00 00 00 00 00 00 00 00 00 00 01 00 00 00 00 00 00 00 00 00 80 00 00 00 80 00 00 00 00 02 7b 00 00 00 00 00 00 00 00 00 00 00 00 00 00 00 00 00 00
  344.0706  #1290   len=64   01 80 80 80 80 0f 00 00 00 00 00 00 00 00 00 00 00 00 00 00 00 00 00 00 00 01 00 00 00 00 00 00 00 00 00 80 00 00 00 80 00 00 00 00 09 7b 00 00 00 00 00 00 00 00 00 00 00 00 00 00 00 00 00 00
  344.0786  #1291   len=64   01 80 80 80 80 0f 00 00 00 00 00 00 00 00 00 00 00 00 00 00 00 00 00 00 00 01 00 00 00 00 00 00 00 00 00 80 00 00 00 80 00 00 00 00 0e 7b 00 00 00 00 00 00 00 00 00 00 00 00 00 00 00 00 00 00
  344.0866  #1292   len=64   01 80 80 80 80 0f 00 00 00 00 00 00 00 00 00 00 00 00 00 00 00 00 00 00 00 01 00 00 00 00 00 00 00 00 00 80 00 00 00 80 00 00 00 00 11 7b 00 00 00 00 00 00 00 00 00 00 00 00 00 00 00 00 00 00
  344.0946  #1293   len=64   01 80 80 80 80 0f 00 00 00 00 00 00 00 00 00 00 00 00 00 00 00 00 00 00 00 01 00 00 00 00 00 00 00 00 00 80 00 00 00 80 00 00 00 00 14 7b 00 00 00 00 00 00 00 00 00 00 00 00 00 00 00 00 00 00
  344.1066  #1294   len=64   01 80 80 80 80 0f 00 00 00 00 00 00 00 00 00 00 00 00 00 00 00 00 00 00 00 01 00 00 00 00 00 00 00 00 00 80 00 00 00 80 00 00 00 00 16 7b 00 00 00 00 00 00 00 00 00 00 00 00 00 00 00 00 00 00
  344.1106  #1295   len=64   01 80 80 80 80 0f 00 00 00 00 00 00 00 00 00 00 00 00 00 00 00 00 00 00 00 01 00 00 00 00 00 00 00 00 00 80 00 00 00 80 00 00 00 00 19 66 00 00 00 00 00 00 00 00 00 00 00 00 00 00 00 00 00 00
  344.1226  #1296   len=64   01 80 80 80 80 0f 00 00 00 00 00 00 00 00 00 00 00 00 00 00 00 00 00 00 00 01 00 00 00 00 00 00 00 00 00 80 00 00 00 80 00 00 00 00 1b 66 00 00 00 00 00 00 00 00 00 00 00 00 00 00 00 00 00 00
  344.1266  #1297   len=64   01 80 80 80 80 0f 00 00 00 00 00 00 00 00 00 00 00 00 00 00 00 00 00 00 00 01 00 00 00 00 00 00 00 00 00 80 00 00 00 80 00 00 00 00 1e 66 00 00 00 00 00 00 00 00 00 00 00 00 00 00 00 00 00 00
  344.1346  #1298   len=64   01 80 80 80 80 0f 00 00 00 00 00 00 00 00 00 00 00 00 00 00 00 00 00 00 00 01 00 00 00 00 00 00 00 00 00 80 00 00 00 80 00 00 00 00 20 66 00 00 00 00 00 00 00 00 00 00 00 00 00 00 00 00 00 00
  344.1466  #1299   len=64   01 80 80 80 80 0f 00 00 00 00 00 00 00 00 00 00 00 00 00 00 00 00 00 00 00 01 00 00 00 00 00 00 00 00 00 80 00 00 00 80 00 00 00 00 22 66 00 00 00 00 00 00 00 00 00 00 00 00 00 00 00 00 00 00
  344.1506  #1300   len=64   01 80 80 80 80 0f 00 00 00 00 00 00 00 00 00 00 00 00 00 00 00 00 00 00 00 01 00 00 00 00 00 00 00 00 00 80 00 00 00 80 00 00 00 00 24 66 00 00 00 00 00 00 00 00 00 00 00 00 00 00 00 00 00 00
  344.1626  #1301   len=64   01 80 80 80 80 0f 00 00 00 00 00 00 00 00 00 00 00 00 00 00 00 00 00 00 00 01 00 00 00 00 00 00 00 00 00 80 00 00 00 80 00 00 00 00 25 66 00 00 00 00 00 00 00 00 00 00 00 00 00 00 00 00 00 00
  344.1666  #1302   len=64   01 80 80 80 80 0f 00 00 00 00 00 00 00 00 00 00 00 00 00 00 00 00 00 00 00 01 00 00 00 00 00 00 00 00 00 80 00 00 00 80 00 00 00 00 26 66 00 00 00 00 00 00 00 00 00 00 00 00 00 00 00 00 00 00
  344.2026  #1303   len=64   01 80 80 80 80 0f 00 00 00 00 00 00 00 00 00 00 00 00 00 00 00 00 00 00 00 01 00 00 00 00 00 00 00 00 00 80 00 00 00 80 00 00 00 00 27 66 00 00 00 00 00 00 00 00 00 00 00 00 00 00 00 00 00 00
  344.2146  #1304   len=64   01 80 80 80 80 0f 00 00 00 00 00 00 00 00 00 00 00 00 00 00 00 00 00 00 00 01 00 00 00 00 00 00 00 00 00 80 00 00 00 80 00 00 00 00 28 66 00 00 00 00 00 00 00 00 00 00 00 00 00 00 00 00 00 00
  344.2306  #1305   len=64   01 80 80 80 80 0f 00 00 00 00 00 00 00 00 00 00 00 00 00 00 00 00 00 00 00 01 00 00 00 00 00 00 00 00 00 80 00 00 00 80 00 00 00 00 29 66 00 00 00 00 00 00 00 00 00 00 00 00 00 00 00 00 00 00
  344.2666  #1306   len=64   01 80 80 80 80 0f 00 00 00 00 00 00 00 00 00 00 00 00 00 00 00 00 00 00 00 01 00 00 00 00 00 00 00 00 00 80 00 00 00 80 00 00 00 00 28 66 00 00 00 00 00 00 00 00 00 00 00 00 00 00 00 00 00 00
  344.2706  #1307   len=64   01 80 80 80 80 0f 00 00 00 00 00 00 00 00 00 00 00 00 00 00 00 00 00 00 00 01 00 00 00 00 00 00 00 00 00 80 00 00 00 80 00 00 00 00 27 66 00 00 00 00 00 00 00 00 00 00 00 00 00 00 00 00 00 00
  344.3106  #1308   len=64   01 80 80 80 80 0f 00 00 00 00 00 00 00 00 00 00 00 00 00 00 00 00 00 00 00 01 00 00 00 00 00 00 00 00 00 80 00 00 00 80 00 00 00 00 27 55 00 00 00 00 00 00 00 00 00 00 00 00 00 00 00 00 00 00
  344.4466  #1309   len=64   01 80 80 80 80 0f 00 00 00 00 00 00 00 00 00 00 00 00 00 00 00 00 00 00 00 01 00 00 00 00 00 00 00 00 00 80 00 00 00 80 00 00 00 00 29 55 00 00 00 00 00 00 00 00 00 00 00 00 00 00 00 00 00 00
  344.4546  #1310   len=64   01 80 80 80 80 0f 00 00 00 00 00 00 00 00 00 00 00 00 00 00 00 00 00 00 00 01 00 00 00 00 00 00 00 00 00 80 00 00 00 80 00 00 00 00 2b 55 00 00 00 00 00 00 00 00 00 00 00 00 00 00 00 00 00 00
  344.4666  #1311   len=64   01 80 80 80 80 0f 00 00 00 00 00 00 00 00 00 00 00 00 00 00 00 00 00 00 00 01 00 00 00 00 00 00 00 00 00 80 00 00 00 80 00 00 00 00 2c 55 00 00 00 00 00 00 00 00 00 00 00 00 00 00 00 00 00 00
  344.4706  #1312   len=64   01 80 80 80 80 0f 00 00 00 00 00 00 00 00 00 00 00 00 00 00 00 00 00 00 00 01 00 00 00 00 00 00 00 00 00 80 00 00 00 80 00 00 00 00 2d 55 00 00 00 00 00 00 00 00 00 00 00 00 00 00 00 00 00 00
  344.4826  #1313   len=64   01 80 80 80 80 0f 00 00 00 00 00 00 00 00 00 00 00 00 00 00 00 00 00 00 00 01 00 00 00 00 00 00 00 00 00 80 00 00 00 80 00 00 00 00 2f 55 00 00 00 00 00 00 00 00 00 00 00 00 00 00 00 00 00 00
  344.4866  #1314   len=64   01 80 80 80 80 0f 00 00 00 00 00 00 00 00 00 00 00 00 00 00 00 00 00 00 00 01 00 00 00 00 00 00 00 00 00 80 00 00 00 80 00 00 00 00 30 55 00 00 00 00 00 00 00 00 00 00 00 00 00 00 00 00 00 00
  344.4946  #1315   len=64   01 80 80 80 80 0f 00 00 00 00 00 00 00 00 00 00 00 00 00 00 00 00 00 00 00 01 00 00 00 00 00 00 00 00 00 80 00 00 00 80 00 00 00 00 31 55 00 00 00 00 00 00 00 00 00 00 00 00 00 00 00 00 00 00
  344.5106  #1316   len=64   01 80 80 80 80 0f 00 00 00 00 00 00 00 00 00 00 00 00 00 00 00 00 00 00 00 01 00 00 00 00 00 00 00 00 00 80 00 00 00 80 00 00 00 00 32 55 00 00 00 00 00 00 00 00 00 00 00 00 00 00 00 00 00 00
  344.7746  #1317   len=64   01 80 80 80 80 0f 00 00 00 00 00 00 00 00 00 00 00 00 00 00 00 00 00 00 00 01 00 00 00 00 00 00 00 00 00 80 00 00 00 80 00 00 00 00 33 55 00 00 00 00 00 00 00 00 00 00 00 00 00 00 00 00 00 00
  344.7866  #1318   len=64   01 80 80 80 80 0f 00 00 00 00 00 00 00 00 00 00 00 00 00 00 00 00 00 00 00 01 00 00 00 00 00 00 00 00 00 80 00 00 00 80 00 00 00 00 34 55 00 00 00 00 00 00 00 00 00 00 00 00 00 00 00 00 00 00
  344.7906  #1319   len=64   01 80 80 80 80 0f 00 00 00 00 00 00 00 00 00 00 00 00 00 00 00 00 00 00 00 01 00 00 00 00 00 00 00 00 00 80 00 00 00 80 00 00 00 00 36 55 00 00 00 00 00 00 00 00 00 00 00 00 00 00 00 00 00 00
  344.7986  #1320   len=64   01 80 80 80 80 0f 00 00 00 00 00 00 00 00 00 00 00 00 00 00 00 00 00 00 00 01 00 00 00 00 00 00 00 00 00 80 00 00 00 80 00 00 00 00 38 55 00 00 00 00 00 00 00 00 00 00 00 00 00 00 00 00 00 00
  344.8066  #1321   len=64   01 80 80 80 80 0f 00 00 00 00 00 00 00 00 00 00 00 00 00 00 00 00 00 00 00 01 00 00 00 00 00 00 00 00 00 80 00 00 00 80 00 00 00 00 39 55 00 00 00 00 00 00 00 00 00 00 00 00 00 00 00 00 00 00
  344.8146  #1322   len=64   01 80 80 80 80 0f 00 00 00 00 00 00 00 00 00 00 00 00 00 00 00 00 00 00 00 01 00 00 00 00 00 00 00 00 00 80 00 00 00 80 00 00 00 00 3b 55 00 00 00 00 00 00 00 00 00 00 00 00 00 00 00 00 00 00
  344.8266  #1323   len=64   01 80 80 80 80 0f 00 00 00 00 00 00 00 00 00 00 00 00 00 00 00 00 00 00 00 01 00 00 00 00 00 00 00 00 00 80 00 00 00 80 00 00 00 00 3c 55 00 00 00 00 00 00 00 00 00 00 00 00 00 00 00 00 00 00
  344.8306  #1324   len=64   01 80 80 80 80 0f 00 00 00 00 00 00 00 00 00 00 00 00 00 00 00 00 00 00 00 01 00 00 00 00 00 00 00 00 00 80 00 00 00 80 00 00 00 00 3d 55 00 00 00 00 00 00 00 00 00 00 00 00 00 00 00 00 00 00
  344.8426  #1325   len=64   01 80 80 80 80 0f 00 00 00 00 00 00 00 00 00 00 00 00 00 00 00 00 00 00 00 01 00 00 00 00 00 00 00 00 00 80 00 00 00 80 00 00 00 00 3e 55 00 00 00 00 00 00 00 00 00 00 00 00 00 00 00 00 00 00
  344.8546  #1326   len=64   01 80 80 80 80 0f 00 00 00 00 00 00 00 00 00 00 00 00 00 00 00 00 00 00 00 01 00 00 00 00 00 00 00 00 00 80 00 00 00 80 00 00 00 00 3f 55 00 00 00 00 00 00 00 00 00 00 00 00 00 00 00 00 00 00
  344.8666  #1327   len=64   01 80 80 80 80 0f 00 00 00 00 00 00 00 00 00 00 00 00 00 00 00 00 00 00 00 01 00 00 00 00 00 00 00 00 00 80 00 00 00 80 00 00 00 00 40 55 00 00 00 00 00 00 00 00 00 00 00 00 00 00 00 00 00 00
  344.8786  #1328   len=64   01 80 80 80 80 0f 00 00 00 00 00 00 00 00 00 00 00 00 00 00 00 00 00 00 00 01 00 00 00 00 00 00 00 00 00 80 00 00 00 80 00 00 00 00 41 55 00 00 00 00 00 00 00 00 00 00 00 00 00 00 00 00 00 00
  344.8946  #1329   len=64   01 80 80 80 80 0f 00 00 00 00 00 00 00 00 00 00 00 00 00 00 00 00 00 00 00 01 00 00 00 00 00 00 00 00 00 80 00 00 00 80 00 00 00 00 42 55 00 00 00 00 00 00 00 00 00 00 00 00 00 00 00 00 00 00
  344.9106  #1330   len=64   01 80 80 80 80 0f 00 00 00 00 00 00 00 00 00 00 00 00 00 00 00 00 00 00 00 01 00 00 00 00 00 00 00 00 00 80 00 00 00 80 00 00 00 00 42 48 00 00 00 00 00 00 00 00 00 00 00 00 00 00 00 00 00 00
  344.9186  #1331   len=64   01 80 80 80 80 0f 00 00 00 00 00 00 00 00 00 00 00 00 00 00 00 00 00 00 00 01 00 00 00 00 00 00 00 00 00 80 00 00 00 80 00 00 00 00 43 48 00 00 00 00 00 00 00 00 00 00 00 00 00 00 00 00 00 00
  344.9906  #1332   len=64   01 80 80 80 80 0f 00 00 00 00 00 00 00 00 00 00 00 00 00 00 00 00 00 00 00 01 00 00 00 00 00 00 00 00 00 80 00 00 00 80 00 00 00 00 44 48 00 00 00 00 00 00 00 00 00 00 00 00 00 00 00 00 00 00
  344.9986  #1333   len=64   01 80 80 80 80 0f 00 00 00 00 00 00 00 00 00 00 00 00 00 00 00 00 00 00 00 01 00 00 00 00 00 00 00 00 00 80 00 00 00 80 00 00 00 00 46 48 00 00 00 00 00 00 00 00 00 00 00 00 00 00 00 00 00 00
  345.0066  #1334   len=64   01 80 80 80 80 0f 00 00 00 00 00 00 00 00 00 00 00 00 00 00 00 00 00 00 00 01 00 00 00 00 00 00 00 00 00 80 00 00 00 80 00 00 00 00 47 48 00 00 00 00 00 00 00 00 00 00 00 00 00 00 00 00 00 00
  345.0146  #1335   len=64   01 80 80 80 80 0f 00 00 00 00 00 00 00 00 00 00 00 00 00 00 00 00 00 00 00 01 00 00 00 00 00 00 00 00 00 80 00 00 00 80 00 00 00 00 49 48 00 00 00 00 00 00 00 00 00 00 00 00 00 00 00 00 00 00
  345.0266  #1336   len=64   01 80 80 80 80 0f 00 00 00 00 00 00 00 00 00 00 00 00 00 00 00 00 00 00 00 01 00 00 00 00 00 00 00 00 00 80 00 00 00 80 00 00 00 00 4b 48 00 00 00 00 00 00 00 00 00 00 00 00 00 00 00 00 00 00
  345.0306  #1337   len=64   01 80 80 80 80 0f 00 00 00 00 00 00 00 00 00 00 00 00 00 00 00 00 00 00 00 01 00 00 00 00 00 00 00 00 00 80 00 00 00 80 00 00 00 00 4d 48 00 00 00 00 00 00 00 00 00 00 00 00 00 00 00 00 00 00
  345.0426  #1338   len=64   01 80 80 80 80 0f 00 00 00 00 00 00 00 00 00 00 00 00 00 00 00 00 00 00 00 01 00 00 00 00 00 00 00 00 00 80 00 00 00 80 00 00 00 00 4f 48 00 00 00 00 00 00 00 00 00 00 00 00 00 00 00 00 00 00
  345.0466  #1339   len=64   01 80 80 80 80 0f 00 00 00 00 00 00 00 00 00 00 00 00 00 00 00 00 00 00 00 01 00 00 00 00 00 00 00 00 00 80 00 00 00 80 00 00 00 00 52 48 00 00 00 00 00 00 00 00 00 00 00 00 00 00 00 00 00 00
  345.0546  #1340   len=64   01 80 80 80 80 0f 00 00 00 00 00 00 00 00 00 00 00 00 00 00 00 00 00 00 00 01 00 00 00 00 00 00 00 00 00 80 00 00 00 80 00 00 00 00 54 48 00 00 00 00 00 00 00 00 00 00 00 00 00 00 00 00 00 00
  345.0666  #1341   len=64   01 80 80 80 80 0f 00 00 00 00 00 00 00 00 00 00 00 00 00 00 00 00 00 00 00 01 00 00 00 00 00 00 00 00 00 80 00 00 00 80 00 00 00 00 56 48 00 00 00 00 00 00 00 00 00 00 00 00 00 00 00 00 00 00
  345.0706  #1342   len=64   01 80 80 80 80 0f 00 00 00 00 00 00 00 00 00 00 00 00 00 00 00 00 00 00 00 01 00 00 00 00 00 00 00 00 00 80 00 00 00 80 00 00 00 00 58 48 00 00 00 00 00 00 00 00 00 00 00 00 00 00 00 00 00 00
  345.0826  #1343   len=64   01 80 80 80 80 0f 00 00 00 00 00 00 00 00 00 00 00 00 00 00 00 00 00 00 00 01 00 00 00 00 00 00 00 00 00 80 00 00 00 80 00 00 00 00 5a 48 00 00 00 00 00 00 00 00 00 00 00 00 00 00 00 00 00 00
  345.0866  #1344   len=64   01 80 80 80 80 0f 00 00 00 00 00 00 00 00 00 00 00 00 00 00 00 00 00 00 00 01 00 00 00 00 00 00 00 00 00 80 00 00 00 80 00 00 00 00 5b 48 00 00 00 00 00 00 00 00 00 00 00 00 00 00 00 00 00 00
  345.0946  #1345   len=64   01 80 80 80 80 0f 00 00 00 00 00 00 00 00 00 00 00 00 00 00 00 00 00 00 00 01 00 00 00 00 00 00 00 00 00 80 00 00 00 80 00 00 00 00 5c 48 00 00 00 00 00 00 00 00 00 00 00 00 00 00 00 00 00 00
  345.1026  #1346   len=64   01 80 80 80 80 0f 00 00 00 00 00 00 00 00 00 00 00 00 00 00 00 00 00 00 00 01 00 00 00 00 00 00 00 00 00 80 00 00 00 80 00 00 00 00 5d 48 00 00 00 00 00 00 00 00 00 00 00 00 00 00 00 00 00 00
  345.1106  #1347   len=64   01 80 80 80 80 0f 00 00 00 00 00 00 00 00 00 00 00 00 00 00 00 00 00 00 00 01 00 00 00 00 00 00 00 00 00 80 00 00 00 80 00 00 00 00 5e 3f 00 00 00 00 00 00 00 00 00 00 00 00 00 00 00 00 00 00
  345.1266  #1348   len=64   01 80 80 80 80 0f 00 00 00 00 00 00 00 00 00 00 00 00 00 00 00 00 00 00 00 01 00 00 00 00 00 00 00 00 00 80 00 00 00 80 00 00 00 00 5f 3f 00 00 00 00 00 00 00 00 00 00 00 00 00 00 00 00 00 00
  345.3106  #1349   len=64   01 80 80 80 80 0f 00 00 00 00 00 00 00 00 00 00 00 00 00 00 00 00 00 00 00 01 00 00 00 00 00 00 00 00 00 80 00 00 00 80 00 00 00 00 5f 37 00 00 00 00 00 00 00 00 00 00 00 00 00 00 00 00 00 00
  345.3346  #1350   len=64   01 80 80 80 80 0f 00 00 00 00 00 00 00 00 00 00 00 00 00 00 00 00 00 00 00 01 00 00 00 00 00 00 00 00 00 80 00 00 00 80 00 00 00 00 58 37 00 00 00 00 00 00 00 00 00 00 00 00 00 00 00 00 00 00
  345.3466  #1351   len=64   01 80 80 80 80 0f 00 00 00 00 00 00 00 00 00 00 00 00 00 00 00 00 00 00 00 01 00 00 00 00 00 00 00 00 00 80 00 00 00 80 00 00 00 00 51 37 00 00 00 00 00 00 00 00 00 00 00 00 00 00 00 00 00 00
  345.3506  #1352   len=64   01 80 80 80 80 0f 00 00 00 00 00 00 00 00 00 00 00 00 00 00 00 00 00 00 00 01 00 00 00 00 00 00 00 00 00 80 00 00 00 80 00 00 00 00 4c 37 00 00 00 00 00 00 00 00 00 00 00 00 00 00 00 00 00 00
  345.3626  #1353   len=64   01 80 80 80 80 0f 00 00 00 00 00 00 00 00 00 00 00 00 00 00 00 00 00 00 00 01 00 00 00 00 00 00 00 00 00 80 00 00 00 80 00 00 00 00 48 37 00 00 00 00 00 00 00 00 00 00 00 00 00 00 00 00 00 00
  345.3666  #1354   len=64   01 80 80 80 80 0f 00 00 00 00 00 00 00 00 00 00 00 00 00 00 00 00 00 00 00 01 00 00 00 00 00 00 00 00 00 80 00 00 00 80 00 00 00 00 45 37 00 00 00 00 00 00 00 00 00 00 00 00 00 00 00 00 00 00
  345.3746  #1355   len=64   01 80 80 80 80 0f 00 00 00 00 00 00 00 00 00 00 00 00 00 00 00 00 00 00 00 01 00 00 00 00 00 00 00 00 00 80 00 00 00 80 00 00 00 00 41 37 00 00 00 00 00 00 00 00 00 00 00 00 00 00 00 00 00 00
  345.3866  #1356   len=64   01 80 80 80 80 0f 00 00 00 00 00 00 00 00 00 00 00 00 00 00 00 00 00 00 00 01 00 00 00 00 00 00 00 00 00 80 00 00 00 80 00 00 00 00 3d 37 00 00 00 00 00 00 00 00 00 00 00 00 00 00 00 00 00 00
  345.3906  #1357   len=64   01 80 80 80 80 0f 00 00 00 00 00 00 00 00 00 00 00 00 00 00 00 00 00 00 00 01 00 00 00 00 00 00 00 00 00 80 00 00 00 80 00 00 00 00 39 37 00 00 00 00 00 00 00 00 00 00 00 00 00 00 00 00 00 00
  345.4026  #1358   len=64   01 80 80 80 80 0f 00 00 00 00 00 00 00 00 00 00 00 00 00 00 00 00 00 00 00 01 00 00 00 00 00 00 00 00 00 80 00 00 00 80 00 00 00 00 36 37 00 00 00 00 00 00 00 00 00 00 00 00 00 00 00 00 00 00
  345.4066  #1359   len=64   01 80 80 80 80 0f 00 00 00 00 00 00 00 00 00 00 00 00 00 00 00 00 00 00 00 01 00 00 00 00 00 00 00 00 00 80 00 00 00 80 00 00 00 00 33 37 00 00 00 00 00 00 00 00 00 00 00 00 00 00 00 00 00 00
  345.4146  #1360   len=64   01 80 80 80 80 0f 00 00 00 00 00 00 00 00 00 00 00 00 00 00 00 00 00 00 00 01 00 00 00 00 00 00 00 00 00 80 00 00 00 80 00 00 00 00 30 37 00 00 00 00 00 00 00 00 00 00 00 00 00 00 00 00 00 00
  345.4266  #1361   len=64   01 80 80 80 80 0f 00 00 00 00 00 00 00 00 00 00 00 00 00 00 00 00 00 00 00 01 00 00 00 00 00 00 00 00 00 80 00 00 00 80 00 00 00 00 2c 37 00 00 00 00 00 00 00 00 00 00 00 00 00 00 00 00 00 00
  345.4306  #1362   len=64   01 80 80 80 80 0f 00 00 00 00 00 00 00 00 00 00 00 00 00 00 00 00 00 00 00 01 00 00 00 00 00 00 00 00 00 80 00 00 00 80 00 00 00 00 28 37 00 00 00 00 00 00 00 00 00 00 00 00 00 00 00 00 00 00
  345.4426  #1363   len=64   01 80 80 80 80 0f 00 00 00 00 00 00 00 00 00 00 00 00 00 00 00 00 00 00 00 01 00 00 00 00 00 00 00 00 00 80 00 00 00 80 00 00 00 00 25 37 00 00 00 00 00 00 00 00 00 00 00 00 00 00 00 00 00 00
  345.4466  #1364   len=64   01 80 80 80 80 0f 00 00 00 00 00 00 00 00 00 00 00 00 00 00 00 00 00 00 00 01 00 00 00 00 00 00 00 00 00 80 00 00 00 80 00 00 00 00 22 37 00 00 00 00 00 00 00 00 00 00 00 00 00 00 00 00 00 00
  345.4546  #1365   len=64   01 80 80 80 80 0f 00 00 00 00 00 00 00 00 00 00 00 00 00 00 00 00 00 00 00 01 00 00 00 00 00 00 00 00 00 80 00 00 00 80 00 00 00 00 20 37 00 00 00 00 00 00 00 00 00 00 00 00 00 00 00 00 00 00
  345.4666  #1366   len=64   01 80 80 80 80 0f 00 00 00 00 00 00 00 00 00 00 00 00 00 00 00 00 00 00 00 01 00 00 00 00 00 00 00 00 00 80 00 00 00 80 00 00 00 00 1d 37 00 00 00 00 00 00 00 00 00 00 00 00 00 00 00 00 00 00
  345.4706  #1367   len=64   01 80 80 80 80 0f 00 00 00 00 00 00 00 00 00 00 00 00 00 00 00 00 00 00 00 01 00 00 00 00 00 00 00 00 00 80 00 00 00 80 00 00 00 00 1b 37 00 00 00 00 00 00 00 00 00 00 00 00 00 00 00 00 00 00
  345.4786  #1368   len=64   01 80 80 80 80 0f 00 00 00 00 00 00 00 00 00 00 00 00 00 00 00 00 00 00 00 01 00 00 00 00 00 00 00 00 00 80 00 00 00 80 00 00 00 00 19 37 00 00 00 00 00 00 00 00 00 00 00 00 00 00 00 00 00 00
  345.4866  #1369   len=64   01 80 80 80 80 0f 00 00 00 00 00 00 00 00 00 00 00 00 00 00 00 00 00 00 00 01 00 00 00 00 00 00 00 00 00 80 00 00 00 80 00 00 00 00 18 37 00 00 00 00 00 00 00 00 00 00 00 00 00 00 00 00 00 00
  345.4946  #1370   len=64   01 80 80 80 80 0f 00 00 00 00 00 00 00 00 00 00 00 00 00 00 00 00 00 00 00 01 00 00 00 00 00 00 00 00 00 80 00 00 00 80 00 00 00 00 16 37 00 00 00 00 00 00 00 00 00 00 00 00 00 00 00 00 00 00
  345.5066  #1371   len=64   01 80 80 80 80 0f 00 00 00 00 00 00 00 00 00 00 00 00 00 00 00 00 00 00 00 01 00 00 00 00 00 00 00 00 00 80 00 00 00 80 00 00 00 00 14 37 00 00 00 00 00 00 00 00 00 00 00 00 00 00 00 00 00 00
  345.5106  #1372   len=64   01 80 80 80 80 0f 00 00 00 00 00 00 00 00 00 00 00 00 00 00 00 00 00 00 00 01 00 00 00 00 00 00 00 00 00 80 00 00 00 80 00 00 00 00 13 2e 00 00 00 00 00 00 00 00 00 00 00 00 00 00 00 00 00 00
  345.5226  #1373   len=64   01 80 80 80 80 0f 00 00 00 00 00 00 00 00 00 00 00 00 00 00 00 00 00 00 00 01 00 00 00 00 00 00 00 00 00 80 00 00 00 80 00 00 00 00 11 2e 00 00 00 00 00 00 00 00 00 00 00 00 00 00 00 00 00 00
  345.5266  #1374   len=64   01 80 80 80 80 0f 00 00 00 00 00 00 00 00 00 00 00 00 00 00 00 00 00 00 00 01 00 00 00 00 00 00 00 00 00 80 00 00 00 80 00 00 00 00 10 2e 00 00 00 00 00 00 00 00 00 00 00 00 00 00 00 00 00 00
  345.5346  #1375   len=64   01 80 80 80 80 0f 00 00 00 00 00 00 00 00 00 00 00 00 00 00 00 00 00 00 00 01 00 00 00 00 00 00 00 00 00 80 00 00 00 80 00 00 00 00 0d 2e 00 00 00 00 00 00 00 00 00 00 00 00 00 00 00 00 00 00
  345.5466  #1376   len=64   01 80 80 80 80 0f 00 00 00 00 00 00 00 00 00 00 00 00 00 00 00 00 00 00 00 01 00 00 00 00 00 00 00 00 00 80 00 00 00 80 00 00 00 00 09 2e 00 00 00 00 00 00 00 00 00 00 00 00 00 00 00 00 00 00
  345.5506  #1377   len=64   01 80 80 80 80 0f 00 00 00 00 00 00 00 00 00 00 00 00 00 00 00 00 00 00 00 01 00 00 00 00 00 00 00 00 00 80 00 00 00 80 00 00 00 00 04 2e 00 00 00 00 00 00 00 00 00 00 00 00 00 00 00 00 00 00
  345.5625  #1378   len=64   01 80 80 80 80 0f 00 00 00 00 00 00 00 00 00 00 00 00 00 00 00 00 00 00 00 01 00 00 00 00 00 00 00 00 00 80 00 00 00 80 00 00 00 00 01 2e 00 00 00 00 00 00 00 00 00 00 00 00 00 00 00 00 00 00
  345.5666  #1379   len=64   01 80 80 80 80 0f 00 00 00 00 00 00 00 00 00 00 00 00 00 00 00 00 00 00 00 01 00 00 00 00 00 00 00 00 00 80 00 00 00 80 00 00 00 00 00 2e 00 00 00 00 00 00 00 00 00 00 00 00 00 00 00 00 00 00
  345.7106  #1380   len=64   01 80 80 80 80 0f 00 00 00 00 00 00 00 00 00 00 00 00 00 00 00 00 00 00 00 01 00 00 00 00 00 00 00 00 00 80 00 00 00 80 00 00 00 00 00 15 00 00 00 00 00 00 00 00 00 00 00 00 00 00 00 00 00 00
  345.9106  #1381   len=64   01 80 80 80 80 0f 00 00 00 00 00 00 00 00 00 00 00 00 00 00 00 00 00 00 00 01 00 00 00 00 00 00 00 00 00 80 00 00 00 80 00 00 00 00 00 00 00 00 00 00 00 00 00 00 00 00 00 00 00 00 00 00 00 00
  414.3146  #1382   len=64   01 80 80 80 80 0f 00 00 00 00 00 00 00 00 00 00 00 00 00 00 00 00 00 00 00 01 00 00 00 00 00 00 00 00 00 80 00 00 00 80 00 00 00 00 00 19 00 00 00 00 00 00 00 00 00 00 00 00 00 00 00 00 00 00
  414.5146  #1383   len=64   01 80 80 80 80 0f 00 00 00 00 00 00 00 00 00 00 00 00 00 00 00 00 00 00 00 01 00 00 00 00 00 00 00 00 00 80 00 00 00 80 00 00 00 00 00 00 00 00 00 00 00 00 00 00 00 00 00 00 00 00 00 00 00 00
  934.3584  #1384   len=64   01 80 80 80 80 0f 00 00 00 00 00 00 00 00 00 00 00 00 00 00 00 00 00 00 00 01 00 00 00 00 00 00 00 00 00 80 00 00 00 80 00 00 00 00 00 08 00 00 00 00 00 00 00 00 00 00 00 00 00 00 00 00 00 00
  934.7584  #1385   len=64   01 80 80 80 80 0f 00 00 00 00 00 00 00 00 00 00 00 00 00 00 00 00 00 00 00 01 00 00 00 00 00 00 00 00 00 80 00 00 00 80 00 00 00 00 00 00 00 00 00 00 00 00 00 00 00 00 00 00 00 00 00 00 00 00
 1317.0264  #1386   len=64   01 80 80 80 80 4f 00 00 00 00 00 00 00 00 00 00 00 00 00 00 00 00 00 00 00 01 00 00 00 00 00 00 00 00 00 80 00 00 00 80 00 00 00 00 00 00 02 00 00 00 00 00 00 00 00 00 00 00 00 00 00 00 00 00
 1317.3704  #1387   len=64   01 80 80 80 80 0f 00 00 00 00 00 00 00 00 00 00 00 00 00 00 00 00 00 00 00 01 00 00 00 00 00 00 00 00 00 80 00 00 00 80 00 00 00 00 00 00 00 00 00 00 00 00 00 00 00 00 00 00 00 00 00 00 00 00
 1317.4823  #1388   len=64   01 80 80 80 80 00 00 00 00 00 00 00 00 00 00 00 00 00 00 00 00 00 00 00 00 01 00 00 00 00 00 00 00 00 00 80 00 00 00 80 00 00 00 00 00 00 00 00 00 00 00 00 00 00 00 00 00 00 00 00 00 00 00 00
 1318.5424  #1389   len=64   01 80 80 80 80 0f 00 00 00 00 00 00 00 00 00 00 00 00 00 00 00 00 00 00 00 01 00 00 00 00 00 00 00 00 00 80 00 00 00 80 00 00 00 00 00 00 00 00 00 00 00 00 00 00 00 00 00 00 00 00 00 00 00 00
 1318.5864  #1390   len=64   01 80 80 80 80 0f 00 00 00 00 00 00 00 00 00 00 00 00 00 00 00 00 00 00 00 01 00 00 00 00 00 00 00 00 00 80 00 00 00 80 00 00 00 00 00 19 00 00 00 00 00 00 00 00 00 00 00 00 00 00 00 00 00 00
 1318.7863  #1391   len=64   01 80 80 80 80 0f 00 00 00 00 00 00 00 00 00 00 00 00 00 00 00 00 00 00 00 01 00 00 00 00 00 00 00 00 00 80 00 00 00 80 00 00 00 00 00 2e 00 00 00 00 00 00 00 00 00 00 00 00 00 00 00 00 00 00
 1318.9863  #1392   len=64   01 80 80 80 80 0f 00 00 00 00 00 00 00 00 00 00 00 00 00 00 00 00 00 00 00 01 00 00 00 00 00 00 00 00 00 80 00 00 00 80 00 00 00 00 00 59 00 00 00 00 00 00 00 00 00 00 00 00 00 00 00 00 00 00
 1319.3863  #1393   len=64   01 80 80 80 80 0f 00 00 00 00 00 00 00 00 00 00 00 00 00 00 00 00 00 00 00 01 00 00 00 00 00 00 00 00 00 80 00 00 00 80 00 00 00 00 00 c3 00 00 00 00 00 00 00 00 00 00 00 00 00 00 00 00 00 00
 1319.5863  #1394   len=64   01 80 80 80 80 0f 00 00 00 00 00 00 00 00 00 00 00 00 00 00 00 00 00 00 00 01 00 00 00 00 00 00 00 00 00 80 00 00 00 80 00 00 00 00 00 72 00 00 00 00 00 00 00 00 00 00 00 00 00 00 00 00 00 00
 1319.7863  #1395   len=64   01 80 80 80 80 0f 00 00 00 00 00 00 00 00 00 00 00 00 00 00 00 00 00 00 00 01 00 00 00 00 00 00 00 00 00 80 00 00 00 80 00 00 00 00 00 7f 00 00 00 00 00 00 00 00 00 00 00 00 00 00 00 00 00 00
 1319.9864  #1396   len=64   01 80 80 80 80 0f 00 00 00 00 00 00 00 00 00 00 00 00 00 00 00 00 00 00 00 01 00 00 00 00 00 00 00 00 00 80 00 00 00 80 00 00 00 00 00 94 00 00 00 00 00 00 00 00 00 00 00 00 00 00 00 00 00 00
 1320.1863  #1397   len=64   01 80 80 80 80 0f 00 00 00 00 00 00 00 00 00 00 00 00 00 00 00 00 00 00 00 01 00 00 00 00 00 00 00 00 00 80 00 00 00 80 00 00 00 00 00 7f 00 00 00 00 00 00 00 00 00 00 00 00 00 00 00 00 00 00
 1320.3863  #1398   len=64   01 80 80 80 80 0f 00 00 00 00 00 00 00 00 00 00 00 00 00 00 00 00 00 00 00 01 00 00 00 00 00 00 00 00 00 80 00 00 00 80 00 00 00 00 00 15 00 00 00 00 00 00 00 00 00 00 00 00 00 00 00 00 00 00
 1320.5863  #1399   len=64   01 80 80 80 80 0f 00 00 00 00 00 00 00 00 00 00 00 00 00 00 00 00 00 00 00 01 00 00 00 00 00 00 00 00 00 80 00 00 00 80 00 00 00 00 00 0c 00 00 00 00 00 00 00 00 00 00 00 00 00 00 00 00 00 00
 1320.7864  #1400   len=64   01 80 80 80 80 0f 00 00 00 00 00 00 00 00 00 00 00 00 00 00 00 00 00 00 00 01 00 00 00 00 00 00 00 00 00 80 00 00 00 80 00 00 00 00 00 15 00 00 00 00 00 00 00 00 00 00 00 00 00 00 00 00 00 00
 1320.9865  #1401   len=64   01 80 80 80 80 0f 00 00 00 00 00 00 00 00 00 00 00 00 00 00 00 00 00 00 00 01 00 00 00 00 00 00 00 00 00 80 00 00 00 80 00 00 00 00 00 04 00 00 00 00 00 00 00 00 00 00 00 00 00 00 00 00 00 00
 1414.3984  #1402   len=64   01 80 80 80 80 0f 00 00 00 00 00 00 00 00 00 00 00 00 00 00 00 00 00 00 00 01 00 00 00 00 00 00 00 00 00 80 00 00 00 80 00 00 00 00 00 00 00 00 00 00 00 00 00 00 00 00 00 00 00 00 00 00 00 00
